[16:56:22] [ServerMain/INFO]: [bootstrap] Running Java 21 (OpenJDK 64-Bit Server VM 21.0.9+10-Ubuntu-124.04; Ubuntu null) on Linux 6.8.0-1030-azure (amd64)
[16:56:22] [ServerMain/INFO]: [bootstrap] Loading Paper 1.21.10-117-ver/1.21.10@df4b668 (2025-11-30T22:37:28Z) for Minecraft 1.21.10
[16:56:22] [ServerMain/INFO]: [PluginInitializerManager] Initializing plugins...
[16:56:39] [ServerMain/INFO]: [PluginInitializerManager] Initialized 62 plugins
[16:56:39] [ServerMain/INFO]: [PluginInitializerManager] Paper plugins (5):
 - AdvancedKits (1.21.29), EconomyShopGUI (6.16.2), FancyNpcs (2.9.1), MiniMOTD (2.2.2), nightcore (2.11.0)
[16:56:39] [ServerMain/INFO]: [PluginInitializerManager] Bukkit plugins (57):
 - AdvancedEnchantments (9.22.7), AnimaBossBar (${project.version}), Annoncement (3.0), AxRewards (3.7.0), AxSellwands (1.12.0), BattlePass (5.0.3), CommandPanels (3.23.4), DeepVoid (2.22.0), DeluxeMenus (1.14.1-Release), EcoArmor (8.78.0), EcoItems (5.66.0), EcoJobs (3.72.0), EcoMobs (10.24.0), EcoPets (2.77.1), EcoSkills (3.67.1), EconomyX (2.8.3-FINAL), Essentials (2.22.0-dev+57-7775662), EssentialsChat (2.22.0-dev+57-7775662), EssentialsSpawn (2.22.0-dev+57-7775662), ExcellentCrates (6.6.1), ExecutableItems (7.26.2.3), GHolo (2.2.6), InfiniteGUI (1.1.10), ItemEdit (3.7.8), LuckPerms (5.5.0), MobsToEggs (1.7.22), ModelEngine (R4.0.9), Multiverse-Core (5.3.0), MythicMobs (5.11.0-SNAPSHOT-b95565d9), Ouranos (1.1.11), PinataParty (2.69.3), PlaceholderAPI (2.11.6), PlayerVaults (3.6.0-bSNAPSHOT), ProtectionStones (2.10.5), ProtocolLib (5.4.0), Rankup (3.15.2), RavenWelcome (1.0), RealMines (1.8.8), RealScoreboard (1.5.7), SCore (5.26.2.3), Shopkeepers (2.25.0), Simple_RTP (1.0.2-BETA), SkinsRestorer (15.10.0), Skulls (3.28.0), SpawnerMeta (25.5), TAB (5.4.0), Talismans (6.77.0), Vault (1.7.3-b131), VoidTeleport (2.4.5), VotifierPlus (1.4.3), WorldEdit (7.3.18+7298-4383852), WorldGuard (7.0.14+2339-43997ec), XVaults (2.1.2), eco (6.77.2), nLogin (2.0.11), zAuctionHouseV3 (3.2.4.0), zMenu (1.1.0.7)
[16:56:47] [ServerMain/INFO]: Environment: Environment[sessionHost=https://sessionserver.mojang.com, servicesHost=https://api.minecraftservices.com, profilesHost=https://api.mojang.com, name=PROD]
[16:56:51] [ServerMain/INFO]: Loaded 1461 recipes
[16:56:51] [ServerMain/INFO]: Loaded 1574 advancements
[16:56:51] [ServerMain/INFO]: [ca.spottedleaf.dataconverter.minecraft.datatypes.MCTypeRegistry] Initialising converters for DataConverter...
[16:56:52] [ServerMain/INFO]: [ca.spottedleaf.dataconverter.minecraft.datatypes.MCTypeRegistry] Finished initialising converters for DataConverter in 891.9ms
[16:56:52] [Server thread/INFO]: Starting minecraft server version 1.21.10
[16:56:52] [Server thread/INFO]: Loading properties
[16:56:52] [Server thread/INFO]: This server is running Paper version 1.21.10-117-ver/1.21.10@df4b668 (2025-11-30T22:37:28Z) (Implementing API version 1.21.10-R0.1-SNAPSHOT)
[16:56:53] [Server thread/INFO]: [spark] This server bundles the spark profiler. For more information please visit https://docs.papermc.io/paper/profiling
[16:56:53] [Server thread/INFO]: Server Ping Player Sample Count: 12
[16:56:53] [Server thread/INFO]: Using 4 threads for Netty based IO
[16:56:53] [Server thread/INFO]: [MoonriseCommon] Paper is using 1 worker threads, 1 I/O threads
[16:56:53] [Server thread/INFO]: Default game type: SURVIVAL
[16:56:53] [Server thread/INFO]: Generating keypair
[16:56:54] [Server thread/INFO]: Starting Minecraft server on *:25565
[16:56:54] [Server thread/INFO]: Using epoll channel type
[16:56:54] [Server thread/INFO]: Paper: Using libdeflate (Linux x86_64) compression from Velocity.
[16:56:54] [Server thread/INFO]: Paper: Using OpenSSL 3.x.x (Linux x86_64) cipher from Velocity.
[16:56:54] [Server thread/INFO]: [SpigotLibraryLoader] [MythicMobs] Loading 4 libraries... please wait
[16:56:54] [Server thread/INFO]: [SpigotLibraryLoader] [MythicMobs] Loaded library /workspaces/Solarking-network/servidor_minecraft/libraries/net/kyori/adventure-api/4.16.0/adventure-api-4.16.0.jar
[16:56:54] [Server thread/INFO]: [SpigotLibraryLoader] [MythicMobs] Loaded library /workspaces/Solarking-network/servidor_minecraft/libraries/net/kyori/adventure-key/4.16.0/adventure-key-4.16.0.jar
[16:56:54] [Server thread/INFO]: [SpigotLibraryLoader] [MythicMobs] Loaded library /workspaces/Solarking-network/servidor_minecraft/libraries/net/kyori/examination-api/1.3.0/examination-api-1.3.0.jar
[16:56:54] [Server thread/INFO]: [SpigotLibraryLoader] [MythicMobs] Loaded library /workspaces/Solarking-network/servidor_minecraft/libraries/net/kyori/examination-string/1.3.0/examination-string-1.3.0.jar
[16:56:54] [Server thread/INFO]: [SpigotLibraryLoader] [MythicMobs] Loaded library /workspaces/Solarking-network/servidor_minecraft/libraries/org/jetbrains/annotations/24.1.0/annotations-24.1.0.jar
[16:56:54] [Server thread/INFO]: [SpigotLibraryLoader] [MythicMobs] Loaded library /workspaces/Solarking-network/servidor_minecraft/libraries/net/kyori/adventure-platform-bukkit/4.3.2/adventure-platform-bukkit-4.3.2.jar
[16:56:54] [Server thread/INFO]: [SpigotLibraryLoader] [MythicMobs] Loaded library /workspaces/Solarking-network/servidor_minecraft/libraries/net/kyori/adventure-platform-api/4.3.2/adventure-platform-api-4.3.2.jar
[16:56:54] [Server thread/INFO]: [SpigotLibraryLoader] [MythicMobs] Loaded library /workspaces/Solarking-network/servidor_minecraft/libraries/net/kyori/adventure-text-serializer-bungeecord/4.3.2/adventure-text-serializer-bungeecord-4.3.2.jar
[16:56:55] [Server thread/INFO]: [SpigotLibraryLoader] [MythicMobs] Loaded library /workspaces/Solarking-network/servidor_minecraft/libraries/net/kyori/adventure-text-serializer-legacy/4.13.1/adventure-text-serializer-legacy-4.13.1.jar
[16:56:55] [Server thread/INFO]: [SpigotLibraryLoader] [MythicMobs] Loaded library /workspaces/Solarking-network/servidor_minecraft/libraries/net/kyori/adventure-nbt/4.13.1/adventure-nbt-4.13.1.jar
[16:56:55] [Server thread/INFO]: [SpigotLibraryLoader] [MythicMobs] Loaded library /workspaces/Solarking-network/servidor_minecraft/libraries/net/kyori/adventure-text-serializer-gson-legacy-impl/4.13.1/adventure-text-serializer-gson-legacy-impl-4.13.1.jar
[16:56:55] [Server thread/INFO]: [SpigotLibraryLoader] [MythicMobs] Loaded library /workspaces/Solarking-network/servidor_minecraft/libraries/net/kyori/adventure-platform-facet/4.3.2/adventure-platform-facet-4.3.2.jar
[16:56:55] [Server thread/INFO]: [SpigotLibraryLoader] [MythicMobs] Loaded library /workspaces/Solarking-network/servidor_minecraft/libraries/net/kyori/adventure-platform-viaversion/4.3.2/adventure-platform-viaversion-4.3.2.jar
[16:56:55] [Server thread/INFO]: [SpigotLibraryLoader] [MythicMobs] Loaded library /workspaces/Solarking-network/servidor_minecraft/libraries/net/kyori/adventure-text-minimessage/4.16.0/adventure-text-minimessage-4.16.0.jar
[16:56:55] [Server thread/INFO]: [SpigotLibraryLoader] [MythicMobs] Loaded library /workspaces/Solarking-network/servidor_minecraft/libraries/net/kyori/adventure-text-serializer-gson/4.16.0/adventure-text-serializer-gson-4.16.0.jar
[16:56:55] [Server thread/INFO]: [SpigotLibraryLoader] [MythicMobs] Loaded library /workspaces/Solarking-network/servidor_minecraft/libraries/net/kyori/adventure-text-serializer-json/4.16.0/adventure-text-serializer-json-4.16.0.jar
[16:56:55] [Server thread/INFO]: [SpigotLibraryLoader] [MythicMobs] Loaded library /workspaces/Solarking-network/servidor_minecraft/libraries/net/kyori/option/1.0.0/option-1.0.0.jar
[16:56:55] [Server thread/INFO]: [SpigotLibraryLoader] [MythicMobs] Loaded library /workspaces/Solarking-network/servidor_minecraft/libraries/com/google/code/gson/gson/2.8.0/gson-2.8.0.jar
[16:56:55] [Server thread/INFO]: [SpigotLibraryLoader] [ModelEngine] Loading 3 libraries... please wait
[16:56:55] [Server thread/INFO]: [SpigotLibraryLoader] [ModelEngine] Loaded library /workspaces/Solarking-network/servidor_minecraft/libraries/net/kyori/adventure-api/4.14.0/adventure-api-4.14.0.jar
[16:56:55] [Server thread/INFO]: [SpigotLibraryLoader] [ModelEngine] Loaded library /workspaces/Solarking-network/servidor_minecraft/libraries/net/kyori/adventure-key/4.14.0/adventure-key-4.14.0.jar
[16:56:55] [Server thread/INFO]: [SpigotLibraryLoader] [ModelEngine] Loaded library /workspaces/Solarking-network/servidor_minecraft/libraries/net/kyori/examination-api/1.3.0/examination-api-1.3.0.jar
[16:56:55] [Server thread/INFO]: [SpigotLibraryLoader] [ModelEngine] Loaded library /workspaces/Solarking-network/servidor_minecraft/libraries/net/kyori/examination-string/1.3.0/examination-string-1.3.0.jar
[16:56:55] [Server thread/INFO]: [SpigotLibraryLoader] [ModelEngine] Loaded library /workspaces/Solarking-network/servidor_minecraft/libraries/org/jetbrains/annotations/24.0.1/annotations-24.0.1.jar
[16:56:55] [Server thread/INFO]: [SpigotLibraryLoader] [ModelEngine] Loaded library /workspaces/Solarking-network/servidor_minecraft/libraries/net/kyori/adventure-text-serializer-gson/4.14.0/adventure-text-serializer-gson-4.14.0.jar
[16:56:55] [Server thread/INFO]: [SpigotLibraryLoader] [ModelEngine] Loaded library /workspaces/Solarking-network/servidor_minecraft/libraries/net/kyori/adventure-text-serializer-json/4.14.0/adventure-text-serializer-json-4.14.0.jar
[16:56:55] [Server thread/INFO]: [SpigotLibraryLoader] [ModelEngine] Loaded library /workspaces/Solarking-network/servidor_minecraft/libraries/com/google/code/gson/gson/2.8.0/gson-2.8.0.jar
[16:56:55] [Server thread/INFO]: [SpigotLibraryLoader] [ModelEngine] Loaded library /workspaces/Solarking-network/servidor_minecraft/libraries/net/kyori/adventure-text-serializer-bungeecord/4.3.0/adventure-text-serializer-bungeecord-4.3.0.jar
[16:56:55] [Server thread/INFO]: [SpigotLibraryLoader] [ModelEngine] Loaded library /workspaces/Solarking-network/servidor_minecraft/libraries/net/kyori/adventure-text-serializer-legacy/4.13.0/adventure-text-serializer-legacy-4.13.0.jar
[16:56:55] [Server thread/INFO]: [SpigotLibraryLoader] [SCore] Loading 1 libraries... please wait
[16:56:56] [Server thread/INFO]: [SpigotLibraryLoader] [SCore] Loaded library /workspaces/Solarking-network/servidor_minecraft/libraries/io/netty/netty-all/4.1.118.Final/netty-all-4.1.118.Final.jar
[16:56:56] [Server thread/INFO]: [SpigotLibraryLoader] [SCore] Loaded library /workspaces/Solarking-network/servidor_minecraft/libraries/io/netty/netty-buffer/4.1.118.Final/netty-buffer-4.1.118.Final.jar
[16:56:56] [Server thread/INFO]: [SpigotLibraryLoader] [SCore] Loaded library /workspaces/Solarking-network/servidor_minecraft/libraries/io/netty/netty-codec/4.1.118.Final/netty-codec-4.1.118.Final.jar
[16:56:56] [Server thread/INFO]: [SpigotLibraryLoader] [SCore] Loaded library /workspaces/Solarking-network/servidor_minecraft/libraries/io/netty/netty-codec-dns/4.1.118.Final/netty-codec-dns-4.1.118.Final.jar
[16:56:56] [Server thread/INFO]: [SpigotLibraryLoader] [SCore] Loaded library /workspaces/Solarking-network/servidor_minecraft/libraries/io/netty/netty-codec-haproxy/4.1.118.Final/netty-codec-haproxy-4.1.118.Final.jar
[16:56:56] [Server thread/INFO]: [SpigotLibraryLoader] [SCore] Loaded library /workspaces/Solarking-network/servidor_minecraft/libraries/io/netty/netty-codec-http/4.1.118.Final/netty-codec-http-4.1.118.Final.jar
[16:56:56] [Server thread/INFO]: [SpigotLibraryLoader] [SCore] Loaded library /workspaces/Solarking-network/servidor_minecraft/libraries/io/netty/netty-codec-http2/4.1.118.Final/netty-codec-http2-4.1.118.Final.jar
[16:56:56] [Server thread/INFO]: [SpigotLibraryLoader] [SCore] Loaded library /workspaces/Solarking-network/servidor_minecraft/libraries/io/netty/netty-codec-memcache/4.1.118.Final/netty-codec-memcache-4.1.118.Final.jar
[16:56:56] [Server thread/INFO]: [SpigotLibraryLoader] [SCore] Loaded library /workspaces/Solarking-network/servidor_minecraft/libraries/io/netty/netty-codec-mqtt/4.1.118.Final/netty-codec-mqtt-4.1.118.Final.jar
[16:56:56] [Server thread/INFO]: [SpigotLibraryLoader] [SCore] Loaded library /workspaces/Solarking-network/servidor_minecraft/libraries/io/netty/netty-codec-redis/4.1.118.Final/netty-codec-redis-4.1.118.Final.jar
[16:56:56] [Server thread/INFO]: [SpigotLibraryLoader] [SCore] Loaded library /workspaces/Solarking-network/servidor_minecraft/libraries/io/netty/netty-codec-smtp/4.1.118.Final/netty-codec-smtp-4.1.118.Final.jar
[16:56:56] [Server thread/INFO]: [SpigotLibraryLoader] [SCore] Loaded library /workspaces/Solarking-network/servidor_minecraft/libraries/io/netty/netty-codec-socks/4.1.118.Final/netty-codec-socks-4.1.118.Final.jar
[16:56:56] [Server thread/INFO]: [SpigotLibraryLoader] [SCore] Loaded library /workspaces/Solarking-network/servidor_minecraft/libraries/io/netty/netty-codec-stomp/4.1.118.Final/netty-codec-stomp-4.1.118.Final.jar
[16:56:56] [Server thread/INFO]: [SpigotLibraryLoader] [SCore] Loaded library /workspaces/Solarking-network/servidor_minecraft/libraries/io/netty/netty-codec-xml/4.1.118.Final/netty-codec-xml-4.1.118.Final.jar
[16:56:56] [Server thread/INFO]: [SpigotLibraryLoader] [SCore] Loaded library /workspaces/Solarking-network/servidor_minecraft/libraries/io/netty/netty-common/4.1.118.Final/netty-common-4.1.118.Final.jar
[16:56:56] [Server thread/INFO]: [SpigotLibraryLoader] [SCore] Loaded library /workspaces/Solarking-network/servidor_minecraft/libraries/io/netty/netty-handler/4.1.118.Final/netty-handler-4.1.118.Final.jar
[16:56:56] [Server thread/INFO]: [SpigotLibraryLoader] [SCore] Loaded library /workspaces/Solarking-network/servidor_minecraft/libraries/io/netty/netty-transport-native-unix-common/4.1.118.Final/netty-transport-native-unix-common-4.1.118.Final.jar
[16:56:56] [Server thread/INFO]: [SpigotLibraryLoader] [SCore] Loaded library /workspaces/Solarking-network/servidor_minecraft/libraries/io/netty/netty-handler-proxy/4.1.118.Final/netty-handler-proxy-4.1.118.Final.jar
[16:56:56] [Server thread/INFO]: [SpigotLibraryLoader] [SCore] Loaded library /workspaces/Solarking-network/servidor_minecraft/libraries/io/netty/netty-handler-ssl-ocsp/4.1.118.Final/netty-handler-ssl-ocsp-4.1.118.Final.jar
[16:56:56] [Server thread/INFO]: [SpigotLibraryLoader] [SCore] Loaded library /workspaces/Solarking-network/servidor_minecraft/libraries/io/netty/netty-resolver/4.1.118.Final/netty-resolver-4.1.118.Final.jar
[16:56:56] [Server thread/INFO]: [SpigotLibraryLoader] [SCore] Loaded library /workspaces/Solarking-network/servidor_minecraft/libraries/io/netty/netty-resolver-dns/4.1.118.Final/netty-resolver-dns-4.1.118.Final.jar
[16:56:56] [Server thread/INFO]: [SpigotLibraryLoader] [SCore] Loaded library /workspaces/Solarking-network/servidor_minecraft/libraries/io/netty/netty-transport/4.1.118.Final/netty-transport-4.1.118.Final.jar
[16:56:56] [Server thread/INFO]: [SpigotLibraryLoader] [SCore] Loaded library /workspaces/Solarking-network/servidor_minecraft/libraries/io/netty/netty-transport-rxtx/4.1.118.Final/netty-transport-rxtx-4.1.118.Final.jar
[16:56:56] [Server thread/INFO]: [SpigotLibraryLoader] [SCore] Loaded library /workspaces/Solarking-network/servidor_minecraft/libraries/io/netty/netty-transport-sctp/4.1.118.Final/netty-transport-sctp-4.1.118.Final.jar
[16:56:56] [Server thread/INFO]: [SpigotLibraryLoader] [SCore] Loaded library /workspaces/Solarking-network/servidor_minecraft/libraries/io/netty/netty-transport-udt/4.1.118.Final/netty-transport-udt-4.1.118.Final.jar
[16:56:56] [Server thread/INFO]: [SpigotLibraryLoader] [SCore] Loaded library /workspaces/Solarking-network/servidor_minecraft/libraries/io/netty/netty-transport-classes-epoll/4.1.118.Final/netty-transport-classes-epoll-4.1.118.Final.jar
[16:56:56] [Server thread/INFO]: [SpigotLibraryLoader] [SCore] Loaded library /workspaces/Solarking-network/servidor_minecraft/libraries/io/netty/netty-transport-classes-kqueue/4.1.118.Final/netty-transport-classes-kqueue-4.1.118.Final.jar
[16:56:56] [Server thread/INFO]: [SpigotLibraryLoader] [SCore] Loaded library /workspaces/Solarking-network/servidor_minecraft/libraries/io/netty/netty-resolver-dns-classes-macos/4.1.118.Final/netty-resolver-dns-classes-macos-4.1.118.Final.jar
[16:56:56] [Server thread/INFO]: [SpigotLibraryLoader] [SCore] Loaded library /workspaces/Solarking-network/servidor_minecraft/libraries/io/netty/netty-transport-native-epoll/4.1.118.Final/netty-transport-native-epoll-4.1.118.Final-linux-x86_64.jar
[16:56:56] [Server thread/INFO]: [SpigotLibraryLoader] [SCore] Loaded library /workspaces/Solarking-network/servidor_minecraft/libraries/io/netty/netty-transport-native-epoll/4.1.118.Final/netty-transport-native-epoll-4.1.118.Final-linux-aarch_64.jar
[16:56:56] [Server thread/INFO]: [SpigotLibraryLoader] [SCore] Loaded library /workspaces/Solarking-network/servidor_minecraft/libraries/io/netty/netty-transport-native-epoll/4.1.118.Final/netty-transport-native-epoll-4.1.118.Final-linux-riscv64.jar
[16:56:56] [Server thread/INFO]: [SpigotLibraryLoader] [SCore] Loaded library /workspaces/Solarking-network/servidor_minecraft/libraries/io/netty/netty-transport-native-kqueue/4.1.118.Final/netty-transport-native-kqueue-4.1.118.Final-osx-x86_64.jar
[16:56:56] [Server thread/INFO]: [SpigotLibraryLoader] [SCore] Loaded library /workspaces/Solarking-network/servidor_minecraft/libraries/io/netty/netty-transport-native-kqueue/4.1.118.Final/netty-transport-native-kqueue-4.1.118.Final-osx-aarch_64.jar
[16:56:56] [Server thread/INFO]: [SpigotLibraryLoader] [SCore] Loaded library /workspaces/Solarking-network/servidor_minecraft/libraries/io/netty/netty-resolver-dns-native-macos/4.1.118.Final/netty-resolver-dns-native-macos-4.1.118.Final-osx-x86_64.jar
[16:56:56] [Server thread/INFO]: [SpigotLibraryLoader] [SCore] Loaded library /workspaces/Solarking-network/servidor_minecraft/libraries/io/netty/netty-resolver-dns-native-macos/4.1.118.Final/netty-resolver-dns-native-macos-4.1.118.Final-osx-aarch_64.jar
[16:56:57] [Server thread/INFO]: [eco] Initializing eco
[16:56:58] [Server thread/INFO]: [SpigotLibraryLoader] [ItemEdit] Loading 5 libraries... please wait
[16:56:58] [Server thread/INFO]: [SpigotLibraryLoader] [ItemEdit] Loaded library /workspaces/Solarking-network/servidor_minecraft/libraries/net/kyori/adventure-api/4.20.0/adventure-api-4.20.0.jar
[16:56:58] [Server thread/INFO]: [SpigotLibraryLoader] [ItemEdit] Loaded library /workspaces/Solarking-network/servidor_minecraft/libraries/net/kyori/adventure-key/4.20.0/adventure-key-4.20.0.jar
[16:56:58] [Server thread/INFO]: [SpigotLibraryLoader] [ItemEdit] Loaded library /workspaces/Solarking-network/servidor_minecraft/libraries/net/kyori/examination-api/1.3.0/examination-api-1.3.0.jar
[16:56:58] [Server thread/INFO]: [SpigotLibraryLoader] [ItemEdit] Loaded library /workspaces/Solarking-network/servidor_minecraft/libraries/net/kyori/examination-string/1.3.0/examination-string-1.3.0.jar
[16:56:58] [Server thread/INFO]: [SpigotLibraryLoader] [ItemEdit] Loaded library /workspaces/Solarking-network/servidor_minecraft/libraries/org/jetbrains/annotations/26.0.2/annotations-26.0.2.jar
[16:56:58] [Server thread/INFO]: [SpigotLibraryLoader] [ItemEdit] Loaded library /workspaces/Solarking-network/servidor_minecraft/libraries/net/kyori/adventure-platform-bukkit/4.3.4/adventure-platform-bukkit-4.3.4.jar
[16:56:58] [Server thread/INFO]: [SpigotLibraryLoader] [ItemEdit] Loaded library /workspaces/Solarking-network/servidor_minecraft/libraries/net/kyori/adventure-platform-api/4.3.4/adventure-platform-api-4.3.4.jar
[16:56:58] [Server thread/INFO]: [SpigotLibraryLoader] [ItemEdit] Loaded library /workspaces/Solarking-network/servidor_minecraft/libraries/net/kyori/adventure-text-serializer-bungeecord/4.3.4/adventure-text-serializer-bungeecord-4.3.4.jar
[16:56:58] [Server thread/INFO]: [SpigotLibraryLoader] [ItemEdit] Loaded library /workspaces/Solarking-network/servidor_minecraft/libraries/net/kyori/adventure-nbt/4.13.1/adventure-nbt-4.13.1.jar
[16:56:58] [Server thread/INFO]: [SpigotLibraryLoader] [ItemEdit] Loaded library /workspaces/Solarking-network/servidor_minecraft/libraries/net/kyori/adventure-text-serializer-gson-legacy-impl/4.13.1/adventure-text-serializer-gson-legacy-impl-4.13.1.jar
[16:56:58] [Server thread/INFO]: [SpigotLibraryLoader] [ItemEdit] Loaded library /workspaces/Solarking-network/servidor_minecraft/libraries/net/kyori/adventure-platform-facet/4.3.4/adventure-platform-facet-4.3.4.jar
[16:56:58] [Server thread/INFO]: [SpigotLibraryLoader] [ItemEdit] Loaded library /workspaces/Solarking-network/servidor_minecraft/libraries/net/kyori/adventure-platform-viaversion/4.3.4/adventure-platform-viaversion-4.3.4.jar
[16:56:58] [Server thread/INFO]: [SpigotLibraryLoader] [ItemEdit] Loaded library /workspaces/Solarking-network/servidor_minecraft/libraries/net/kyori/adventure-text-minimessage/4.20.0/adventure-text-minimessage-4.20.0.jar
[16:56:58] [Server thread/INFO]: [SpigotLibraryLoader] [ItemEdit] Loaded library /workspaces/Solarking-network/servidor_minecraft/libraries/net/kyori/adventure-text-serializer-gson/4.20.0/adventure-text-serializer-gson-4.20.0.jar
[16:56:58] [Server thread/INFO]: [SpigotLibraryLoader] [ItemEdit] Loaded library /workspaces/Solarking-network/servidor_minecraft/libraries/net/kyori/adventure-text-serializer-json/4.20.0/adventure-text-serializer-json-4.20.0.jar
[16:56:58] [Server thread/INFO]: [SpigotLibraryLoader] [ItemEdit] Loaded library /workspaces/Solarking-network/servidor_minecraft/libraries/net/kyori/option/1.1.0/option-1.1.0.jar
[16:56:58] [Server thread/INFO]: [SpigotLibraryLoader] [ItemEdit] Loaded library /workspaces/Solarking-network/servidor_minecraft/libraries/org/jspecify/jspecify/1.0.0/jspecify-1.0.0.jar
[16:56:58] [Server thread/INFO]: [SpigotLibraryLoader] [ItemEdit] Loaded library /workspaces/Solarking-network/servidor_minecraft/libraries/com/google/code/gson/gson/2.8.0/gson-2.8.0.jar
[16:56:58] [Server thread/INFO]: [SpigotLibraryLoader] [ItemEdit] Loaded library /workspaces/Solarking-network/servidor_minecraft/libraries/com/google/auto/service/auto-service-annotations/1.1.1/auto-service-annotations-1.1.1.jar
[16:56:58] [Server thread/INFO]: [SpigotLibraryLoader] [ItemEdit] Loaded library /workspaces/Solarking-network/servidor_minecraft/libraries/net/kyori/adventure-text-serializer-commons/4.20.0/adventure-text-serializer-commons-4.20.0.jar
[16:56:58] [Server thread/INFO]: [SpigotLibraryLoader] [ItemEdit] Loaded library /workspaces/Solarking-network/servidor_minecraft/libraries/net/kyori/adventure-text-serializer-legacy/4.20.0/adventure-text-serializer-legacy-4.20.0.jar
[16:56:58] [Server thread/INFO]: [SpigotLibraryLoader] [zMenu] Loading 1 libraries... please wait
[16:56:58] [Server thread/INFO]: [SpigotLibraryLoader] [zMenu] Loaded library /workspaces/Solarking-network/servidor_minecraft/libraries/org/mariadb/jdbc/mariadb-java-client/3.5.6/mariadb-java-client-3.5.6.jar
[16:56:58] [Server thread/INFO]: [EcoItems] Initializing EcoItems
[16:56:59] [Server thread/INFO]: [EcoJobs] Initializing EcoJobs
[16:56:59] [Server thread/INFO]: [SpigotLibraryLoader] [zAuctionHouseV3] Loading 1 libraries... please wait
[16:56:59] [Server thread/INFO]: [SpigotLibraryLoader] [zAuctionHouseV3] Loaded library /workspaces/Solarking-network/servidor_minecraft/libraries/org/mariadb/jdbc/mariadb-java-client/3.5.6/mariadb-java-client-3.5.6.jar
[16:57:01] [Server thread/WARN]: [org.bukkit.craftbukkit.legacy.CraftLegacy] Initializing Legacy Material Support. Unless you have legacy plugins and/or data this is a bug!
[16:57:14] [Server thread/WARN]: Legacy plugin EconomyX v2.8.3-FINAL does not specify an api-version.
[16:57:14] [Server thread/INFO]: [EcoSkills] Initializing EcoSkills
[16:57:14] [Server thread/WARN]: Legacy plugin Annoncement v3.0 does not specify an api-version.
[16:57:14] [Server thread/INFO]: [EcoMobs] Initializing EcoMobs
[16:57:14] [Server thread/WARN]: Legacy plugin PlayerVaults v3.6.0-bSNAPSHOT does not specify an api-version.
[16:57:15] [Server thread/WARN]: Legacy plugin EcoPets v2.77.1 does not specify an api-version.
[16:57:15] [Server thread/INFO]: [EcoPets] Initializing EcoPets
[16:57:15] [Server thread/WARN]: Legacy plugin Talismans v6.77.0 does not specify an api-version.
[16:57:15] [Server thread/INFO]: [Talismans] Initializing Talismans
[16:57:15] [Server thread/WARN]: Legacy plugin EcoArmor v8.78.0 does not specify an api-version.
[16:57:15] [Server thread/INFO]: [EcoArmor] Initializing EcoArmor
[16:57:15] [Server thread/INFO]: [SpigotLibraryLoader] [BattlePass] Loading 4 libraries... please wait
[16:57:16] [Server thread/INFO]: [SpigotLibraryLoader] [BattlePass] Loaded library /workspaces/Solarking-network/servidor_minecraft/libraries/org/apache/commons/commons-lang3/3.12.0/commons-lang3-3.12.0.jar
[16:57:16] [Server thread/INFO]: [SpigotLibraryLoader] [BattlePass] Loaded library /workspaces/Solarking-network/servidor_minecraft/libraries/com/zaxxer/HikariCP/7.0.2/HikariCP-7.0.2.jar
[16:57:16] [Server thread/INFO]: [SpigotLibraryLoader] [BattlePass] Loaded library /workspaces/Solarking-network/servidor_minecraft/libraries/org/slf4j/slf4j-api/2.0.17/slf4j-api-2.0.17.jar
[16:57:16] [Server thread/INFO]: [SpigotLibraryLoader] [BattlePass] Loaded library /workspaces/Solarking-network/servidor_minecraft/libraries/com/j256/ormlite/ormlite-jdbc/6.1/ormlite-jdbc-6.1.jar
[16:57:16] [Server thread/INFO]: [SpigotLibraryLoader] [BattlePass] Loaded library /workspaces/Solarking-network/servidor_minecraft/libraries/org/postgresql/postgresql/42.7.5/postgresql-42.7.5.jar
[16:57:16] [Server thread/INFO]: [SpigotLibraryLoader] [BattlePass] Loaded library /workspaces/Solarking-network/servidor_minecraft/libraries/org/checkerframework/checker-qual/3.48.3/checker-qual-3.48.3.jar
[16:57:16] [Server thread/INFO]: [SpigotLibraryLoader] [MobsToEggs] Loading 1 libraries... please wait
[16:57:16] [Server thread/INFO]: [SpigotLibraryLoader] [MobsToEggs] Loaded library /workspaces/Solarking-network/servidor_minecraft/libraries/org/jetbrains/kotlin/kotlin-stdlib/2.2.21/kotlin-stdlib-2.2.21.jar
[16:57:16] [Server thread/INFO]: [SpigotLibraryLoader] [MobsToEggs] Loaded library /workspaces/Solarking-network/servidor_minecraft/libraries/org/jetbrains/annotations/13.0/annotations-13.0.jar
[16:57:18] [Server thread/INFO]: [LuckPerms] Loading server plugin LuckPerms v5.5.0
[16:57:19] [Server thread/INFO]: [Vault] Loading server plugin Vault v1.7.3-b131
[16:57:19] [Server thread/INFO]: [WorldEdit] Loading server plugin WorldEdit v7.3.18+7298-4383852
[16:57:21] [Server thread/INFO]: Got request to register class com.sk89q.worldedit.bukkit.BukkitServerInterface with WorldEdit [com.sk89q.worldedit.extension.platform.PlatformManager@37df3df7]
[16:57:21] [Server thread/INFO]: [PlaceholderAPI] Loading server plugin PlaceholderAPI v2.11.6
[16:57:21] [Server thread/INFO]: [WorldGuard] Loading server plugin WorldGuard v7.0.14+2339-43997ec
[16:57:21] [Server thread/INFO]: [CoreLogging] Loading server plugin Multiverse-Core v5.3.0
[16:57:21] [Server thread/INFO]: [MythicMobs] Loading server plugin MythicMobs v5.11.0-SNAPSHOT-b95565d9
[16:57:21] [Server thread/INFO]: [LumineUtils] (io.lumine.mythic.bukkit.utils.) is bound to plugin MythicMobs - io.lumine.mythic.bukkit.MythicBukkit
[16:57:21] [Server thread/INFO]: [MythicMobs] §x§f§f§0§0§0§0M§x§f§f§6§6§0§0y§x§f§f§c§c§0§0t§x§c§b§f§f§0§0h§x§6§5§f§f§0§0i§x§0§0§f§f§0§0c§x§0§0§f§f§6§6 §x§0§0§f§f§c§bE§x§0§0§c§b§f§fn§x§0§0§6§5§f§fa§x§0§0§0§0§f§fb§x§6§6§0§0§f§fl§x§c§c§0§0§f§fe§x§f§f§0§0§c§cd§x§f§f§0§0§6§6!
[16:57:21] [Server thread/INFO]: [ProtocolLib] Loading server plugin ProtocolLib v5.4.0
[16:57:21] [Server thread/WARN]: [ProtocolLib] Version (MC: 1.21.10) has not yet been tested! Proceed with caution.
[16:57:21] [Server thread/INFO]: [Essentials] Loading server plugin Essentials v2.22.0-dev+57-7775662
[16:57:21] [Server thread/INFO]: [GHolo] Loading server plugin GHolo v2.2.6
[16:57:21] [Server thread/INFO]: [ModelEngine] Loading server plugin ModelEngine vR4.0.9
[16:57:21] [Server thread/INFO]: [SCore] Loading server plugin SCore v5.26.2.3
[16:57:21] [Server thread/INFO]: [nightcore] Loading server plugin nightcore v2.11.0
[16:57:21] [Server thread/INFO]: [SpawnerMeta] Loading server plugin SpawnerMeta v25.5
[16:57:21] [Server thread/INFO]: [EssentialsChat] Loading server plugin EssentialsChat v2.22.0-dev+57-7775662
[16:57:21] [Server thread/INFO]: [eco] Loading server plugin eco v6.77.2
[16:57:21] [Server thread/INFO]: [ProtectionStones] Loading server plugin ProtectionStones v2.10.5
[16:57:21] [Server thread/INFO]: [ExecutableItems] Loading server plugin ExecutableItems v7.26.2.3
[16:57:21] [Server thread/INFO]: [EconomyShopGUI] Loading server plugin EconomyShopGUI v6.16.2
[16:57:21] [Server thread/INFO]: [ItemEdit] Loading server plugin ItemEdit v3.7.8
[16:57:21] [Server thread/INFO]: [Skulls] Loading server plugin Skulls v3.28.0
[16:57:21] [Server thread/WARN]: [Skulls] Could not add URL to classpath using any method: file:/workspaces/Solarking-network/servidor_minecraft/plugins/Skulls/libs/sqlite-jdbc-3.44.1.0.jar
[16:57:21] [Server thread/INFO]: [Skulls] Loaded dependency: org.xerial:sqlite-jdbc:3.44.1.0
[16:57:21] [Server thread/WARN]: [Skulls] Could not add URL to classpath using any method: file:/workspaces/Solarking-network/servidor_minecraft/plugins/Skulls/libs/jedis-5.1.0.jar
[16:57:21] [Server thread/INFO]: [Skulls] Loaded dependency: redis.clients:jedis:5.1.0
[16:57:21] [Server thread/INFO]: [AdvancedEnchantments] Loading server plugin AdvancedEnchantments v9.22.7
[16:57:21] [Server thread/INFO]: [zMenu] Loading server plugin zMenu v1.1.0.7
[16:57:21] [Server thread/INFO]: [VotifierPlus] Loading server plugin VotifierPlus v1.4.3
[16:57:21] [Server thread/INFO]: [EcoItems] Loading server plugin EcoItems v5.66.0
[16:57:21] [Server thread/INFO]: [libreforge] Initializing libreforge
[16:57:21] [Server thread/INFO]: [libreforge] Loading server plugin libreforge v4.79.0
[16:57:22] [Server thread/INFO]: [AxSellwands] Loading server plugin AxSellwands v1.12.0
[16:57:22] [Server thread/INFO]: [AdvancedKits] Loading server plugin AdvancedKits v1.21.29
[16:57:22] [Server thread/INFO]: [EcoJobs] Loading server plugin EcoJobs v3.72.0
[16:57:22] [Server thread/INFO]: [VoidTeleport] Loading server plugin VoidTeleport v2.4.5
[16:57:22] [Server thread/INFO]: [DeepVoid] Loading server plugin DeepVoid v2.22.0
[16:57:22] [Server thread/INFO]: [zAuctionHouseV3] Loading server plugin zAuctionHouseV3 v3.2.4.0
[16:57:22] [Server thread/INFO]: [DeluxeMenus] Loading server plugin DeluxeMenus v1.14.1-Release
[16:57:22] [Server thread/WARN]: [DeluxeMenus] Could not setup a NMS hook for your server version! The following Item options will not work: nbt_int, nbt_ints, nbt_string and nbt_strings.
[16:57:22] [Server thread/INFO]: [AxRewards] Loading server plugin AxRewards v3.7.0
[16:57:22] [Server thread/INFO]: [FancyNpcs] Loading server plugin FancyNpcs v2.9.1
[16:57:22] [Server thread/INFO]: [SkinsRestorer] Loading server plugin SkinsRestorer v15.10.0
[16:57:22] [Server thread/INFO]: [InfiniteGUI] Loading server plugin InfiniteGUI v1.1.10
[16:57:22] [Server thread/INFO]: [ExcellentCrates] Loading server plugin ExcellentCrates v6.6.1
[16:57:22] [Server thread/INFO]: [EssentialsSpawn] Loading server plugin EssentialsSpawn v2.22.0-dev+57-7775662
[16:57:22] [Server thread/INFO]: [CommandPanels] Loading server plugin CommandPanels v3.23.4
[16:57:22] [Server thread/INFO]: [nLogin] Loading server plugin nLogin v2.0.11
[16:57:24] [Server thread/INFO]: [EconomyX] Loading server plugin EconomyX v2.8.3-FINAL
[16:57:24] [Server thread/INFO]: [EcoSkills] Loading server plugin EcoSkills v3.67.1
[16:57:24] [Server thread/INFO]: [PinataParty] Loading server plugin PinataParty v2.69.3
[16:57:24] [Server thread/INFO]: [RavenWelcome] Loading server plugin RavenWelcome v1.0
[16:57:24] [Server thread/INFO]: [Annoncement] Loading server plugin Annoncement v3.0
[16:57:24] [Server thread/INFO]: >>----------------------------------
[16:57:24] [Server thread/INFO]: [Annoncement] Loading...
[16:57:24] [Server thread/INFO]: >>----------------------------------
[16:57:24] [Server thread/INFO]: [RealMines] Loading server plugin RealMines v1.8.8
[16:57:24] [Server thread/INFO]: [EcoMobs] Loading server plugin EcoMobs v10.24.0
[16:57:24] [Server thread/INFO]: [MiniMOTD] Loading server plugin MiniMOTD v2.2.2
[16:57:24] [Server thread/INFO]: [PlayerVaults] Loading server plugin PlayerVaults v3.6.0-bSNAPSHOT
[16:57:24] [Server thread/INFO]: [Shopkeepers] Loading server plugin Shopkeepers v2.25.0
[16:57:25] [Server thread/INFO]: [Shopkeepers] Loaded all plugin classes (716 ms).
[16:57:25] [Server thread/INFO]: [Shopkeepers] Compatibility provider loaded: 1_21_R8_paper
[16:57:25] [Server thread/INFO]: [Shopkeepers] Loading config.
[16:57:25] [Server thread/INFO]: [Shopkeepers] Loading language file: language-en-default.yml
[16:57:25] [Server thread/INFO]: [Shopkeepers] Registering WorldGuard flag 'allow-shop'.
[16:57:25] [Server thread/INFO]: [Shopkeepers] Registering defaults.
[16:57:25] [Server thread/INFO]: [Simple_RTP] Loading server plugin Simple_RTP v1.0.2-BETA
[16:57:25] [Server thread/INFO]: [Ouranos] Loading server plugin Ouranos v1.1.11
[16:57:25] [Server thread/INFO]: [RealScoreboard] Loading server plugin RealScoreboard v1.5.7
[16:57:25] [Server thread/INFO]: [XVaults] Loading server plugin XVaults v2.1.2
[16:57:25] [Server thread/INFO]: [TAB] Loading server plugin TAB v5.4.0
[16:57:25] [Server thread/INFO]: [EcoPets] Loading server plugin EcoPets v2.77.1
[16:57:25] [Server thread/INFO]: [Talismans] Loading server plugin Talismans v6.77.0
[16:57:25] [Server thread/INFO]: [EcoArmor] Loading server plugin EcoArmor v8.78.0
[16:57:25] [Server thread/INFO]: [Rankup] Loading server plugin Rankup v3.15.2
[16:57:25] [Server thread/INFO]: [BattlePass] Loading server plugin BattlePass v5.0.3
[16:57:25] [Server thread/INFO]: [AnimaBossBar] Loading server plugin AnimaBossBar v${project.version}
[16:57:25] [Server thread/INFO]: [MobsToEggs] Loading server plugin MobsToEggs v1.7.22
[16:57:25] [Server thread/INFO]: Server permissions file permissions.yml is empty, ignoring it
[16:57:25] [Server thread/INFO]: [LuckPerms] Enabling LuckPerms v5.5.0
[16:57:26] [Server thread/INFO]:         __    
[16:57:26] [Server thread/INFO]:   |    |__)   LuckPerms v5.5.0
[16:57:26] [Server thread/INFO]:   |___ |      Running on Bukkit - Paper
[16:57:26] [Server thread/INFO]: 
[16:57:26] [Server thread/INFO]: [LuckPerms] Loading configuration...
[16:57:27] [Server thread/INFO]: [LuckPerms] Loading storage provider... [H2]
[16:57:28] [Server thread/INFO]: [LuckPerms] Loading internal permission managers...
[16:57:29] [Server thread/INFO]: [LuckPerms] Performing initial data load...
[16:57:29] [Server thread/INFO]: [LuckPerms] Successfully enabled. (took 4414ms)
[16:57:29] [Server thread/INFO]: [Vault] Enabling Vault v1.7.3-b131
[16:57:29] [Server thread/INFO]: [Vault] [Economy] Essentials Economy found: Waiting
[16:57:29] [Server thread/INFO]: [Vault] [Permission] SuperPermissions loaded as backup permission system.
[16:57:30] [Server thread/INFO]: [Vault] Enabled Version 1.7.3-b131
[16:57:30] [Server thread/INFO]: [LuckPerms] Registered Vault permission & chat hook.
[16:57:30] [Server thread/INFO]: [WorldEdit] Enabling WorldEdit v7.3.18+7298-4383852
[16:57:30] [Server thread/INFO]: Registering commands with com.sk89q.worldedit.bukkit.BukkitServerInterface
[16:57:30] [Server thread/INFO]: WEPIF: Vault detected! Using Vault for permissions
[16:57:31] [Server thread/INFO]: Using com.sk89q.worldedit.bukkit.adapter.impl.v1_21_9.PaperweightAdapter as the Bukkit adapter
[16:57:34] [Server thread/INFO]: [ProtocolLib] Enabling ProtocolLib v5.4.0
[16:57:34] [Server thread/INFO]: [ModelEngine] Enabling ModelEngine vR4.0.9
[16:57:34] [Server thread/INFO]: [ModelEngine] [S] Loading cache version: R4.0.8
[16:57:34] [Server thread/WARN]: [ModelEngine] [S] Unable to activate MineSkin skin generation: Empty API Key
[16:57:34] [Server thread/INFO]: [ModelEngine] [S] Loading default skin: Steve
[16:57:34] [Server thread/INFO]: [ModelEngine] [S] Registered default skin: Steve
[16:57:34] [Server thread/INFO]: [ModelEngine] [S] Loading default skin: Alex
[16:57:34] [Thread-13/INFO]: [ModelEngine] [A] Registered default skin: Alex
[16:57:34] [Server thread/INFO]: [nightcore] Enabling nightcore v2.11.0
[16:57:34] [Server thread/INFO]: [nightcore] Server version detected as 1.21.10. Using paper-bridge.
[16:57:35] [Server thread/INFO]: Environment: Environment[sessionHost=https://sessionserver.mojang.com, servicesHost=https://api.minecraftservices.com, profilesHost=https://api.mojang.com, name=PROD]
[16:57:35] [Server thread/INFO]: [nightcore] Time zone set as Etc/UTC
[16:57:35] [Server thread/INFO]: [nightcore] Loaded 2 color schemes.
[16:57:35] [Server thread/INFO]: [nightcore] Using 'custom' color scheme.
[16:57:35] [Server thread/INFO]: [nightcore] Registered permissions provider: LuckPerms
[16:57:35] [Server thread/INFO]: [nightcore] Registered item provider: 'vanilla'.
[16:57:35] [Server thread/INFO]: [nightcore] Registered item provider: 'excellentcrates'.
[16:57:35] [Server thread/INFO]: [nightcore] Registered item provider: 'excellentcrates_crate'.
[16:57:35] [Server thread/INFO]: [nightcore] Registered item provider: 'excellentcrates_key'.
[16:57:35] [Server thread/INFO]: [nightcore] Registered item provider: 'executableitems'.
[16:57:35] [Server thread/INFO]: [nightcore] Vault detected! Loading currency...
[16:57:35] [Server thread/INFO]: [nightcore] Currency registered: 'vault'.
[16:57:35] [Server thread/INFO]: [nightcore] Currency registered: 'xp_level'.
[16:57:35] [Server thread/INFO]: [nightcore] Currency registered: 'gold'.
[16:57:35] [Server thread/INFO]: [nightcore] Currency registered: 'emerald'.
[16:57:35] [Server thread/INFO]: [nightcore] Currency registered: 'custom_diamond'.
[16:57:35] [Server thread/INFO]: [nightcore] Plugin loaded in 327 ms!
[16:57:35] [Server thread/INFO]: [eco] Enabling eco v6.77.2
[16:57:35] [Server thread/INFO]: [eco] Loading eco
[16:57:35] [Server thread/INFO]: [PlaceholderAPI] Successfully registered internal expansion: eco [6.77.2]
[16:57:35] [Server thread/INFO]: [eco] Loaded integrations: EconomyShopGUI, ExecutableItems, MythicMobs, ModelEngine, Essentials, Vault, PlaceholderAPI, WorldGuard
[16:57:35] [Server thread/INFO]: [eco] Scanning for conflicts...
[16:57:35] [Server thread/WARN]: [eco] MobsToEggs will likely conflict with eco! Reason: Kotlin found in libraries (lib-loader)
[16:57:35] [Server thread/WARN]: [eco] You can fix the conflicts by either removing the conflicting plugins, or by asking on the support discord to have them patched!
[16:57:35] [Server thread/WARN]: [eco] Only remove potentially conflicting plugins if you see Loader Constraint Violation / LinkageError anywhere
[16:57:35] [Server thread/INFO]: [SkinsRestorer] Enabling SkinsRestorer v15.10.0
[16:57:37] [Server thread/INFO]: [SkinsRestorer] Running on Minecraft 1.21.10.
[16:57:38] [Server thread/INFO]: [SkinsRestorer] Using paper join listener!
[16:57:38] [Server thread/INFO]: [PlaceholderAPI] Successfully registered internal expansion: skinsrestorer [15.10.0]
[16:57:38] [Server thread/INFO]: [SkinsRestorer] PlaceholderAPI expansion registered!
[16:57:38] [Server thread/INFO]: [nLogin] Enabling nLogin v2.0.11
[16:57:38] [Folia Async Scheduler Thread #1/INFO]: [SkinsRestorer] ----------------------------------------------
[16:57:38] [Folia Async Scheduler Thread #1/INFO]: [SkinsRestorer]     +==================+
[16:57:38] [Folia Async Scheduler Thread #1/INFO]: [SkinsRestorer]     |   SkinsRestorer  |
[16:57:38] [Folia Async Scheduler Thread #1/INFO]: [SkinsRestorer]     |------------------|
[16:57:38] [Folia Async Scheduler Thread #1/INFO]: [SkinsRestorer]     |  Standalone Mode |
[16:57:38] [Folia Async Scheduler Thread #1/INFO]: [SkinsRestorer]     +==================+
[16:57:38] [Folia Async Scheduler Thread #1/INFO]: [SkinsRestorer] ----------------------------------------------
[16:57:38] [Folia Async Scheduler Thread #1/INFO]: [SkinsRestorer]     Version: 15.10.0
[16:57:38] [Folia Async Scheduler Thread #1/INFO]: [SkinsRestorer]     Commit: fcb9320
[16:57:38] [Folia Async Scheduler Thread #1/INFO]: [SkinsRestorer]     This is the latest version!
[16:57:38] [Folia Async Scheduler Thread #1/INFO]: [SkinsRestorer] ----------------------------------------------
[16:57:38] [Folia Async Scheduler Thread #1/INFO]: [SkinsRestorer] Do you have issues? Read our troubleshooting guide: https://skinsrestorer.net/docs/troubleshooting
[16:57:38] [Folia Async Scheduler Thread #1/INFO]: [SkinsRestorer] Want to support SkinsRestorer? Consider donating: https://skinsrestorer.net/donate
[16:57:39] [Server thread/INFO]: [nLogin] Successful plugin core start (took 1.15s)
[16:57:39] [Server thread/INFO]: [nLogin]           __             _       
[16:57:39] [Server thread/INFO]: [nLogin]   _ __   / /  ___   __ _(_)_ __  
[16:57:39] [Server thread/INFO]: [nLogin]  | '_ \ / /  / _ \ / _` | | '_ \ 
[16:57:39] [Server thread/INFO]: [nLogin]  | | | / /__| (_) | (_| | | | | |
[16:57:39] [Server thread/INFO]: [nLogin]  |_| |_\____/\___/ \__, |_|_| |_|
[16:57:39] [Server thread/INFO]: [nLogin]                   |___/            
[16:57:39] [Server thread/INFO]: [nLogin]  By: www.nickuc.com - V 2.0.11
[16:57:39] [Server thread/INFO]: [nLogin]  
[16:57:42] [Server thread/INFO]: [Ouranos] Enabling Ouranos v1.1.11
[16:57:58] [Server thread/INFO]: [com.zaxxer.hikari.HikariDataSource] HikariPool-1 - Starting...
[16:57:58] [Server thread/INFO]: [com.zaxxer.hikari.pool.HikariPool] HikariPool-1 - Added connection org.sqlite.jdbc4.JDBC4Connection@2102202f
[16:57:58] [Server thread/INFO]: [com.zaxxer.hikari.HikariDataSource] HikariPool-1 - Start completed.
[16:57:58] [Server thread/WARN]: **** SERVER IS RUNNING IN OFFLINE/INSECURE MODE!
[16:57:58] [Server thread/WARN]: The server will make no attempt to authenticate usernames. Beware.
[16:57:58] [Server thread/WARN]: While this makes the game possible to play without internet access, it also opens up the ability for hackers to connect with any username they choose.
[16:57:58] [Server thread/WARN]: To change this, set "online-mode" to "true" in the server.properties file.
[16:57:58] [Server thread/INFO]: Preparing level "world"
[16:58:00] [Server thread/INFO]: Loading 0 persistent chunks for world 'minecraft:overworld'...
[16:58:00] [Server thread/INFO]: Preparing spawn area: 100%
[16:58:00] [Server thread/INFO]: Prepared spawn area in 3 ms
[16:58:00] [Server thread/INFO]: Loading 0 persistent chunks for world 'minecraft:the_nether'...
[16:58:00] [Server thread/INFO]: Prepared spawn area in 0 ms
[16:58:00] [Server thread/INFO]: Loading 0 persistent chunks for world 'minecraft:the_end'...
[16:58:00] [Server thread/INFO]: Prepared spawn area in 0 ms
[16:58:00] [Server thread/INFO]: Done preparing level "world" (1.944s)
[16:58:00] [Server thread/INFO]: [PlaceholderAPI] Enabling PlaceholderAPI v2.11.6
[16:58:01] [Server thread/INFO]: [PlaceholderAPI] Fetching available expansion information...
[16:58:01] [Server thread/INFO]: [WorldGuard] Enabling WorldGuard v7.0.14+2339-43997ec
[16:58:01] [Server thread/INFO]: [WorldGuard] (world) TNT ignition is PERMITTED.
[16:58:01] [Server thread/INFO]: [WorldGuard] (world) Lighters are PERMITTED.
[16:58:01] [Server thread/INFO]: [WorldGuard] (world) Lava fire is PERMITTED.
[16:58:01] [Server thread/INFO]: [WorldGuard] (world) Fire spread is UNRESTRICTED.
[16:58:01] [Server thread/INFO]: [WorldGuard] Loaded configuration for world 'world'
[16:58:01] [Server thread/INFO]: [WorldGuard] (world_nether) TNT ignition is PERMITTED.
[16:58:01] [Server thread/INFO]: [WorldGuard] (world_nether) Lighters are PERMITTED.
[16:58:01] [Server thread/INFO]: [WorldGuard] (world_nether) Lava fire is PERMITTED.
[16:58:01] [Server thread/INFO]: [WorldGuard] (world_nether) Fire spread is UNRESTRICTED.
[16:58:01] [Server thread/INFO]: [WorldGuard] Loaded configuration for world 'world_nether'
[16:58:01] [Server thread/INFO]: [WorldGuard] (world_the_end) TNT ignition is PERMITTED.
[16:58:01] [Server thread/INFO]: [WorldGuard] (world_the_end) Lighters are PERMITTED.
[16:58:01] [Server thread/INFO]: [WorldGuard] (world_the_end) Lava fire is PERMITTED.
[16:58:01] [Server thread/INFO]: [WorldGuard] (world_the_end) Fire spread is UNRESTRICTED.
[16:58:01] [Server thread/INFO]: [WorldGuard] Loaded configuration for world 'world_the_end'
[16:58:01] [Server thread/INFO]: [WorldGuard] Loading region data...
[16:58:02] [Server thread/INFO]: [Multiverse-Core] Enabling Multiverse-Core v5.3.0
[16:58:03] [Server thread/INFO]: Could not set generator for world 'spawn2': Plugin 'DeepVoid v2.22.0' is not enabled
[16:58:03] [Server thread/INFO]: Loading 0 persistent chunks for world 'minecraft:spawn2'...
[16:58:03] [Server thread/INFO]: Preparing spawn area: 100%
[16:58:03] [Server thread/INFO]: Prepared spawn area in 3 ms
[16:58:03] [Server thread/INFO]: [WorldGuard] (spawn2) TNT ignition is PERMITTED.
[16:58:03] [Server thread/INFO]: [WorldGuard] (spawn2) Lighters are PERMITTED.
[16:58:03] [Server thread/INFO]: [WorldGuard] (spawn2) Lava fire is PERMITTED.
[16:58:03] [Server thread/INFO]: [WorldGuard] (spawn2) Fire spread is UNRESTRICTED.
[16:58:03] [Server thread/INFO]: [WorldGuard] Loaded configuration for world 'spawn2'
[16:58:03] [Server thread/INFO]: Loading 0 persistent chunks for world 'minecraft:world2'...
[16:58:03] [Server thread/INFO]: Prepared spawn area in 3 ms
[16:58:03] [Server thread/INFO]: [WorldGuard] (world2) TNT ignition is PERMITTED.
[16:58:03] [Server thread/INFO]: [WorldGuard] (world2) Lighters are PERMITTED.
[16:58:03] [Server thread/INFO]: [WorldGuard] (world2) Lava fire is PERMITTED.
[16:58:03] [Server thread/INFO]: [WorldGuard] (world2) Fire spread is UNRESTRICTED.
[16:58:03] [Server thread/INFO]: [WorldGuard] Loaded configuration for world 'world2'
[16:58:03] [Server thread/INFO]: Could not set generator for world 'dungeon2': Plugin 'DeepVoid v2.22.0' is not enabled
[16:58:03] [Server thread/INFO]: Loading 0 persistent chunks for world 'minecraft:dungeon2'...
[16:58:03] [Server thread/INFO]: Prepared spawn area in 3 ms
[16:58:03] [Server thread/INFO]: [WorldGuard] (dungeon2) TNT ignition is PERMITTED.
[16:58:03] [Server thread/INFO]: [WorldGuard] (dungeon2) Lighters are PERMITTED.
[16:58:03] [Server thread/INFO]: [WorldGuard] (dungeon2) Lava fire is PERMITTED.
[16:58:03] [Server thread/INFO]: [WorldGuard] (dungeon2) Fire spread is UNRESTRICTED.
[16:58:03] [Server thread/INFO]: [WorldGuard] Loaded configuration for world 'dungeon2'
[16:58:03] [Server thread/INFO]: Could not set generator for world 'minasranks': Plugin 'DeepVoid v2.22.0' is not enabled
[16:58:03] [Server thread/INFO]: Loading 0 persistent chunks for world 'minecraft:minasranks'...
[16:58:03] [Server thread/INFO]: Prepared spawn area in 4 ms
[16:58:04] [Server thread/INFO]: [WorldGuard] (minasranks) TNT ignition is PERMITTED.
[16:58:04] [Server thread/INFO]: [WorldGuard] (minasranks) Lighters are PERMITTED.
[16:58:04] [Server thread/INFO]: [WorldGuard] (minasranks) Lava fire is PERMITTED.
[16:58:04] [Server thread/INFO]: [WorldGuard] (minasranks) Fire spread is UNRESTRICTED.
[16:58:04] [Server thread/INFO]: [WorldGuard] Loaded configuration for world 'minasranks'
[16:58:04] [Server thread/INFO]: Could not set generator for world 'koth': Plugin 'DeepVoid v2.22.0' is not enabled
[16:58:04] [Server thread/INFO]: Loading 0 persistent chunks for world 'minecraft:koth'...
[16:58:04] [Server thread/INFO]: Prepared spawn area in 4 ms
[16:58:04] [Server thread/INFO]: [WorldGuard] (koth) TNT ignition is PERMITTED.
[16:58:04] [Server thread/INFO]: [WorldGuard] (koth) Lighters are PERMITTED.
[16:58:04] [Server thread/INFO]: [WorldGuard] (koth) Lava fire is PERMITTED.
[16:58:04] [Server thread/INFO]: [WorldGuard] (koth) Fire spread is UNRESTRICTED.
[16:58:04] [Server thread/INFO]: [WorldGuard] Loaded configuration for world 'koth'
[16:58:04] [Server thread/INFO]: Could not set generator for world 'arenapvp': Plugin 'DeepVoid v2.22.0' is not enabled
[16:58:04] [Server thread/INFO]: Loading 0 persistent chunks for world 'minecraft:arenapvp'...
[16:58:04] [Server thread/INFO]: Preparing spawn area: 100%
[16:58:04] [Server thread/INFO]: Prepared spawn area in 4 ms
[16:58:04] [Server thread/INFO]: [WorldGuard] (arenapvp) TNT ignition is PERMITTED.
[16:58:04] [Server thread/INFO]: [WorldGuard] (arenapvp) Lighters are PERMITTED.
[16:58:04] [Server thread/INFO]: [WorldGuard] (arenapvp) Lava fire is PERMITTED.
[16:58:04] [Server thread/INFO]: [WorldGuard] (arenapvp) Fire spread is UNRESTRICTED.
[16:58:04] [Server thread/INFO]: [WorldGuard] Loaded configuration for world 'arenapvp'
[16:58:04] [Server thread/INFO]: Could not set generator for world 'dungeon': Plugin 'DeepVoid v2.22.0' is not enabled
[16:58:04] [Server thread/INFO]: Loading 0 persistent chunks for world 'minecraft:dungeon'...
[16:58:04] [Server thread/INFO]: Prepared spawn area in 1 ms
[16:58:04] [Server thread/INFO]: [WorldGuard] (dungeon) TNT ignition is PERMITTED.
[16:58:04] [Server thread/INFO]: [WorldGuard] (dungeon) Lighters are PERMITTED.
[16:58:04] [Server thread/INFO]: [WorldGuard] (dungeon) Lava fire is PERMITTED.
[16:58:04] [Server thread/INFO]: [WorldGuard] (dungeon) Fire spread is UNRESTRICTED.
[16:58:04] [Server thread/INFO]: [WorldGuard] Loaded configuration for world 'dungeon'
[16:58:04] [Server thread/INFO]: Could not set generator for world 'lobby': Plugin 'DeepVoid v2.22.0' is not enabled
[16:58:04] [Server thread/INFO]: Loading 0 persistent chunks for world 'minecraft:lobby'...
[16:58:04] [Server thread/INFO]: Prepared spawn area in 3 ms
[16:58:04] [Server thread/INFO]: [WorldGuard] (lobby) TNT ignition is PERMITTED.
[16:58:04] [Server thread/INFO]: [WorldGuard] (lobby) Lighters are PERMITTED.
[16:58:04] [Server thread/INFO]: [WorldGuard] (lobby) Lava fire is PERMITTED.
[16:58:04] [Server thread/INFO]: [WorldGuard] (lobby) Fire spread is UNRESTRICTED.
[16:58:04] [Server thread/INFO]: [WorldGuard] Loaded configuration for world 'lobby'
[16:58:04] [Server thread/INFO]: Could not set generator for world 'spawn': Plugin 'DeepVoid v2.22.0' is not enabled
[16:58:04] [Server thread/INFO]: Loading 0 persistent chunks for world 'minecraft:spawn'...
[16:58:04] [Server thread/INFO]: Prepared spawn area in 0 ms
[16:58:04] [Server thread/INFO]: [WorldGuard] (spawn) TNT ignition is PERMITTED.
[16:58:04] [Server thread/INFO]: [WorldGuard] (spawn) Lighters are PERMITTED.
[16:58:04] [Server thread/INFO]: [WorldGuard] (spawn) Lava fire is PERMITTED.
[16:58:04] [Server thread/INFO]: [WorldGuard] (spawn) Fire spread is UNRESTRICTED.
[16:58:04] [Server thread/INFO]: [WorldGuard] Loaded configuration for world 'spawn'
[16:58:04] [Server thread/INFO]: Could not set generator for world 'minas2': Plugin 'DeepVoid v2.22.0' is not enabled
[16:58:05] [Server thread/INFO]: Loading 0 persistent chunks for world 'minecraft:minas2'...
[16:58:05] [Server thread/INFO]: Preparing spawn area: 100%
[16:58:05] [Server thread/INFO]: Prepared spawn area in 1 ms
[16:58:05] [Server thread/INFO]: [WorldGuard] (minas2) TNT ignition is PERMITTED.
[16:58:05] [Server thread/INFO]: [WorldGuard] (minas2) Lighters are PERMITTED.
[16:58:05] [Server thread/INFO]: [WorldGuard] (minas2) Lava fire is PERMITTED.
[16:58:05] [Server thread/INFO]: [WorldGuard] (minas2) Fire spread is UNRESTRICTED.
[16:58:05] [Server thread/INFO]: [WorldGuard] Loaded configuration for world 'minas2'
[16:58:05] [Server thread/INFO]: Could not set generator for world 'minas1': Plugin 'DeepVoid v2.22.0' is not enabled
[16:58:05] [Server thread/INFO]: Loading 0 persistent chunks for world 'minecraft:minas1'...
[16:58:05] [Server thread/INFO]: Prepared spawn area in 1 ms
[16:58:05] [Server thread/INFO]: [WorldGuard] (minas1) TNT ignition is PERMITTED.
[16:58:05] [Server thread/INFO]: [WorldGuard] (minas1) Lighters are PERMITTED.
[16:58:05] [Server thread/INFO]: [WorldGuard] (minas1) Lava fire is PERMITTED.
[16:58:05] [Server thread/INFO]: [WorldGuard] (minas1) Fire spread is UNRESTRICTED.
[16:58:05] [Server thread/INFO]: [WorldGuard] Loaded configuration for world 'minas1'
[16:58:05] [Server thread/INFO]: [PlaceholderAPI] Successfully registered internal expansion: multiverse-core [5.3.0]
[16:58:05] [Server thread/INFO]: [Multiverse-Core] API service loaded!
[16:58:05] [Server thread/INFO]: [Multiverse-Core] Version 5.3.0 (API v5.3) Enabled - By dumptruckman, Rigby, fernferret, lithium3141, main--, benwoo1110 and Zax71
[16:58:05] [Server thread/INFO]: [Multiverse-Core] Loving Multiverse-Core? Please consider supporting the project with a small donation: https://github.com/sponsors/Multiverse
[16:58:05] [Server thread/INFO]: [MythicMobs] Enabling MythicMobs v5.11.0-SNAPSHOT-b95565d9
[16:58:06] [Server thread/INFO]: [MythicMobs] Loading MythicMobs for Paper (MC: 1.21.10)...
[16:58:06] [Server thread/INFO]: [MythicMobs] The server is running Paper; enabled Paper exclusive functionality
[16:58:08] [Server thread/INFO]: [PlaceholderAPI] Successfully registered internal expansion: mythic [5.0.0]
[16:58:09] [Server thread/INFO]: [MythicMobs] Mythic PlaceholderAPI Support has been enabled!
[16:58:09] [Server thread/INFO]: [MythicMobs] Mythic Vault Support has been enabled!
[16:58:09] [Server thread/INFO]: [MythicMobs] Mythic WorldGuard Support has been enabled!
[16:58:12] [Server thread/INFO]: [MythicMobs] Loading Packs...
[16:58:13] [Server thread/INFO]: [MythicMobs] Loading Items...
[16:58:13] [Server thread/INFO]: [MythicMobs] Loading Item Groups...
[16:58:13] [Server thread/INFO]: [MythicMobs] All items loaded after 99ms!
[16:58:13] [Server thread/INFO]: [MythicMobs] Loading Skills...
[16:58:13] [Server thread/INFO]: [MythicMobs] Loaded 0 skill commands
[16:58:14] [Server thread/INFO]: [MythicMobs] Loading Drop Tables...
[16:58:14] [Server thread/INFO]: [MythicMobs] Loading Random Spawns...
[16:58:14] [Server thread/INFO]: [MythicMobs] Loading Spawn Blocks...
[16:58:14] [Server thread/INFO]: [MythicMobs] Second passes loaded after 40ms!
[16:58:14] [Server thread/INFO]: [MythicMobs] ✓ Loaded 19 mobs.
[16:58:14] [Server thread/INFO]: [MythicMobs] ✓ Loaded 3 vanilla mob overrides.
[16:58:14] [Server thread/INFO]: [MythicMobs] ✓ Loaded 0 mob stacks.
[16:58:14] [Server thread/INFO]: [MythicMobs] ✓ Loaded 69 skills.
[16:58:14] [Server thread/INFO]: [MythicMobs] ✓ Loaded 0 random spawns.
[16:58:14] [Server thread/INFO]: [MythicMobs] ✓ Loaded 3 mythic items.
[16:58:14] [Server thread/INFO]: [MythicMobs] ✓ Loaded 2 drop tables.
[16:58:14] [Server thread/INFO]: [MythicMobs] ✓ Loaded 0 mob spawners.
[16:58:14] [Server thread/INFO]: [MythicMobs] MythicMobs configuration file loaded successfully.
[16:58:14] [Server thread/INFO]: [MythicMobs] Started up bStats Metrics
[16:58:14] [Server thread/INFO]: [MythicMobs] ✓ MythicMobs Premium v5.11.0 ( build b95565d9 ) has been successfully loaded!
[16:58:14] [Server thread/INFO]: [Ouranos] [STDOUT] MythicMobs plugin loaded, enabling mob provider
[16:58:14] [Server thread/WARN]: Nag author(s): '[Civious]' of 'Ouranos v1.1.11' about their usage of System.out/err.print. Please use your plugin's logger instead (JavaPlugin#getLogger).
[16:58:16] [Server thread/INFO]: [MythicMobs] Model Engine Compatibility Loaded.
[16:58:16] [Server thread/INFO]: [ModelEngine] [S] Compatibility applied: MythicMobs
[16:58:16] [Server thread/INFO]: [Essentials] Enabling Essentials v2.22.0-dev+57-7775662
[16:58:16] [Server thread/ERROR]: [Essentials] You are running an unsupported server version!
[16:58:16] [Server thread/INFO]: [Essentials] Attempting to convert old kits in config.yml to new kits.yml
[16:58:16] [Server thread/INFO]: [Essentials] No kits found to migrate.
[16:58:17] [Server thread/INFO]: [Essentials] Selected Legacy Biome Name Provider as the provider for BiomeNameProvider
[16:58:17] [Server thread/INFO]: [Essentials] Selected Paper Material Tag Provider as the provider for MaterialTagProvider
[16:58:17] [Server thread/INFO]: [Essentials] Selected 1.12.2+ Player Locale Provider as the provider for PlayerLocaleProvider
[16:58:17] [Server thread/INFO]: [Essentials] Selected 1.21.4+ Sync Commands Provider as the provider for SyncCommandsProvider
[16:58:17] [Server thread/INFO]: [Essentials] Selected Paper Known Commands Provider as the provider for KnownCommandsProvider
[16:58:17] [Server thread/INFO]: [Essentials] Selected 1.13+ Spawn Egg Provider as the provider for SpawnEggProvider
[16:58:17] [Server thread/INFO]: [Essentials] Selected 1.12+ Spawner Block Provider as the provider for SpawnerBlockProvider
[16:58:17] [Server thread/INFO]: [Essentials] Selected 1.20.5+ Banner Data Provider as the provider for BannerDataProvider
[16:58:17] [Server thread/INFO]: [Essentials] Selected Paper Serialization Provider as the provider for SerializationProvider
[16:58:17] [Server thread/INFO]: [Essentials] Selected 1.17.1+ World Info Provider as the provider for WorldInfoProvider
[16:58:17] [Server thread/INFO]: [Essentials] Selected Paper Biome Key Provider as the provider for BiomeKeyProvider
[16:58:17] [Server thread/INFO]: [Essentials] Selected Paper Container Provider as the provider for ContainerProvider
[16:58:17] [Server thread/INFO]: [Essentials] Selected Paper Server State Provider as the provider for ServerStateProvider
[16:58:17] [Server thread/INFO]: [Essentials] Selected 1.8.3+ Spawner Item Provider as the provider for SpawnerItemProvider
[16:58:17] [Server thread/INFO]: [Essentials] Selected 1.20.6+ Potion Meta Provider as the provider for PotionMetaProvider
[16:58:17] [Server thread/INFO]: [Essentials] Selected 1.21+ InventoryView Interface ABI Provider as the provider for InventoryViewProvider
[16:58:17] [Server thread/INFO]: [Essentials] Selected 1.11+ Item Unbreakable Provider as the provider for ItemUnbreakableProvider
[16:58:17] [Server thread/INFO]: [Essentials] Selected 1.20.4+ Damage Event Provider as the provider for DamageEventProvider
[16:58:17] [Server thread/INFO]: [Essentials] Selected Reflection Formatted Command Alias Provider as the provider for FormattedCommandAliasProvider
[16:58:17] [Server thread/INFO]: [Essentials] Selected Reflection Online Mode Provider as the provider for OnlineModeProvider
[16:58:17] [Server thread/INFO]: [Essentials] Selected 1.14+ Sign Data Provider as the provider for SignDataProvider
[16:58:17] [Server thread/INFO]: [Essentials] Selected 1.14.4+ Persistent Data Container Provider as the provider for PersistentDataProvider
[16:58:17] [Server thread/INFO]: [Essentials] Selected Paper Tick Count Provider as the provider for TickCountProvider
[16:58:17] [Server thread/INFO]: [Essentials] Loaded 46309 items from items.json.
[16:58:17] [Server thread/INFO]: [Essentials] Using locale en
[16:58:18] [Server thread/INFO]: [Essentials] ServerListPingEvent: Spigot iterator API
[16:58:18] [Server thread/INFO]: [Essentials] Starting Metrics. Opt-out using the global bStats config.
[16:58:18] [Server thread/INFO]: [Vault] [Economy] Essentials Economy hooked.
[16:58:18] [Server thread/INFO]: [Essentials] Using Vault based permissions (LuckPerms)
[16:58:18] [Server thread/INFO]: [GHolo] Enabling GHolo v2.2.6
[16:58:19] [Server thread/INFO]: [GHolo] The plugin was successfully enabled.
[16:58:19] [Server thread/INFO]: [GHolo] Link with PlaceholderAPI successful!
[16:58:19] [Server thread/INFO]: [SCore] Enabling SCore v5.26.2.3
[16:58:19] [Server thread/INFO]: SCore The library part of SCore is initializing ... (by SCore)
[16:58:19] [Server thread/INFO]: SCore ExecutableItems hooked !  (7.26.2.3) Load After
[16:58:19] [Server thread/INFO]: SCore PlaceholderAPI hooked !  (2.11.6)  Load Before
[16:58:19] [Server thread/INFO]: SCore WorldGuard hooked !  (7.0.14+2339-43997ec)  Load Before
[16:58:19] [Server thread/INFO]: SCore Vault hooked !  (1.7.3-b131)  Load Before
[16:58:19] [Server thread/INFO]: SCore Multiverse-Core hooked !  (5.3.0)  Load Before
[16:58:19] [Server thread/INFO]: SCore ProtocolLib hooked !
[16:58:19] [Server thread/INFO]: SCore Locale setup: EN
[16:58:19] [Server thread/INFO]: SCore MythicMobs hooked !  (5.11.0-SNAPSHOT-b95565d9)  Load Before
[16:58:19] [Server thread/INFO]: SCore ProtectionStones hooked !  (2.10.5) Load After
[16:58:19] [Server thread/INFO]: SCore TAB hooked !  (5.4.0) Load After
[16:58:19] [Server thread/INFO]: SCore EcoSkills hooked !  (3.67.1) Load After
[16:58:19] [Server thread/INFO]: SCore WorldEdit hooked !  (7.3.18+7298-4383852)  Load Before
[16:58:19] [Server thread/INFO]: SCore Language of the editor setup on EN
[16:58:19] [Server thread/INFO]: SCore will connect to the database hosted: In Local
[16:58:19] [Server thread/INFO]: SCore Connection to the db...
[16:58:19] [Server thread/INFO]: SCore will connect to the database hosted: In Local
[16:58:19] [Server thread/INFO]: SCore Creating table SecurityOP if not exists...
[16:58:19] [Server thread/INFO]: SCore Creating table Commands if not exists...
[16:58:19] [Server thread/INFO]: SCore Creating table Cooldowns if not exists...
[16:58:19] [Server thread/INFO]: SCore Creating table Commands Player if not exists...
[16:58:19] [Server thread/INFO]: SCore Creating table Commands Entity if not exists...
[16:58:19] [Server thread/INFO]: SCore Creating table Commands Block if not exists...
[16:58:19] [Server thread/INFO]: SCore Creating table UsePerDay if not exists...
[16:58:19] [Server thread/INFO]: SCore Creating table AbsorptionQuery if not exists...
[16:58:19] [Server thread/INFO]: SCore Creating table ATemporaryAttributesQuery if not exists...
[16:58:19] [Server thread/INFO]: SCore SCore loaded 0 delayed commands saved
[16:58:19] [Server thread/INFO]: ================ SCore ================
[16:58:19] [Server thread/INFO]: SCore is running on Folia
[16:58:19] [Server thread/INFO]: SCore is running on Paper or fork
[16:58:19] [Server thread/INFO]: SCore Version of the server 1.21.10-117-df4b668 (MC: 1.21.10) !
[16:58:19] [Server thread/INFO]: SCore Language for in-game messages setup on EN
[16:58:20] [Server thread/INFO]: SCore SCore loaded 1 variables from local files !
[16:58:20] [Server thread/INFO]: [SCore] CustomListsManager: Loaded entity list 'ANNOYING_MOBS' with 3 entries
[16:58:20] [Server thread/INFO]: [SCore] CustomListsManager: Loaded entity list 'HOSTILE_MOBS' with 4 entries
[16:58:20] [Server thread/INFO]: [SCore] CustomListsManager: Loaded block list 'STUPID_BLOCKS' with 3 entries
[16:58:20] [Server thread/INFO]: [SCore] CustomListsManager: Loaded block list 'ORES' with 5 entries
[16:58:20] [Server thread/INFO]: [SCore] CustomListsManager: Loaded 2 entity lists and 2 block lists
[16:58:20] [Server thread/INFO]: [PlaceholderAPI] Successfully registered internal expansion: SCore [1.0.0]
[16:58:20] [Server thread/INFO]: ================ SCore ================
[16:58:20] [Server thread/INFO]: [SpawnerMeta] Enabling SpawnerMeta v25.5
[16:58:20] [Server thread/INFO]: [SpawnerMeta v25.4] enabled!
[16:58:20] [Server thread/INFO]: [SpawnerMeta] Vault has been found, economy enabled!
[16:58:21] [Server thread/INFO]: [EssentialsChat] Enabling EssentialsChat v2.22.0-dev+57-7775662
[16:58:21] [Server thread/INFO]: [EssentialsChat] Starting Metrics. Opt-out using the global bStats config.
[16:58:21] [Server thread/INFO]: [ProtectionStones] Enabling ProtectionStones v2.10.5
[16:58:21] [Server thread/INFO]: [WorldGuard] Registering session handler dev.espi.protectionstones.flags.GreetingFlagHandler
[16:58:21] [Server thread/INFO]: [WorldGuard] Registering session handler dev.espi.protectionstones.flags.FarewellFlagHandler
[16:58:21] [Server thread/INFO]: [ProtectionStones] PlaceholderAPI support enabled!
[16:58:21] [Server thread/INFO]: [PlaceholderAPI] Successfully registered internal expansion: protectionstones [2.10.5]
[16:58:21] [Server thread/INFO]: [ProtectionStones] LuckPerms support enabled!
[16:58:22] [Server thread/INFO]: [ProtectionStones] Protection Stone Blocks:
[16:58:22] [Server thread/INFO]: [ProtectionStones] - EMERALD_ORE (64)
[16:58:22] [Server thread/INFO]: [ProtectionStones] Building region cache...
[16:58:22] [Server thread/INFO]: [ProtectionStones] Building UUID cache... (if slow change async-load-uuid-cache in the config to true)
[16:58:22] [Server thread/INFO]: [ProtectionStones] Checking if PS regions have been updated to UUIDs...
[16:58:22] [Server thread/INFO]: [ProtectionStones] §fProtectionStones has successfully started!
[16:58:22] [Server thread/INFO]: [ExecutableItems] Enabling ExecutableItems v7.26.2.3
[16:58:22] [Server thread/INFO]: ========*======== ExecutableItems ========*========
[16:58:25] [Server thread/INFO]: Injector com.ssomar.score.pack.custom.PackHttpInjector registered (TPack selfhosting)
[16:58:28] [Server thread/INFO]: ExecutableItems ERROR, Couldn't load the Material + GROUPS value of blocks from config, value: GRASS (Item: Prem_Grass_Cutter_v1_14).(detailedBlocks) >> Check the wiki if you want the list of materials and groups
[16:58:28] [Server thread/INFO]: ExecutableItems Amount of Executable Items configurations loaded: 205
[16:58:28] [Server thread/INFO]: ExecutableItems Items with display conditions :  
[16:58:28] [Server thread/INFO]: ========*======== ExecutableItems ========*========
[16:58:28] [Server thread/INFO]: [PlaceholderAPI] Successfully registered internal expansion: ExecutableItems [1.0.0]
[16:58:28] [Server thread/INFO]: [EconomyShopGUI] Enabling EconomyShopGUI v6.16.2
[16:58:28] [Server thread/INFO]: [EconomyShopGUI] [INFO]: Initializing paper meta...
[16:58:29] [Server thread/INFO]: [EconomyShopGUI] [INFO]: Using lang-en.yml as language file
[16:58:29] [Server thread/INFO]: [EconomyShopGUI] [INFO]: Completed loading 16 section configs from /sections/
[16:58:29] [Server thread/INFO]: [EconomyShopGUI] [INFO]: Completed loading 16 shop configs from /shops/
[16:58:29] [Server thread/INFO]: [EconomyShopGUI] [INFO]: Updating Shop settings...
[16:58:29] [Server thread/INFO]: [EconomyShopGUI] [INFO]: Successfully hooked into Vault and using EssentialsX Economy as economy provider
[16:58:29] [Server thread/INFO]: [EconomyShopGUI] [INFO]: Completed loading 1 economy provider(s) for all 14 shop sections.
[16:58:29] [Server thread/INFO]: [EconomyShopGUI] [INFO]: Using minecraft version 1.21.10...
[16:58:29] [Server thread/INFO]: [EconomyShopGUI] [INFO]: Spawner provider set to AUTO in config
[16:58:29] [Server thread/INFO]: [EconomyShopGUI] [INFO]: Automatically searching for compatible spawner provider....
[16:58:29] [Server thread/INFO]: [EconomyShopGUI] [INFO]: SpawnerMeta found, integrating...
[16:58:29] [Server thread/INFO]: [EconomyShopGUI] [INFO]: Using SpawnerMeta as spawner provider.
[16:58:29] [Server thread/INFO]: [PlaceholderAPI] Successfully registered internal expansion: esgui [1.1.0]
[16:58:29] [Server thread/INFO]: [EconomyShopGUI] [INFO]: Debug mode is enabled.
[16:58:29] [Server thread/INFO]: [EconomyShopGUI] [INFO]: Loading all items...
[16:58:31] [Server thread/INFO]: [EconomyShopGUI] [INFO]: Initialized - Took 2466ms to complete
[16:58:31] [ESGUI_UTIL_THREAD #0/INFO]: [EconomyShopGUI] [INFO]: There is an update available for EconomyShopGUI, you are running v6.16.2 but found v6.16.3.
[16:58:31] [ESGUI_UTIL_THREAD #0/INFO]: [EconomyShopGUI] [INFO]: Download at: https://www.spigotmc.org/resources/economyshopgui.69927/
[16:58:31] [Server thread/INFO]: [ItemEdit] Enabling ItemEdit v3.7.8
[16:58:31] [Server thread/INFO]: [ItemEdit] Hooking into MiniMessageAPI see https://webui.advntr.dev/
[16:58:31] [Server thread/INFO]: [ItemEdit] Selected Storage Type: YAML
[16:58:31] [Server thread/INFO]: [ItemEdit] Hooking into Vault
[16:58:31] [Server thread/INFO]: [ItemEdit] Hooking into PlaceHolderAPI
[16:58:31] [Server thread/INFO]: [ItemEdit] placeholders:
[16:58:31] [Server thread/INFO]: [ItemEdit]   %itemedit_amount_<{itemid}>_[{slot}]_[{player}]%
[16:58:31] [Server thread/INFO]: [ItemEdit]     shows how many itemid player has on slot
[16:58:31] [Server thread/INFO]: [ItemEdit]     <{itemid}> for item id on serveritem
[16:58:31] [Server thread/INFO]: [ItemEdit]     [{slot}] for the slot where the item should be counted, by default inventory
[16:58:31] [Server thread/INFO]: [ItemEdit]       Values: inventory (include offhand), equip (include offhand), inventoryandequip (include offhand), hand, offhand, head, chest, legs, feet
[16:58:31] [Server thread/INFO]: [ItemEdit]     [{player}] for the player, by default self
[16:58:31] [Server thread/INFO]: [ItemEdit]     example: %itemedit_amount_{my_item_id}_{hand}%
[16:58:31] [Server thread/INFO]: [PlaceholderAPI] Successfully registered internal expansion: itemedit [1.0]
[16:58:31] [Server thread/INFO]: [ItemEdit] Hooking into MythicMobs
[16:58:31] [Server thread/INFO]: [ItemEdit] # Enabled (took 507 ms)
[16:58:31] [Server thread/INFO]: [Skulls] Enabling Skulls v3.28.0
[16:58:31] [Server thread/INFO]:  
[16:58:31] [Server thread/INFO]: =============================
[16:58:31] [Server thread/INFO]: Skulls v3.28.0 by Tweetzy
[16:58:31] [Server thread/INFO]: Developer: Kiran Hart
[16:58:32] [Server thread/INFO]: [Skulls] Initializing SQLite connection pool for Skulls
[16:58:32] [Server thread/INFO]: [ca.tweetzy.skulls.flight.third_party.com.zaxxer.HikariDataSource] HikariPool-1 - Starting...
[16:58:32] [Server thread/INFO]: [ca.tweetzy.skulls.flight.third_party.com.zaxxer.HikariDataSource] HikariPool-1 - Start completed.
[16:58:32] [Server thread/INFO]: [Skulls] SQLite connection pool initialized successfully
[16:58:32] [Server thread/INFO]: Skulls » Setting up vault economy provider
[16:58:33] [Server thread/INFO]: [FlightCore] Enabling metrics for Skulls
[16:58:33] [Server thread/INFO]: =============================
[16:58:33] [Server thread/INFO]:  
[16:58:33] [Server thread/INFO]: [AdvancedEnchantments] Enabling AdvancedEnchantments v9.22.7
[16:58:33] [Server thread/INFO]: [AdvancedEnchantments] Loading Minecraft Version MC1_21_R7
[16:58:34] [Server thread/INFO]: [AdvancedEnchantments] Loaded 7 armor sets.
[16:58:34] [Server thread/INFO]: [AdvancedEnchantments] Loaded 5 weapons.
[16:58:35] [Server thread/INFO]: [AdvancedEnchantments] Successfully hooked into economy plugin (Vault)
[16:58:35] [Server thread/INFO]: [PlaceholderAPI] Successfully registered internal expansion: advancedenchantments [1.0.0]
[16:58:35] [Server thread/INFO]: [zMenu] Enabling zMenu v1.1.0.7
[16:58:35] [Server thread/INFO]: [zMenu v1.1.0.7] === ENABLE START ===
[16:58:35] [Server thread/INFO]: [zMenu v1.1.0.7] Plugin Version V1.1.0.7
[16:58:35] [Server thread/INFO]: [PlaceholderAPI] Successfully registered internal expansion: zmenu [1.1.0.7]
[16:58:35] [Server thread/INFO]: [zMenu] The database connection is valid ! (SQLITE)
[16:58:35] [Server thread/INFO]: [zMenu] Use ComponentMeta
[16:58:35] [Server thread/INFO]: [zMenu v1.1.0.7] Paper server detected, loading Dialogs support
[16:58:35] [Server thread/INFO]: [zMenu v1.1.0.7] zMenu Config
[16:58:35] [Server thread/INFO]: [zMenu] Registered Eco material loader
[16:58:35] [Server thread/INFO]: [zMenu] Registered ExecutableItems material loader
[16:58:35] [Server thread/INFO]: [zMenu] Registered MythicMobs material loader and listener
[16:58:36] [Server thread/INFO]: [zMenu v1.1.0.7] plugins/zMenu/patterns/pattern_example.yml loaded successfully !
[16:58:36] [Server thread/INFO]: [zMenu v1.1.0.7] plugins/zMenu/inventories/examples/cookies.yml loaded successfully !
[16:58:36] [Server thread/INFO]: [zMenu v1.1.0.7] plugins/zMenu/inventories/examples/switch.yml loaded successfully !
[16:58:37] [Server thread/INFO]: [zMenu v1.1.0.7] plugins/zMenu/inventories/examples/playtimes.yml loaded successfully !
[16:58:37] [Server thread/INFO]: [zMenu v1.1.0.7] plugins/zMenu/inventories/advanced_inventory.yml loaded successfully !
[16:58:37] [Server thread/INFO]: [zMenu v1.1.0.7] plugins/zMenu/inventories/basic_inventory.yml loaded successfully !
[16:58:37] [Server thread/INFO]: [zMenu v1.1.0.7] plugins/zMenu/inventories/pro_inventory.yml loaded successfully !
[16:58:37] [Server thread/INFO]: [zMenu v1.1.0.7] plugins/zMenu/inventories/INVENTORY-WARPS.yml loaded successfully !
[16:58:37] [Server thread/INFO]: [zMenu v1.1.0.7] plugins/zMenu/inventories/recompensas.yml loaded successfully !
[16:58:37] [Server thread/INFO]: [zMenu v1.1.0.7] plugins/zMenu/inventories/example_punish.yml loaded successfully !
[16:58:37] [Server thread/INFO]: [zMenu v1.1.0.7] plugins/zMenu/website/inventories.yml loaded successfully !
[16:58:37] [Server thread/INFO]: [zMenu v1.1.0.7] plugins/zMenu/dialogs/confirmation-dialog.yml loaded successfully!
[16:58:37] [Server thread/INFO]: [zMenu v1.1.0.7] plugins/zMenu/dialogs/multi_action-dialog.yml loaded successfully!
[16:58:37] [Server thread/INFO]: [zMenu v1.1.0.7] plugins/zMenu/dialogs/default-dialog.yml loaded successfully!
[16:58:37] [Server thread/INFO]: [zMenu v1.1.0.7] plugins/zMenu/dialogs/server_link-dialog.yml loaded successfully!
[16:58:37] [Server thread/INFO]: [zMenu v1.1.0.7] Command /basic_command successfully register.
[16:58:37] [Server thread/INFO]: [zMenu v1.1.0.7] Command /advanced_command successfully register.
[16:58:37] [Server thread/INFO]: [zMenu v1.1.0.7] Command /pro_command successfully register.
[16:58:37] [Server thread/INFO]: [zMenu v1.1.0.7] Command /openbook successfully register.
[16:58:37] [Server thread/INFO]: [zMenu v1.1.0.7] Command /punish successfully register.
[16:58:37] [Server thread/INFO]: [zMenu v1.1.0.7] 
[16:58:37] [Server thread/INFO]: [zMenu v1.1.0.7] You can support zMenu by upgrading your account here: https://minecraft-inventory-builder.com/account-upgrade
[16:58:37] [Server thread/INFO]: [zMenu v1.1.0.7] zMenu’s site includes an inventory editor (under development), a marketplace (already available) is a forum (under development)
[16:58:37] [Server thread/INFO]: [zMenu v1.1.0.7] 
[16:58:37] [Server thread/INFO]: [zMenu v1.1.0.7] Loading 6 commands
[16:58:37] [Server thread/INFO]: [zMenu v1.1.0.7] === ENABLE DONE (1943ms) ===
[16:58:37] [Server thread/INFO]: [VotifierPlus] Enabling VotifierPlus v1.4.3
[16:58:37] [Server thread/INFO]: [VotifierPlus] Votifier enabled.
[16:58:37] [Server thread/INFO]: [EcoItems] Enabling EcoItems v5.66.0
[16:58:37] [Server thread/INFO]: [EcoItems] Loading EcoItems
[16:58:37] [Server thread/INFO]: [PlaceholderAPI] Successfully registered internal expansion: ecoitems [5.66.0]
[16:58:38] [Server thread/INFO]: [AxSellwands] Enabling AxSellwands v1.12.0
[16:58:39] [Server thread/INFO]: [AxSellwands] Hooked into Vault!
[16:58:39] [Server thread/INFO]: [AxSellwands] Using builtin prices!
[16:58:39] [Server thread/INFO]: [PlaceholderAPI] Successfully registered internal expansion: axsellwands [1.0.0]
[16:58:39] [Server thread/INFO]: [AxSellwands] Hooked into WorldGuard!
[16:58:39] [Server thread/INFO]: [AxSellwands] Loaded plugin!
[16:58:40] [Server thread/INFO]: [AdvancedKits] Enabling AdvancedKits v1.21.29
[16:58:40] [Server thread/INFO]: [AdvancedKits] Bootstrapping runtime (libraries & configuration)...
[16:58:40] [Server thread/INFO]: [AdvancedKits] Loading library boosted-yaml
[16:58:40] [Server thread/INFO]: [AdvancedKits] Loading library YamlAssist
[16:58:40] [Server thread/INFO]: [AdvancedKits] Loading library gson
[16:58:40] [Server thread/INFO]: [AdvancedKits] Loading library XSeries
[16:58:40] [Server thread/INFO]: [AdvancedKits] Loading library fast-uuid
[16:58:40] [Server thread/INFO]: [AdvancedKits] Loading library bstats-bukkit
[16:58:41] [Server thread/INFO]: [AdvancedKits] Loading library bstats-base
[16:58:41] [Server thread/INFO]: [AdvancedKits] Loading library adventure-api
[16:58:41] [Server thread/INFO]: [AdvancedKits] Loading library adventure-key
[16:58:41] [Server thread/INFO]: [AdvancedKits] Loading library examination-api
[16:58:41] [Server thread/INFO]: [AdvancedKits] Loading library examination-string
[16:58:41] [Server thread/INFO]: [AdvancedKits] Loading library adventure-text-serializer-legacy
[16:58:41] [Server thread/INFO]: [AdvancedKits] Loading library adventure-text-minimessage
[16:58:41] [Server thread/INFO]: [AdvancedKits] Bootstrap completed successfully in 1,363 ms!
[16:58:41] [Server thread/INFO]: [AdvancedKits] [NBTAPI] Found Minecraft: 1.21.10! Trying to find NMS support
[16:58:41] [Server thread/INFO]: [AdvancedKits] [NBTAPI] NMS support 'MC1_21_R6' loaded!
[16:58:41] [Server thread/INFO]: [AdvancedKits] [NBTAPI] Using the plugin 'AdvancedKits' to create a bStats instance!
[16:58:41] [Server thread/INFO]: [AdvancedKits] Successfully connected to the YAML database!
[16:58:41] [Server thread/INFO]: [AdvancedKits] Successfully registered economy with ID EXP!
[16:58:41] [Server thread/INFO]: [PlaceholderAPI] Successfully registered internal expansion: advancedkits [1.21.29]
[16:58:41] [Server thread/INFO]: [AdvancedKits] Successfully hooked into PlaceholderAPI (EXPANSION)!
[16:58:41] [Server thread/INFO]: [AdvancedKits] Successfully hooked into PlaceholderAPI (PLACEHOLDER)!
[16:58:41] [Server thread/INFO]: [AdvancedKits] Successfully registered economy with ID VAULT!
[16:58:41] [Server thread/INFO]: [AdvancedKits] Successfully hooked into Vault (ECONOMY) [EssentialsX Economy]!
[16:58:41] [Server thread/INFO]: [AdvancedKits] Successfully hooked into ItemEdit (ITEM)!
[16:58:41] [Server thread/INFO]: [AdvancedKits] Successfully registered economy with ID ESSENTIALS!
[16:58:41] [Server thread/INFO]: [AdvancedKits] Successfully hooked into Essentials (ECONOMY)!
[16:58:41] [Server thread/INFO]: [AdvancedKits] Successfully hooked into Skulls (ITEM)!
[16:58:41] [Server thread/INFO]: [AdvancedKits] Successfully hooked into MythicMobs (ITEM)!
[16:58:41] [Server thread/INFO]: [AdvancedKits] Enabled asynchronous tab completion support with PaperSpigot!
[16:58:42] [Server thread/INFO]: [AdvancedKits] Successfully enabled in 2,145 ms!
[16:58:42] [/INFO]: [AdvancedKits] There is a new update available.
[16:58:42] [/INFO]: [AdvancedKits] Current installed version: v1.21.29
[16:58:42] [/INFO]: [AdvancedKits] Latest available version: v1.22.13
[16:58:42] [/INFO]: [AdvancedKits] Download link: https://www.spigotmc.org/resources/90054/
[16:58:42] [Server thread/INFO]: [EcoJobs] Enabling EcoJobs v3.72.0
[16:58:42] [Server thread/INFO]: [EcoJobs] Loading EcoJobs
[16:58:42] [Server thread/INFO]: [PlaceholderAPI] Successfully registered internal expansion: ecojobs [3.72.0]
[16:58:43] [Server thread/INFO]: [VoidTeleport] Enabling VoidTeleport v2.4.5
[16:58:43] [Server thread/INFO]: 

                ===================================================
                                    VoidTeleport
                ===================================================

                              Current version: 2.4.5
                        You are running the latest version!

                ===================================================

[16:58:43] [Server thread/INFO]: [VoidTeleport] Developed by EndlessGames.
[16:58:43] [Server thread/INFO]: [DeepVoid] Enabling DeepVoid v2.22.0
[16:58:43] [Server thread/INFO]: [DeepVoid] Database tables initialized
[16:58:43] [Server thread/INFO]: [DeepVoid] Loaded 3 managed worlds and 0 DeepVoid worlds from database
[16:58:43] [Server thread/INFO]: [DeepVoid] Saved world data to database
[16:58:43] [Server thread/INFO]: [DeepVoid] Saved world data to database
[16:58:43] [Server thread/INFO]: [DeepVoid] DeepVoid successfully enabled.
[16:58:43] [Server thread/INFO]: [zAuctionHouseV3] Enabling zAuctionHouseV3 v3.2.4.0
[16:58:43] [Server thread/INFO]: [PlaceholderAPI] Successfully registered internal expansion: zauctionhouse [3.2.4.0]
[16:58:43] [Server thread/INFO]: [zAuctionHouseV3 v3.2.4.0] === ENABLE START ===
[16:58:43] [Server thread/INFO]: [zAuctionHouseV3 v3.2.4.0] Plugin Version V3.2.4.0
[16:58:43] [Server thread/INFO]: [zAuctionHouseV3 v3.2.4.0] Loading of 4 price items
[16:58:43] [Server thread/INFO]: [zAuctionHouseV3 v3.2.4.0] /workspaces/Solarking-network/servidor_minecraft/plugins/zAuctionHouseV3/blacklistplayers.json loaded successfully !
[16:58:43] [Server thread/INFO]: [zAuctionHouseV3 v3.2.4.0] Loaded config.yml
[16:58:43] [Server thread/INFO]: [zAuctionHouseV3 v3.2.4.0] Loading of 3 tax items
[16:58:43] [Server thread/INFO]: [zAuctionHouseV3 v3.2.4.0] Loaded 4 blacklist items
[16:58:43] [Server thread/INFO]: [zAuctionHouseV3 v3.2.4.0] Loaded 0 whitelist items
[16:58:43] [Server thread/INFO]: [zAuctionHouseV3 v3.2.4.0] Loading the Examples category with 4 materials
[16:58:43] [Server thread/INFO]: [zAuctionHouseV3 v3.2.4.0] Loading the Blocks category with 1166 materials
[16:58:43] [Server thread/INFO]: [zAuctionHouseV3 v3.2.4.0] Loading the Potions category with 17 materials
[16:58:43] [Server thread/INFO]: [zAuctionHouseV3 v3.2.4.0] Loading the Tools category with 20 materials
[16:58:43] [Server thread/INFO]: [zAuctionHouseV3 v3.2.4.0] Loading the Weapons category with 13 materials
[16:58:43] [Server thread/INFO]: [zAuctionHouseV3 v3.2.4.0] Loading 3 inventories
[16:58:43] [Server thread/INFO]: [zAuctionHouseV3 v3.2.4.0] Loading 0 commands
[16:58:43] [Server thread/INFO]: [zAuctionHouseV3] Using SQLITE for storage
[16:58:43] [Server thread/INFO]: [zAuctionHouseV3 v3.2.4.0] Load SQL...
[16:58:44] [Server thread/INFO]: [zAuctionHouseV3] /workspaces/Solarking-network/servidor_minecraft/plugins/zAuctionHouseV3/logs/2026-02-24.log has been successfully created !
[16:58:44] [Server thread/INFO]: [zMenu v1.1.0.7] plugins/zAuctionHouseV3/patterns/pagination.yml loaded successfully !
[16:58:44] [Server thread/INFO]: [zMenu v1.1.0.7] plugins/zAuctionHouseV3/patterns/auction.yml loaded successfully !
[16:58:44] [Server thread/INFO]: [zMenu v1.1.0.7] plugins/zAuctionHouseV3/patterns/back.yml loaded successfully !
[16:58:44] [Server thread/INFO]: [zMenu v1.1.0.7] plugins/zAuctionHouseV3/patterns/decoration.yml loaded successfully !
[16:58:44] [Server thread/INFO]: [zMenu v1.1.0.7] plugins/zAuctionHouseV3/inventories/category.yml loaded successfully !
[16:58:44] [Server thread/INFO]: [zMenu v1.1.0.7] plugins/zAuctionHouseV3/inventories/economy.yml loaded successfully !
[16:58:44] [Server thread/INFO]: [zMenu v1.1.0.7] plugins/zAuctionHouseV3/inventories/buyconfirminventory.yml loaded successfully !
[16:58:44] [Server thread/INFO]: [zMenu v1.1.0.7] plugins/zAuctionHouseV3/inventories/categories.yml loaded successfully !
[16:58:44] [Server thread/INFO]: [zMenu v1.1.0.7] plugins/zAuctionHouseV3/inventories/sellshow.yml loaded successfully !
[16:58:44] [Server thread/INFO]: [zMenu v1.1.0.7] plugins/zAuctionHouseV3/inventories/adminremove.yml loaded successfully !
[16:58:44] [Server thread/INFO]: [zMenu v1.1.0.7] plugins/zAuctionHouseV3/inventories/buying.yml loaded successfully !
[16:58:44] [Server thread/INFO]: [zMenu v1.1.0.7] plugins/zAuctionHouseV3/inventories/removeconfirm.yml loaded successfully !
[16:58:44] [Server thread/INFO]: [zMenu v1.1.0.7] plugins/zAuctionHouseV3/inventories/search.yml loaded successfully !
[16:58:44] [Server thread/INFO]: [zMenu v1.1.0.7] plugins/zAuctionHouseV3/inventories/expire.yml loaded successfully !
[16:58:44] [Server thread/INFO]: [zMenu v1.1.0.7] plugins/zAuctionHouseV3/inventories/auction.yml loaded successfully !
[16:58:44] [Server thread/INFO]: [zMenu v1.1.0.7] plugins/zAuctionHouseV3/inventories/buyconfirm.yml loaded successfully !
[16:58:44] [Server thread/INFO]: [zMenu v1.1.0.7] plugins/zAuctionHouseV3/inventories/sell.yml loaded successfully !
[16:58:44] [Server thread/INFO]: [zMenu v1.1.0.7] plugins/zAuctionHouseV3/inventories/show.yml loaded successfully !
[16:58:44] [Server thread/INFO]: [zMenu v1.1.0.7] plugins/zAuctionHouseV3/inventories/items.yml loaded successfully !
[16:58:44] [Server thread/WARN]: [CurrenciesAPI] The framework is not up to date, the latest version is 1.0.11
[16:58:44] [Server thread/INFO]: [zAuctionHouseV3 v3.2.4.0] Register VAULT economy with name vault
[16:58:44] [Server thread/INFO]: [zAuctionHouseV3 v3.2.4.0] Register ProtocolLib implementation
[16:58:44] [Server thread/INFO]: [zAuctionHouseV3 v3.2.4.0] === ENABLE DONE (1167ms) ===
[16:58:44] [Server thread/INFO]: [DeluxeMenus] Enabling DeluxeMenus v1.14.1-Release
[16:58:44] [Server thread/INFO]: [DeluxeMenus] Successfully hooked into PlaceholderAPI!
[16:58:45] [Server thread/INFO]: [DeluxeMenus] Successfully hooked into Vault!
[16:58:45] [Server thread/WARN]: [DeluxeMenus] Found 'data' option for item: fill in menu: ranks. This option is deprecated and will be removed soon. Please use 'damage' instead.
[16:58:45] [Server thread/INFO]: [DeluxeMenus] 1 GUI menus loaded!
[16:58:45] [Server thread/INFO]: [PlaceholderAPI] Successfully registered internal expansion: deluxemenus [1.14.1-Release]
[16:58:45] [Server thread/INFO]: [DeluxeMenus] You are running the latest version of DeluxeMenus!
[16:58:45] [Server thread/INFO]: [AxRewards] Enabling AxRewards v3.7.0
[16:58:46] [Server thread/INFO]: [PlaceholderAPI] Successfully registered internal expansion: axrewards [1.0.0]
[16:58:46] [Server thread/INFO]: [AxRewards] Hooked into PlaceholderAPI!
[16:58:46] [Server thread/ERROR]: Error occurred while enabling AxRewards v3.7.0 (Is it up to date?)
java.lang.IllegalStateException: A command with path 'axrewards reset' already exists!
	at AxRewards-3.7.0.jar/com.artillexstudios.axrewards.libs.lamp.core.CommandParser.putOrError(CommandParser.java:563) ~[AxRewards-3.7.0.jar:?]
	at AxRewards-3.7.0.jar/com.artillexstudios.axrewards.libs.lamp.core.CommandParser.lambda$parse$4(CommandParser.java:203) ~[AxRewards-3.7.0.jar:?]
	at java.base/java.util.ArrayList.forEach(ArrayList.java:1596) ~[?:?]
	at AxRewards-3.7.0.jar/com.artillexstudios.axrewards.libs.lamp.core.CommandParser.parse(CommandParser.java:168) ~[AxRewards-3.7.0.jar:?]
	at AxRewards-3.7.0.jar/com.artillexstudios.axrewards.libs.lamp.core.CommandParser.parse(CommandParser.java:109) ~[AxRewards-3.7.0.jar:?]
	at AxRewards-3.7.0.jar/com.artillexstudios.axrewards.libs.lamp.core.BaseCommandHandler.register(BaseCommandHandler.java:185) ~[AxRewards-3.7.0.jar:?]
	at AxRewards-3.7.0.jar/com.artillexstudios.axrewards.libs.lamp.bukkit.core.BukkitHandler.register(BukkitHandler.java:149) ~[AxRewards-3.7.0.jar:?]
	at AxRewards-3.7.0.jar/com.artillexstudios.axrewards.commands.CommandManager.load(CommandManager.java:73) ~[AxRewards-3.7.0.jar:?]
	at AxRewards-3.7.0.jar/com.artillexstudios.axrewards.AxRewards.enable(AxRewards.java:118) ~[AxRewards-3.7.0.jar:?]
	at AxRewards-3.7.0.jar/com.artillexstudios.axrewards.libs.axapi.AxPlugin.onEnable(AxPlugin.java:146) ~[AxRewards-3.7.0.jar:?]
	at org.bukkit.plugin.java.JavaPlugin.setEnabled(JavaPlugin.java:279) ~[paper-api-1.21.10-R0.1-SNAPSHOT.jar:?]
	at io.papermc.paper.plugin.manager.PaperPluginInstanceManager.enablePlugin(PaperPluginInstanceManager.java:202) ~[paper-1.21.10.jar:1.21.10-117-df4b668]
	at io.papermc.paper.plugin.manager.PaperPluginManagerImpl.enablePlugin(PaperPluginManagerImpl.java:109) ~[paper-1.21.10.jar:1.21.10-117-df4b668]
	at org.bukkit.plugin.SimplePluginManager.enablePlugin(SimplePluginManager.java:520) ~[paper-api-1.21.10-R0.1-SNAPSHOT.jar:?]
	at org.bukkit.craftbukkit.CraftServer.enablePlugin(CraftServer.java:639) ~[paper-1.21.10.jar:1.21.10-117-df4b668]
	at org.bukkit.craftbukkit.CraftServer.enablePlugins(CraftServer.java:596) ~[paper-1.21.10.jar:1.21.10-117-df4b668]
	at net.minecraft.server.MinecraftServer.initPostWorld(MinecraftServer.java:637) ~[paper-1.21.10.jar:1.21.10-117-df4b668]
	at net.minecraft.server.dedicated.DedicatedServer.initServer(DedicatedServer.java:368) ~[paper-1.21.10.jar:1.21.10-117-df4b668]
	at net.minecraft.server.MinecraftServer.runServer(MinecraftServer.java:1257) ~[paper-1.21.10.jar:1.21.10-117-df4b668]
	at net.minecraft.server.MinecraftServer.lambda$spin$2(MinecraftServer.java:384) ~[paper-1.21.10.jar:1.21.10-117-df4b668]
	at java.base/java.lang.Thread.run(Thread.java:1583) ~[?:?]
[16:58:46] [Server thread/INFO]: [AxRewards] Disabling AxRewards v3.7.0
[16:58:46] [Server thread/INFO]: [FancyNpcs] Enabling FancyNpcs v2.9.1
[16:58:46] [Server thread/WARN]: [org.mineskin.MineSkinClient] Creating MineSkinClient without API key
[16:58:46] [Thread-23/WARN]: [FancyNpcs] 
-------------------------------------------------------
You are not using the latest version of the FancyNpcs plugin.
Please update to the newest version (2.9.2).
https://modrinth.com/plugin/FancyNpcs
-------------------------------------------------------

[16:58:46] [FancyLogger/INFO]: [FancyNpcs] (Thread-23) WARN: You are not using the latest version of the FancyNpcs plugin.
[16:58:47] [FancyLogger/INFO]: [FancyNpcs] (Server thread) INFO: FancyNpcs (2.9.1) has been enabled.
[16:58:47] [Server thread/INFO]: [InfiniteGUI] Enabling InfiniteGUI v1.1.10
[16:58:47] [Server thread/INFO]: [InfiniteGUI]    
   ####   ###  ##  ### ###    ####   ###  ##    ####   #### ##  ### ###            ## ##   ##  ###    ####   
    ##      ## ##   ##  ##     ##      ## ##     ##    # ## ##   ##  ##           ##   ##  ##   ##     ##    
    ##     # ## #   ##         ##     # ## #     ##      ##      ##               ##       ##   ##     ##    
    ##     ## ##    ## ##      ##     ## ##      ##      ##      ## ##            ##  ###  ##   ##     ##    
    ##     ##  ##   ##         ##     ##  ##     ##      ##      ##               ##   ##  ##   ##     ##    
    ##     ##  ##   ##         ##     ##  ##     ##      ##      ##  ##           ##   ##  ##   ##     ##    
   ####   ###  ##  ####       ####   ###  ##    ####    ####    ### ###            ## ##    ## ##     ####
 
[16:58:47] [Server thread/INFO]: [NBTAPI] [NBTAPI] Found Minecraft: 1.21.10! Trying to find NMS support
[16:58:47] [Server thread/WARN]: [NBTAPI] [NBTAPI] This Server-Version(1.21.10-R0.1-SNAPSHOT) is not supported by this NBT-API Version(2.13.1) located in InfiniteGUI. The NBT-API will try to work as good as it can! Some functions may not work!
[16:58:47] [Server thread/INFO]: [NBTAPI] [NBTAPI] Using the plugin 'InfiniteGUI' to create a bStats instance!
[16:58:47] [Server thread/INFO]: [PlaceholderAPI] Successfully registered internal expansion: infinitegui [1.1.1]
[16:58:47] [Server thread/INFO]: [ExcellentCrates] Enabling ExcellentCrates v6.6.1
[16:58:47] [Server thread/INFO]: [ExcellentCrates] Powered by nightcore
[16:58:48] [Server thread/INFO]: [com.zaxxer.hikari.HikariDataSource] ExcellentCratesPool - Starting...
[16:58:48] [Server thread/INFO]: [com.zaxxer.hikari.pool.HikariPool] ExcellentCratesPool - Added connection org.sqlite.jdbc4.JDBC4Connection@6bbdbcde
[16:58:48] [Server thread/INFO]: [com.zaxxer.hikari.HikariDataSource] ExcellentCratesPool - Start completed.
[16:58:48] [Server thread/INFO]: [ExcellentCrates] Loaded 8 crate openings.
[16:58:48] [Server thread/INFO]: [ExcellentCrates] Loaded 9 crate keys.
[16:58:48] [Server thread/INFO]: [ExcellentCrates] Loaded 3 rarities!
[16:58:50] [Server thread/INFO]: [ExcellentCrates] Loaded 9 crates.
[16:58:50] [Server thread/INFO]: [PlaceholderAPI] Successfully registered internal expansion: excellentcrates [6.6.1]
[16:58:50] [Server thread/INFO]: [ExcellentCrates] Plugin loaded in 2653 ms!
[16:58:50] [Server thread/INFO]: [EssentialsSpawn] Enabling EssentialsSpawn v2.22.0-dev+57-7775662
[16:58:50] [Server thread/INFO]: [EssentialsSpawn] Starting Metrics. Opt-out using the global bStats config.
[16:58:50] [Server thread/INFO]: [CommandPanels] Enabling CommandPanels v3.23.4
[16:58:50] [Server thread/INFO]: [CommandPanels] RockyHawk's CommandPanels v3.23.4 Plugin Loading...
[16:58:50] [Server thread/INFO]: [NBTAPI] [NBTAPI] Found Minecraft: 1.21.10! Trying to find NMS support
[16:58:50] [Server thread/WARN]: [NBTAPI] [NBTAPI] This Server-Version(1.21.10-R0.1-SNAPSHOT) is not supported by this NBT-API Version(2.15.1-SNAPSHOT) located in CommandPanels. The NBT-API will try to work as good as it can! Some functions may not work!
[16:58:50] [Server thread/INFO]: [NBTAPI] [NBTAPI] Using the plugin 'CommandPanels' to create a bStats instance!
[16:58:51] [Server thread/INFO]: [PlaceholderAPI] Successfully registered internal expansion: commandpanels [3.23.4]
[16:58:51] [Server thread/INFO]: [CommandPanels] RockyHawk's CommandPanels v3.23.4 Plugin Loaded!
[16:58:51] [Server thread/INFO]: [EconomyX] Enabling EconomyX v2.8.3-FINAL*
[16:58:51] [Server thread/INFO]: [EconomyX] Vault found, Economy has been registered.
[16:58:51] [Server thread/INFO]: [EcoSkills] Enabling EcoSkills v3.67.1
[16:58:51] [Server thread/INFO]: [EcoSkills] Loading EcoSkills
[16:58:51] [Server thread/INFO]: [PlaceholderAPI] Successfully registered internal expansion: ecoskills [3.67.1]
[16:58:51] [Server thread/INFO]: [PinataParty] Enabling PinataParty v2.69.3
[16:58:51] [Server thread/INFO]: [PinataParty] Loading data...
[16:58:51] [Server thread/INFO]: [PinataParty] Registering hooks...
[16:58:51] [Server thread/INFO]: [PlaceholderAPI] Successfully registered internal expansion: pinataparty [2.69.3]
[16:58:51] [Server thread/INFO]: [PinataParty] Hooked into PlaceholderAPI
[16:58:51] [Server thread/INFO]: [PinataParty] Hooked into VotifierPlus
[16:58:51] [Server thread/INFO]: [PinataParty] Hooked into Vault
[16:58:51] [Server thread/INFO]: [PinataParty] Registering commands...
[16:58:51] [Server thread/INFO]: [PinataParty] Registering listeners...
[16:58:51] [Server thread/INFO]: [PinataParty] Starting tasks...
[16:58:51] [Server thread/INFO]: [PinataParty] Starting metrics...
[16:58:51] [Server thread/INFO]: [PinataParty] Plugin registered to 429752 | 1390746895
[16:58:51] [Server thread/INFO]: [PinataParty] Done and enabled in 88.97ms
[16:58:51] [Server thread/INFO]: [RavenWelcome] Enabling RavenWelcome v1.0
[16:58:51] [Server thread/INFO]: [PlaceholderAPI] Successfully registered internal expansion: ravenwelcome [1.0]
[16:58:51] [Server thread/INFO]: [RavenWelcome] PlaceholderAPI expansion registered!
[16:58:51] [Server thread/INFO]: [Annoncement] Enabling Annoncement v3.0*
[16:58:51] [Server thread/INFO]: >>----------------------------------
[16:58:51] [Server thread/INFO]: [Annoncement] Loaded
[16:58:51] [Server thread/INFO]: >>----------------------------------
[16:58:51] [Server thread/INFO]: >>----------------------------------
[16:58:51] [Server thread/INFO]: [Annoncement] Config Loaded !
[16:58:51] [Server thread/INFO]: >>----------------------------------
[16:58:51] [Server thread/INFO]: [RealMines] Enabling RealMines v1.8.8
[16:58:51] [Server thread/INFO]: [RealMines]    _____           ____  ____
[16:58:51] [Server thread/INFO]: [RealMines]   | ___ \         | |  \/  (_)  Version: 1.8.8
[16:58:51] [Server thread/INFO]: [RealMines]   | |_/ /___  __ _| | .  . |_ _ __   ___  ___
[16:58:51] [Server thread/INFO]: [RealMines]   |    // _ \/ _` | | |\/| | | '_ \ / _ \/ __|
[16:58:51] [Server thread/INFO]: [RealMines]   | |\ \  __/ (_| | | |  | | | | | |  __/\__ \
[16:58:51] [Server thread/INFO]: [RealMines]   \_| \_\___|\__,_|_\_|  |_/_|_| |_|\___||___/
[16:58:51] [Server thread/INFO]: [RealMines]                          Made by: JoseGamer_PT
[16:58:52] [Server thread/INFO]: [RealMines] Hooked into Vault!
[16:58:52] [Server thread/INFO]: [RealMines] Loading Mines.
[16:58:54] [Server thread/INFO]: [RealMines] Loaded 2 mines and 0 mine signs.
[16:58:54] [Server thread/INFO]: [RealMines] Loaded 0 mine tasks.
[16:58:54] [Server thread/INFO]: [PlaceholderAPI] Successfully registered internal expansion: realmines [1.8.8]
[16:58:54] [Server thread/INFO]: [RealMines] Hooked onto PlaceholderAPI!
[16:58:54] [Server thread/INFO]: [RealMines] Using FAWE/WorldEdit for block placement.
[16:58:54] [Server thread/INFO]: [RealMines] Finished loading in 3.145 seconds.
[16:58:54] [Server thread/INFO]: [RealMines] <------------------ RealMines v1.8.8 ------------------>
[16:58:54] [Server thread/INFO]: [EcoMobs] Enabling EcoMobs v10.24.0
[16:58:54] [Server thread/INFO]: [EcoMobs] Loading EcoMobs
[16:58:54] [Server thread/INFO]: [PlaceholderAPI] Successfully registered internal expansion: ecomobs [10.24.0]
[16:58:54] [Server thread/INFO]: [EcoMobs] Loaded integrations: ModelEngine
[16:58:54] [Server thread/INFO]: [MiniMOTD] Enabling MiniMOTD v2.2.2
[16:58:55] [Server thread/INFO]: [PlayerVaults] Enabling PlayerVaults v3.6.0-bSNAPSHOT*
[16:58:55] [Server thread/INFO]: [Shopkeepers] Enabling Shopkeepers v2.25.0
[16:58:56] [Server thread/INFO]: [Shopkeepers] Loading the data of 31 shopkeepers ...
[16:58:58] [Server thread/INFO]: [Simple_RTP] Enabling Simple_RTP v1.0.2-BETA
[16:58:59] [Server thread/INFO]: [Simple_RTP] Plugin has been enabled!
[16:58:59] [Server thread/INFO]: [Simple_RTP] Thank you for using RTP plugin! by Jaeden
[16:58:59] [Server thread/INFO]: [RealScoreboard] Enabling RealScoreboard v1.5.7
[16:58:59] [Server thread/INFO]: [RealScoreboard]    ____            _ ____                     _                         _
[16:58:59] [Server thread/INFO]: [RealScoreboard]   |  _ \ ___  __ _| / ___|  ___ ___  _ __ ___| |__   ___   __ _ _ __ __| |
[16:58:59] [Server thread/INFO]: [RealScoreboard]   | |_) / _ \/ _` | \___ \ / __/ _ \| '__/ _ \ '_ \ / _ \ / _` | '__/ _` |
[16:58:59] [Server thread/INFO]: [RealScoreboard]   |  _ <  __/ (_| | |___) | (_| (_) | | |  __/ |_) | (_) | (_| | | | (_| |
[16:58:59] [Server thread/INFO]: [RealScoreboard]   |_| \_\___|\__,_|_|____/ \___\___/|_|  \___|_.__/ \___/ \__,_|_|  \__,_|
[16:58:59] [Server thread/INFO]: [RealScoreboard]   Made by: JoseGamer_PT 		                      Version: 1.5.7
[16:58:59] [Server thread/INFO]: [RealScoreboard] 
[16:58:59] [Server thread/INFO]: [RealScoreboard] Loaded 2 conditions.
[16:58:59] [Server thread/INFO]: [RealScoreboard] Loaded 1 scoreboards.
[16:58:59] [Server thread/INFO]: [RealScoreboard] Server version: 1.21.10-R0.1-SNAPSHOT
[16:58:59] [Server thread/INFO]: [RealScoreboard] Finished loading in 0.627 seconds.
[16:58:59] [Server thread/INFO]: [RealScoreboard] <------------------ RealScoreboard v1.5.7 ------------------>
[16:58:59] [Server thread/INFO]: [XVaults] Enabling XVaults v2.1.2
[16:58:59] [Server thread/INFO]: [TAB] Enabling TAB v5.4.0
[16:59:00] [Server thread/INFO]: [TAB] [WARN] [config.yml] playerlist-objective: Playerlist objective value is set to be empty, but the configured value must evaluate to a number. Using 0.
[16:59:00] [Server thread/INFO]: [TAB] [WARN] Found a total of 1 issues.
[16:59:00] [Server thread/INFO]: [TAB] Enabled in 384ms
[16:59:00] [Server thread/INFO]: [EcoPets] Enabling EcoPets v2.77.1*
[16:59:00] [Server thread/INFO]: [EcoPets] Loading EcoPets
[16:59:00] [Server thread/INFO]: [PlaceholderAPI] Successfully registered internal expansion: ecopets [2.77.1]
[16:59:00] [Server thread/INFO]: [EcoPets] Loaded integrations: ModelEngine
[16:59:00] [Server thread/INFO]: [Talismans] Enabling Talismans v6.77.0*
[16:59:00] [Server thread/INFO]: [Talismans] Loading Talismans
[16:59:00] [Server thread/INFO]: [PlaceholderAPI] Successfully registered internal expansion: talismans [6.77.0]
[16:59:00] [Server thread/INFO]: [EcoArmor] Enabling EcoArmor v8.78.0*
[16:59:00] [Server thread/INFO]: [EcoArmor] Loading EcoArmor
[16:59:00] [Server thread/INFO]: [PlaceholderAPI] Successfully registered internal expansion: ecoarmor [8.78.0]
[16:59:00] [Server thread/INFO]: [Rankup] Enabling Rankup v3.15.2
[16:59:01] [Server thread/INFO]: [PlaceholderAPI] Successfully registered internal expansion: rankup [3.15.2]
[16:59:01] [Server thread/INFO]: [BattlePass] Enabling BattlePass v5.0.3
[16:59:01] [Server thread/INFO]: [BattlePass] Finished loading the week-2 quests. All quests loaded successfully.
[16:59:01] [Server thread/INFO]: [BattlePass] Finished loading the event-easter quests. All quests loaded successfully.
[16:59:01] [Server thread/INFO]: [BattlePass] Finished loading the week-1 quests. All quests loaded successfully.
[16:59:01] [Server thread/INFO]: [BattlePass] Finished loading the week-4 quests. All quests loaded successfully.
[16:59:01] [Server thread/INFO]: [BattlePass] Finished loading the week-3 quests. All quests loaded successfully.
[16:59:01] [Server thread/INFO]: [BattlePass] Finished loading the week-pool quests. All quests loaded successfully.
[16:59:01] [Server thread/INFO]: [BattlePass] Finished loading the daily quests. All quests loaded successfully.
[16:59:01] [Server thread/INFO]: [BattlePass] Successfully loaded the pass type with the id: free
[16:59:01] [Server thread/INFO]: [BattlePass] Successfully loaded the pass type with the id: premium
[16:59:01] [Server thread/INFO]: [BattlePass] Register PlaceholderAPI placeholders
[16:59:01] [Server thread/INFO]: [PlaceholderAPI] Successfully registered internal expansion: battlepass [1.1]
[16:59:01] [Server thread/INFO]: [AnimaBossBar] Enabling AnimaBossBar v${project.version}
[16:59:02] [Server thread/INFO]: [AnimaBossBar] AnimaBossBar enabled.
[16:59:02] [Server thread/INFO]: [MobsToEggs] Enabling MobsToEggs v1.7.22
[16:59:02] [Server thread/INFO]: [MobsToEggs] Loading files for MobsToEggs...
[16:59:02] [Server thread/INFO]: [MobsToEggs] Loading language: es
[16:59:02] [Server thread/INFO]: [MobsToEggs] Using Dependencies:
[16:59:02] [Server thread/INFO]: [MobsToEggs] ✔️ [Vault, WorldGuard, MythicMobs]
[16:59:02] [Server thread/INFO]: [MobsToEggs] ❌ [NBTAPI, StackMob, Towny]
[16:59:02] [Server thread/INFO]: [libreforge] Enabling libreforge v4.79.0
[16:59:02] [Server thread/INFO]: [libreforge] Loading libreforge
[16:59:02] [Server thread/INFO]: [PlaceholderAPI] Successfully registered internal expansion: libreforge [4.79.0]
[16:59:02] [Server thread/INFO]: [libreforge] Loaded integrations: TAB, FancyNpcs, MythicMobs, ModelEngine, Vault, WorldGuard
[16:59:02] [Server thread/INFO]: [libreforge] 
[16:59:02] [Server thread/INFO]: [libreforge] Hey, what's this plugin doing here? I didn't install it!
[16:59:02] [Server thread/INFO]: [libreforge] libreforge is the effects system for plugins like EcoEnchants,
[16:59:02] [Server thread/INFO]: [libreforge] EcoJobs, EcoItems, etc. If you're looking for config options for
[16:59:02] [Server thread/INFO]: [libreforge] things like cooldown messages, lrcdb, and stuff like that, you'll
[16:59:02] [Server thread/INFO]: [libreforge] find it under /plugins/libreforge
[16:59:02] [Server thread/INFO]: [libreforge] 
[16:59:02] [Server thread/INFO]: [libreforge] Don't worry about updating libreforge, it's handled automatically!
[16:59:02] [Server thread/INFO]: [libreforge] 
[16:59:03] [Server thread/INFO]: [spark] Starting background profiler...
[16:59:04] [Server thread/INFO]: [PlaceholderAPI] Placeholder expansion registration initializing...
[16:59:04] [Server thread/INFO]: Running delayed init tasks
[16:59:04] [Thread-34/INFO]: [ModelEngine] [A] 
[16:59:04] [Thread-34/INFO]: [ModelEngine] [A] [Importing models]
[16:59:04] [Thread-34/INFO]: [ModelEngine] [A] Loading cache version: R4.0.8
[16:59:04] [Craft Scheduler Thread - 7 - Essentials/INFO]: [Essentials] Fetching version information...
[16:59:04] [Craft Scheduler Thread - 13 - zAuctionHouseV3/INFO]: [zAuctionHouseV3] The database connection is valid ! (192.168.10.10)
[16:59:04] [Craft Scheduler Thread - 13 - zAuctionHouseV3/INFO]: [zAuctionHouseV3] Executing SQL: PRAGMA table_info(zauctionhouse_options)
[16:59:04] [Craft Scheduler Thread - 13 - zAuctionHouseV3/INFO]: [zAuctionHouseV3 v3.2.4.0] Loading items
[16:59:04] [Craft Scheduler Thread - 9 - EcoItems/WARN]: [EcoItems] EcoItems is out of date! (Version 5.66.0)
[16:59:04] [Craft Scheduler Thread - 9 - EcoItems/WARN]: [EcoItems] The newest version is 5.67.0
[16:59:04] [Craft Scheduler Thread - 9 - EcoItems/WARN]: [EcoItems] Download the new version!
[16:59:04] [Craft Scheduler Thread - 21 - PlayerVaults/INFO]: [PlayerVaults] We didn't find an update!
[16:59:04] [Craft Scheduler Thread - 6 - PinataParty/INFO]: [PinataParty] v2.69.4 is available! You are running v2.69.3!
[16:59:04] [Craft Scheduler Thread - 6 - PinataParty/INFO]: [PinataParty] Download it here: https://www.spigotmc.org/resources/59318/
[16:59:04] [Craft Scheduler Thread - 12 - EcoJobs/WARN]: [EcoJobs] EcoJobs is out of date! (Version 3.72.0)
[16:59:04] [Craft Scheduler Thread - 12 - EcoJobs/WARN]: [EcoJobs] The newest version is 3.78.0
[16:59:04] [Craft Scheduler Thread - 12 - EcoJobs/WARN]: [EcoJobs] Download the new version!
[16:59:04] [Craft Scheduler Thread - 18 - EcoSkills/WARN]: [EcoSkills] EcoSkills is out of date! (Version 3.67.1)
[16:59:04] [Craft Scheduler Thread - 18 - EcoSkills/WARN]: [EcoSkills] The newest version is 3.68.0
[16:59:04] [Craft Scheduler Thread - 18 - EcoSkills/WARN]: [EcoSkills] Download the new version!
[16:59:04] [Craft Scheduler Thread - 24 - Vault/INFO]: [Vault] Checking for Updates ... 
[16:59:04] [Craft Scheduler Thread - 13 - zAuctionHouseV3/INFO]: [zAuctionHouseV3 v3.2.4.0] Loading transactions
[16:59:04] [Craft Scheduler Thread - 9 - Talismans/WARN]: [Talismans] Talismans is out of date! (Version 6.77.0)
[16:59:04] [Craft Scheduler Thread - 9 - Talismans/WARN]: [Talismans] The newest version is 6.78.0
[16:59:04] [Craft Scheduler Thread - 9 - Talismans/WARN]: [Talismans] Download the new version!
[16:59:04] [Server thread/INFO]: [Essentials] Essentials found a compatible payment resolution method: Vault Compatibility Layer (v1.7.3-b131)!
[16:59:04] [Craft Scheduler Thread - 5 - eco/WARN]: [eco] eco is out of date! (Version 6.77.2)
[16:59:04] [Craft Scheduler Thread - 5 - eco/WARN]: [eco] The newest version is 6.77.3
[16:59:04] [Craft Scheduler Thread - 5 - eco/WARN]: [eco] Download the new version!
[16:59:04] [pool-128-thread-1/INFO]: [zAuctionHouseV3 v3.2.4.0] Loading of items successfully completed.
[16:59:04] [Craft Scheduler Thread - 17 - EcoMobs/WARN]: [EcoMobs] EcoMobs is out of date! (Version 10.24.0)
[16:59:04] [Craft Scheduler Thread - 17 - EcoMobs/WARN]: [EcoMobs] The newest version is 10.25.0
[16:59:04] [Craft Scheduler Thread - 17 - EcoMobs/WARN]: [EcoMobs] Download the new version!
[16:59:04] [pool-128-thread-2/INFO]: [zAuctionHouseV3 v3.2.4.0] Loading of transactions successfully completed.
[16:59:04] [Craft Scheduler Thread - 15 - RealScoreboard/INFO]: [RealScoreboard] The plugin is updated to the latest version.
[16:59:04] [Craft Scheduler Thread - 24 - Vault/INFO]: [Vault] No new version available
[16:59:04] [Craft Scheduler Thread - 22 - EcoPets/WARN]: [EcoPets] EcoPets is out of date! (Version 2.77.1)
[16:59:04] [Craft Scheduler Thread - 22 - EcoPets/WARN]: [EcoPets] The newest version is 2.78.0
[16:59:04] [Craft Scheduler Thread - 22 - EcoPets/WARN]: [EcoPets] Download the new version!
[16:59:04] [Craft Scheduler Thread - 21 - EcoArmor/WARN]: [EcoArmor] EcoArmor is out of date! (Version 8.78.0)
[16:59:04] [Craft Scheduler Thread - 21 - EcoArmor/WARN]: [EcoArmor] The newest version is 8.79.0
[16:59:04] [Craft Scheduler Thread - 21 - EcoArmor/WARN]: [EcoArmor] Download the new version!
[16:59:04] [Craft Scheduler Thread - 20 - RealMines/INFO]: [RealMines] The plugin is updated to the latest version.
[16:59:05] [pool-24-thread-8/INFO]: [ModelEngine] [A] 
[16:59:05] [pool-24-thread-8/INFO]: [ModelEngine] [A] Importing combo_second.bbmodel.
[16:59:05] [pool-24-thread-8/WARN]: [ModelEngine] [A] --Warning: Missing hitbox.
[16:59:05] [pool-24-thread-4/INFO]: [ModelEngine] [A] 
[16:59:05] [pool-24-thread-4/INFO]: [ModelEngine] [A] Importing black_star_field.bbmodel.
[16:59:05] [pool-24-thread-4/WARN]: [ModelEngine] [A] --Warning: Missing hitbox.
[16:59:05] [pool-24-thread-10/INFO]: [ModelEngine] [A] 
[16:59:05] [pool-24-thread-10/INFO]: [ModelEngine] [A] Importing combo_x.bbmodel.
[16:59:05] [pool-24-thread-10/WARN]: [ModelEngine] [A] --Warning: Missing hitbox.
[16:59:05] [pool-24-thread-10/INFO]: [ModelEngine] [A] 
[16:59:05] [pool-24-thread-10/INFO]: [ModelEngine] [A] Importing internal_fire.bbmodel.
[16:59:05] [pool-24-thread-2/INFO]: [ModelEngine] [A] 
[16:59:05] [pool-24-thread-2/INFO]: [ModelEngine] [A] Importing beam.bbmodel.
[16:59:05] [pool-24-thread-2/WARN]: [ModelEngine] [A] --Warning: Missing hitbox.
[16:59:05] [pool-24-thread-3/INFO]: [ModelEngine] [A] 
[16:59:05] [pool-24-thread-3/INFO]: [ModelEngine] [A] Importing black_hole.bbmodel.
[16:59:05] [pool-24-thread-3/WARN]: [ModelEngine] [A] --Warning: Missing hitbox.
[16:59:05] [pool-24-thread-9/INFO]: [ModelEngine] [A] 
[16:59:05] [pool-24-thread-9/INFO]: [ModelEngine] [A] Importing combo_third.bbmodel.
[16:59:05] [pool-24-thread-9/WARN]: [ModelEngine] [A] --Warning: Missing hitbox.
[16:59:05] [pool-24-thread-6/INFO]: [ModelEngine] [A] 
[16:59:05] [pool-24-thread-6/INFO]: [ModelEngine] [A] Importing buildings_collapse.bbmodel.
[16:59:05] [pool-24-thread-6/WARN]: [ModelEngine] [A] --Warning: Missing hitbox.
[16:59:05] [pool-24-thread-7/INFO]: [ModelEngine] [A] 
[16:59:05] [pool-24-thread-7/INFO]: [ModelEngine] [A] Importing combo_first.bbmodel.
[16:59:05] [pool-24-thread-7/WARN]: [ModelEngine] [A] --Warning: Missing hitbox.
[16:59:05] [pool-24-thread-4/INFO]: [ModelEngine] [A] 
[16:59:05] [pool-24-thread-4/INFO]: [ModelEngine] [A] Importing white_void.bbmodel.
[16:59:05] [pool-24-thread-4/WARN]: [ModelEngine] [A] --Warning: Missing hitbox.
[16:59:05] [Craft Scheduler Thread - 14 - zAuctionHouseV3/INFO]: [zAuctionHouseV3 v3.2.4.0] New update available. Your version: 3.2.4.0, latest version: 3.2.4.5
[16:59:05] [Craft Scheduler Thread - 14 - zAuctionHouseV3/INFO]: [zAuctionHouseV3 v3.2.4.0] Download plugin here: https://groupez.dev/resources/1
[16:59:05] [pool-24-thread-8/INFO]: [ModelEngine] [A] 
[16:59:05] [pool-24-thread-8/INFO]: [ModelEngine] [A] Importing void_storm.bbmodel.
[16:59:05] [pool-24-thread-8/WARN]: [ModelEngine] [A] --Warning: Missing hitbox.
[16:59:05] [Craft Scheduler Thread - 7 - Essentials/WARN]: [Essentials] You're 9 EssentialsX dev build(s) out of date!
[16:59:05] [Craft Scheduler Thread - 7 - Essentials/WARN]: [Essentials] Download it here: https://essentialsx.net/downloads.html
[16:59:05] [Craft Scheduler Thread - 4 - zMenu/INFO]: [zMenu v1.1.0.7] New update available. Your version: 1.1.0.7, latest version: 1.1.1.0
[16:59:05] [Craft Scheduler Thread - 4 - zMenu/INFO]: [zMenu v1.1.0.7] Download plugin here: https://groupez.dev/resources/253
[16:59:05] [pool-24-thread-1/INFO]: [ModelEngine] [A] 
[16:59:05] [pool-24-thread-1/INFO]: [ModelEngine] [A] Importing apocalypse_type_a.bbmodel.
[16:59:05] [pool-24-thread-5/INFO]: [ModelEngine] [A] 
[16:59:05] [pool-24-thread-5/INFO]: [ModelEngine] [A] Importing blackbox.bbmodel.
[16:59:05] [pool-24-thread-5/WARN]: [ModelEngine] [A] --Warning: Missing hitbox.
[16:59:05] [Server thread/INFO]: Skulls » Loaded 102792 skulls in 32,698.175ms
[16:59:05] [Server thread/WARN]: [ExcellentCrates] 
********** PROBLEM REPORT **********
> Subject: <gradient:#991A1A:#5CFCC7>ᴄᴀᴊᴀ ᴠᴏɪᴅ</gradient>
> Path: plugins/ExcellentCrates/crates/void.yml
> Found Problems (1):
└── Opening is invalid!
***********************************

[16:59:05] [Server thread/WARN]: [ExcellentCrates] 
********** PROBLEM REPORT **********
> Subject: <gradient:#59B4DE:#E43A96>ᴄᴀᴊᴀ ʀᴜꜱᴛ</gradient>
> Path: plugins/ExcellentCrates/crates/rust.yml
> Found Problems (1):
└── Opening is invalid!
***********************************

[16:59:05] [Server thread/WARN]: [ExcellentCrates] 
********** PROBLEM REPORT **********
> Subject: <gradient:#491AB8:#FCD05C>ᴄᴀᴊᴀ ᴢᴇɴɪᴛʜ</gradient>
> Path: plugins/ExcellentCrates/crates/zenit.yml
> Found Problems (1):
└── Opening is invalid!
***********************************

[16:59:05] [Server thread/WARN]: [ExcellentCrates] 
********** PROBLEM REPORT **********
> Subject: <gradient:#441A99:#5FFC5C>ᴄᴀᴊᴀ ᴏɴʏx</gradient>
> Path: plugins/ExcellentCrates/crates/onyx.yml
> Found Problems (1):
└── Opening is invalid!
***********************************

[16:59:05] [Server thread/WARN]: [ExcellentCrates] 
********** PROBLEM REPORT **********
> Subject: <gradient:#FF9A00:#FFED8A>ᴄᴀᴊᴀ ꜱᴏʟᴀʀ</gradient>
> Path: plugins/ExcellentCrates/crates/solar.yml
> Found Problems (1):
└── Opening is invalid!
***********************************

[16:59:05] [Server thread/WARN]: [ExcellentCrates] 
********** PROBLEM REPORT **********
> Subject: <gradient:#047600:#047600>ᴄᴀᴊ</gradient><gradient:#047600:#5FE270>ᴀ ᴠᴏᴛᴇ</gradient>
> Path: plugins/ExcellentCrates/crates/vote.yml
> Found Problems (1):
└── Opening is invalid!
***********************************

[16:59:05] [Server thread/WARN]: [ExcellentCrates] 
********** PROBLEM REPORT **********
> Subject: <gradient:#00D441:#78A541>ᴄᴀᴊᴀ ᴅɪɴᴇʀᴏ</gradient>
> Path: plugins/ExcellentCrates/crates/dinero.yml
> Found Problems (1):
└── Opening is invalid!
***********************************

[16:59:05] [Server thread/WARN]: [ExcellentCrates] 
********** PROBLEM REPORT **********
> Subject: <gradient:#FF0000:#FCB65C>ᴄᴀᴊᴀ ᴋᴏᴛʜ</gradient>
> Path: plugins/ExcellentCrates/crates/gradientff0000fcb65cᴄᴀᴊᴀ_ᴋ.yml
> Found Problems (1):
└── Opening is invalid!
***********************************

[16:59:05] [Server thread/INFO]: [PlayerVaults] ** Vaults have already been converted to UUIDs. If this is incorrect, shutdown your server and rename the plugins/PlayerVaults/uuidvaults directory.
[16:59:05] [pool-145-thread-1/INFO]: [BattlePass] [STDOUT] Leaderboards reloaded in 71 ms
[16:59:05] [pool-145-thread-1/WARN]: Nag author(s): '[]' of 'BattlePass v5.0.3' about their usage of System.out/err.print. Please use your plugin's logger instead (JavaPlugin#getLogger).
[16:59:07] [pool-24-thread-9/INFO]: [ModelEngine] [A] 
[16:59:07] [pool-24-thread-9/INFO]: [ModelEngine] [A] Resource pack zipped.
[16:59:07] [pool-24-thread-9/INFO]: [ModelEngine] [A] Generator Profiled:
[16:59:07] [pool-24-thread-9/INFO]: [ModelEngine] [A]  - Import Phase: 912.1ms
[16:59:07] [pool-24-thread-9/INFO]: [ModelEngine] [A]  - Assets Phase: 660.4ms
[16:59:07] [pool-24-thread-9/INFO]: [ModelEngine] [A]  - Zipping Phase: 1,642.0ms
[16:59:11] [Server thread/INFO]: [PlaceholderAPI] An update for PlaceholderAPI (v2.12.2) is available at:
[16:59:11] [Server thread/INFO]: [PlaceholderAPI] https://www.spigotmc.org/resources/placeholderapi.6245/
[16:59:11] [Server thread/INFO]: [PlaceholderAPI] Successfully registered external expansion: vault [1.8.3]
[16:59:11] [Server thread/INFO]: [PlaceholderAPI] Successfully registered external expansion: server [2.6.2]
[16:59:11] [Server thread/INFO]: [PlaceholderAPI] Successfully registered external expansion: statistic [2.0.1]
[16:59:11] [Server thread/INFO]: [PlaceholderAPI] Successfully registered external expansion: player [2.0.8]
[16:59:11] [Server thread/INFO]: [PlaceholderAPI] Successfully registered external expansion: luckperms [5.4-R2]
[16:59:11] [Server thread/INFO]: [PlaceholderAPI] Successfully registered external expansion: essentials [1.5.2]
[16:59:11] [Server thread/INFO]: [PlaceholderAPI] Successfully registered external expansion: localtime [1.2]
[16:59:11] [Server thread/INFO]: 7 placeholder hook(s) registered! 3 placeholder hook(s) have an update available.
[16:59:11] [Server thread/INFO]: Done (170.786s)! For help, type "help"
[16:59:11] [Craft Scheduler Thread - 19 - Skulls/INFO]: Skulls » Running database check :)
[16:59:11] [Server thread/INFO]: [eco] Loaded eco
[16:59:12] [Server thread/INFO]: [EcoItems] Loaded EcoItems
[16:59:12] [Server thread/INFO]: [EcoJobs] Loaded EcoJobs
[16:59:12] [Server thread/INFO]: [EcoSkills] Loaded EcoSkills
[16:59:12] [Server thread/INFO]: [EcoMobs] Loaded EcoMobs
[16:59:12] [Server thread/INFO]: [EcoPets] Loaded EcoPets
[16:59:14] [Server thread/INFO]: [Talismans] Loaded Talismans
[16:59:15] [Server thread/INFO]: [EcoArmor] Loaded EcoArmor
[16:59:16] [Server thread/INFO]: [libreforge] Loaded libreforge
[16:59:17] [Server thread/INFO]: [AdvancedEnchantments] Successfully hooked into ProtocolLib, AdvancedEnchantments, WorldGuard, PlaceholderAPI, MythicMobs, ProtectionStones, Essentials, Vault, LuckPerms.
[16:59:17] [Server thread/INFO]: [AdvancedEnchantments] Hooked into AdvancedEnchantments
[16:59:17] [Server thread/INFO]: [ExcellentCrates] Hooked into ExcellentCrates
[16:59:17] [Server thread/INFO]: [EconomyShopGUI] Hooked into EconomyShopGUI
[16:59:17] [Server thread/INFO]: [MythicMobs] Using internal version as PluginVersion{major=5, minor=11, bugfix=0} for loading MythicMobs.
[16:59:17] [Server thread/INFO]: [MythicMobs] Hooked into MythicMobs
[16:59:17] [Server thread/INFO]: [Shopkeepers] Hooked into Shopkeepers
[16:59:18] [Server thread/INFO]: [VotifierPlus] Hooked into VotifierPlus
[16:59:18] [Craft Scheduler Thread - 19 - Skulls/INFO]: Skulls » Everything looks up-to-date, no issues found. Enjoy!
[16:59:18] [Craft Scheduler Thread - 7 - BattlePass/INFO]: [BattlePass] You're using an outdated version of BattlePass. A new version is available: 5.0.5
[16:59:18] [Craft Scheduler Thread - 7 - BattlePass/INFO]: [BattlePass] Keep your Advanced plugins up to date automatically with MintServers Unlimited Hosting: https://mintservers.com/
[16:59:19] [Craft Scheduler Thread - 10 - SpawnerMeta/INFO]: [Spawner Meta v25.4] New version is available: v25.5! To download visit: https://www.spigotmc.org/resources/spawnermeta.74188/
[16:59:22] [Craft Scheduler Thread - 22 - VotifierPlus/INFO]: [VotifierPlus] VotifierPlus is up to date! Version: 1.4.3
[17:02:11] [User Authenticator #0/INFO]: UUID of player apolofs is 9e9c9df8-57aa-3ef3-8bb9-b85629a1c59c
[17:02:11] [Server thread/INFO]: [HorriblePlayerLoginEventHack] You have plugins listening to the PlayerLoginEvent, this will cause re-configuration APIs to be unavailable: [eco, LuckPerms, Skulls, DeluxeMenus, ProtocolLib, WorldGuard]
[17:02:22] [TAB Processing Thread/INFO]: [TAB] [WARN] Player apolofs's group (karma) is not in sorting list! Sorting list: owner,admin,mod,helper,builder,vip,default. Player will be sorted on the bottom.
[17:02:23] [Server thread/INFO]: Welcome apolofs to the server!
[17:02:23] [Server thread/INFO]: apolofs[/192.168.194.149:54681] logged in with entity id 43 at ([spawn2]-43.67161898529884, 64.0, 40.065167002252174)
[17:02:23] [Craft Scheduler Thread - 20 - RealScoreboard/INFO]: [RealScoreboard] Using 1.17+ ping method.
[17:02:23] [Folia Async Scheduler Thread #0/INFO]: [nLogin] The user apolofs has successfully logged in.
[17:02:42] [Server thread/INFO]: apolofs issued server command: /nlogin
[17:03:19] [Server thread/INFO]: apolofs issued server command: /ecoitems give apolofs 100_dinero
[17:04:21] [Server thread/INFO]: apolofs issued server command: /ecoitems reload
[17:04:21] [Server thread/ERROR]: [EcoItems] 
[17:04:21] [Server thread/ERROR]: [EcoItems] Invalid configuration found at Item ID 100_dinero:
[17:04:21] [Server thread/ERROR]: [EcoItems] (Cause) Argument 'id'
[17:04:21] [Server thread/ERROR]: [EcoItems] (Reason) Invalid effect ID specified: message!
[17:04:21] [Server thread/ERROR]: [EcoItems] 
[17:07:00] [Server thread/INFO]: apolofs issued server command: /ecoitems reload
[17:07:07] [Server thread/INFO]: apolofs issued server command: /ecoitems give apolofs 100_dinero
[17:07:16] [Server thread/INFO]: apolofs issued server command: /ecoitems give apolofs 100_dinero
[17:08:09] [Server thread/INFO]: apolofs issued server command: /ecoitems reload
[17:08:13] [Server thread/INFO]: apolofs issued server command: /ecoitems give apolofs 100_dinero
[17:08:31] [Server thread/INFO]: apolofs issued server command: /crate editor
[17:09:22] [pool-145-thread-1/INFO]: [BattlePass] [STDOUT] Leaderboards reloaded in 41 ms
[17:09:22] [pool-145-thread-1/WARN]: Nag author(s): '[]' of 'BattlePass v5.0.3' about their usage of System.out/err.print. Please use your plugin's logger instead (JavaPlugin#getLogger).
[17:10:26] [Server thread/INFO]: apolofs issued server command: /ecoitems reload
[17:10:32] [Server thread/INFO]: apolofs issued server command: /ecoitems give apolofs 200_dinero
[17:10:37] [Server thread/INFO]: apolofs issued server command: /ecoitems give apolofs 200_dinero
[17:10:43] [Server thread/INFO]: apolofs issued server command: /ecoitems give apolofs 200_dinero
[17:10:47] [Server thread/INFO]: apolofs issued server command: /crate editor
[17:11:05] [Server thread/INFO]: apolofs issued server command: /crate editor
[17:11:31] [Server thread/INFO]: apolofs issued server command: /fly
[17:11:41] [Server thread/INFO]: apolofs issued server command: /pv 4
[17:12:13] [Server thread/INFO]: apolofs issued server command: /pv 2
[17:12:15] [Server thread/INFO]: apolofs issued server command: /pv 3
[17:12:53] [Server thread/INFO]: apolofs issued server command: /crate editor
[17:13:25] [Server thread/INFO]: apolofs issued server command: /pv 4
[17:14:23] [Server thread/INFO]: XVaults Data Auto-Saved.
[17:19:23] [pool-145-thread-1/INFO]: [BattlePass] [STDOUT] Leaderboards reloaded in 51 ms
[17:19:23] [pool-145-thread-1/WARN]: Nag author(s): '[]' of 'BattlePass v5.0.3' about their usage of System.out/err.print. Please use your plugin's logger instead (JavaPlugin#getLogger).
[17:19:38] [Server thread/INFO]: apolofs issued server command: /ecoitems reload
[17:19:50] [Server thread/INFO]: apolofs issued server command: /ecoitems give apolofs 25_dinero
[17:19:57] [Server thread/INFO]: apolofs issued server command: /ecoitems give apolofs 50_dinero_dinero
[17:20:40] [Server thread/INFO]: apolofs issued server command: /ecoitems give apolofs 50_dinero
[17:20:47] [Server thread/INFO]: apolofs issued server command: /ecoitems give apolofs 300_dinero_dinero
[17:20:51] [Server thread/INFO]: apolofs issued server command: /ecoitems give apolofs 300_dinero
[17:20:55] [Server thread/INFO]: apolofs issued server command: /ecoitems give apolofs 400_dinero
[17:21:01] [Server thread/INFO]: apolofs issued server command: /ecoitems give apolofs 500_dinero
[17:21:11] [Server thread/INFO]: apolofs issued server command: /crate editor
[17:29:23] [Server thread/INFO]: XVaults Data Auto-Saved.
[17:29:23] [pool-145-thread-1/INFO]: [BattlePass] [STDOUT] Leaderboards reloaded in 13 ms
[17:29:23] [pool-145-thread-1/WARN]: Nag author(s): '[]' of 'BattlePass v5.0.3' about their usage of System.out/err.print. Please use your plugin's logger instead (JavaPlugin#getLogger).
[17:34:34] [Server thread/INFO]: apolofs issued server command: /ecoitems reload
[17:34:34] [Server thread/WARN]: [EcoItems] Exception loading item at loading config 1.2m_dinero!
[17:34:34] [Server thread/WARN]: java.lang.IllegalArgumentException: ID must match pattern: [a-z0-9_]{1,100} (was 1.2m_dinero)
[17:34:34] [Server thread/WARN]: 	at org.apache.commons.lang.Validate.isTrue(Validate.java:136)
[17:34:34] [Server thread/WARN]: 	at eco-6.77.2-all.jar//com.willfp.eco.core.registry.Registry.register(Registry.java:60)
[17:34:34] [Server thread/WARN]: 	at EcoItems v5.66.0.jar//com.willfp.ecoitems.libreforge.loader.LibreforgePlugin.loadCategory$lambda$9(LibreforgePlugin.kt:96)
[17:34:34] [Server thread/WARN]: 	at EcoItems v5.66.0.jar//com.willfp.ecoitems.libreforge.loader.LibreforgePlugin.withLogs(LibreforgePlugin.kt:131)
[17:34:34] [Server thread/WARN]: 	at EcoItems v5.66.0.jar//com.willfp.ecoitems.libreforge.loader.LibreforgePlugin.loadCategory(LibreforgePlugin.kt:95)
[17:34:34] [Server thread/WARN]: 	at EcoItems v5.66.0.jar//com.willfp.ecoitems.libreforge.loader.LibreforgePlugin.loadCategory$default(LibreforgePlugin.kt:84)
[17:34:34] [Server thread/WARN]: 	at EcoItems v5.66.0.jar//com.willfp.ecoitems.libreforge.loader.LibreforgePlugin._init_$lambda$6(LibreforgePlugin.kt:79)
[17:34:34] [Server thread/WARN]: 	at eco-6.77.2-all.jar//com.willfp.eco.core.EcoPlugin.handleLifecycle(EcoPlugin.java:714)
[17:34:34] [Server thread/WARN]: 	at eco-6.77.2-all.jar//com.willfp.eco.core.EcoPlugin.reload(EcoPlugin.java:640)
[17:34:34] [Server thread/WARN]: 	at eco-6.77.2-all.jar//com.willfp.eco.core.EcoPlugin.reload(EcoPlugin.java:625)
[17:34:34] [Server thread/WARN]: 	at EcoItems v5.66.0.jar//com.willfp.ecoitems.commands.CommandReload.onExecute(CommandReload.kt:9)
[17:34:34] [Server thread/WARN]: 	at eco-6.77.2-all.jar//com.willfp.eco.internal.command.HandledCommand.handleExecution(HandledCommand.kt:108)
[17:34:34] [Server thread/WARN]: 	at eco-6.77.2-all.jar//com.willfp.eco.internal.command.HandledCommand.handleExecution(HandledCommand.kt:99)
[17:34:34] [Server thread/WARN]: 	at eco-6.77.2-all.jar//com.willfp.eco.internal.command.HandledCommand.onCommand(HandledCommand.kt:40)
[17:34:34] [Server thread/WARN]: 	at org.bukkit.command.PluginCommand.execute(PluginCommand.java:45)
[17:34:34] [Server thread/WARN]: 	at io.papermc.paper.command.brigadier.bukkit.BukkitCommandNode$BukkitBrigCommand.run(BukkitCommandNode.java:83)
[17:34:34] [Server thread/WARN]: 	at com.mojang.brigadier.context.ContextChain.runExecutable(ContextChain.java:73)
[17:34:34] [Server thread/WARN]: 	at net.minecraft.commands.execution.tasks.ExecuteCommand.execute(ExecuteCommand.java:30)
[17:34:34] [Server thread/WARN]: 	at net.minecraft.commands.execution.tasks.ExecuteCommand.execute(ExecuteCommand.java:13)
[17:34:34] [Server thread/WARN]: 	at net.minecraft.commands.execution.UnboundEntryAction.lambda$bind$0(UnboundEntryAction.java:8)
[17:34:34] [Server thread/WARN]: 	at net.minecraft.commands.execution.CommandQueueEntry.execute(CommandQueueEntry.java:5)
[17:34:34] [Server thread/WARN]: 	at net.minecraft.commands.execution.ExecutionContext.runCommandQueue(ExecutionContext.java:105)
[17:34:34] [Server thread/WARN]: 	at net.minecraft.commands.Commands.executeCommandInContext(Commands.java:458)
[17:34:34] [Server thread/WARN]: 	at net.minecraft.commands.Commands.performCommand(Commands.java:364)
[17:34:34] [Server thread/WARN]: 	at net.minecraft.commands.Commands.performCommand(Commands.java:352)
[17:34:34] [Server thread/WARN]: 	at net.minecraft.server.network.ServerGamePacketListenerImpl.performUnsignedChatCommand(ServerGamePacketListenerImpl.java:2321)
[17:34:34] [Server thread/WARN]: 	at net.minecraft.server.network.ServerGamePacketListenerImpl.lambda$handleChatCommand$12(ServerGamePacketListenerImpl.java:2294)
[17:34:34] [Server thread/WARN]: 	at net.minecraft.server.TickTask.run(TickTask.java:18)
[17:34:34] [Server thread/WARN]: 	at net.minecraft.util.thread.BlockableEventLoop.doRunTask(BlockableEventLoop.java:176)
[17:34:34] [Server thread/WARN]: 	at net.minecraft.util.thread.ReentrantBlockableEventLoop.doRunTask(ReentrantBlockableEventLoop.java:24)
[17:34:34] [Server thread/WARN]: 	at net.minecraft.server.MinecraftServer.doRunTask(MinecraftServer.java:1537)
[17:34:34] [Server thread/WARN]: 	at net.minecraft.server.MinecraftServer.doRunTask(MinecraftServer.java:180)
[17:34:34] [Server thread/WARN]: 	at net.minecraft.util.thread.BlockableEventLoop.pollTask(BlockableEventLoop.java:150)
[17:34:34] [Server thread/WARN]: 	at net.minecraft.server.MinecraftServer.pollTaskInternal(MinecraftServer.java:1517)
[17:34:34] [Server thread/WARN]: 	at net.minecraft.server.MinecraftServer.pollTask(MinecraftServer.java:1511)
[17:34:34] [Server thread/WARN]: 	at net.minecraft.server.MinecraftServer.recordTaskExecutionTimeWhileWaiting(MinecraftServer.java:1229)
[17:34:34] [Server thread/WARN]: 	at net.minecraft.server.MinecraftServer.runServer(MinecraftServer.java:1352)
[17:34:34] [Server thread/WARN]: 	at net.minecraft.server.MinecraftServer.lambda$spin$2(MinecraftServer.java:384)
[17:34:34] [Server thread/WARN]: 	at java.base/java.lang.Thread.run(Thread.java:1583)
[17:34:34] [Server thread/WARN]: [EcoItems] Exception loading item at loading config 1.4m_dinero!
[17:34:34] [Server thread/WARN]: java.lang.IllegalArgumentException: ID must match pattern: [a-z0-9_]{1,100} (was 1.4m_dinero)
[17:34:34] [Server thread/WARN]: 	at org.apache.commons.lang.Validate.isTrue(Validate.java:136)
[17:34:34] [Server thread/WARN]: 	at eco-6.77.2-all.jar//com.willfp.eco.core.registry.Registry.register(Registry.java:60)
[17:34:34] [Server thread/WARN]: 	at EcoItems v5.66.0.jar//com.willfp.ecoitems.libreforge.loader.LibreforgePlugin.loadCategory$lambda$9(LibreforgePlugin.kt:96)
[17:34:34] [Server thread/WARN]: 	at EcoItems v5.66.0.jar//com.willfp.ecoitems.libreforge.loader.LibreforgePlugin.withLogs(LibreforgePlugin.kt:131)
[17:34:34] [Server thread/WARN]: 	at EcoItems v5.66.0.jar//com.willfp.ecoitems.libreforge.loader.LibreforgePlugin.loadCategory(LibreforgePlugin.kt:95)
[17:34:34] [Server thread/WARN]: 	at EcoItems v5.66.0.jar//com.willfp.ecoitems.libreforge.loader.LibreforgePlugin.loadCategory$default(LibreforgePlugin.kt:84)
[17:34:34] [Server thread/WARN]: 	at EcoItems v5.66.0.jar//com.willfp.ecoitems.libreforge.loader.LibreforgePlugin._init_$lambda$6(LibreforgePlugin.kt:79)
[17:34:34] [Server thread/WARN]: 	at eco-6.77.2-all.jar//com.willfp.eco.core.EcoPlugin.handleLifecycle(EcoPlugin.java:714)
[17:34:34] [Server thread/WARN]: 	at eco-6.77.2-all.jar//com.willfp.eco.core.EcoPlugin.reload(EcoPlugin.java:640)
[17:34:34] [Server thread/WARN]: 	at eco-6.77.2-all.jar//com.willfp.eco.core.EcoPlugin.reload(EcoPlugin.java:625)
[17:34:34] [Server thread/WARN]: 	at EcoItems v5.66.0.jar//com.willfp.ecoitems.commands.CommandReload.onExecute(CommandReload.kt:9)
[17:34:34] [Server thread/WARN]: 	at eco-6.77.2-all.jar//com.willfp.eco.internal.command.HandledCommand.handleExecution(HandledCommand.kt:108)
[17:34:34] [Server thread/WARN]: 	at eco-6.77.2-all.jar//com.willfp.eco.internal.command.HandledCommand.handleExecution(HandledCommand.kt:99)
[17:34:34] [Server thread/WARN]: 	at eco-6.77.2-all.jar//com.willfp.eco.internal.command.HandledCommand.onCommand(HandledCommand.kt:40)
[17:34:34] [Server thread/WARN]: 	at org.bukkit.command.PluginCommand.execute(PluginCommand.java:45)
[17:34:34] [Server thread/WARN]: 	at io.papermc.paper.command.brigadier.bukkit.BukkitCommandNode$BukkitBrigCommand.run(BukkitCommandNode.java:83)
[17:34:34] [Server thread/WARN]: 	at com.mojang.brigadier.context.ContextChain.runExecutable(ContextChain.java:73)
[17:34:34] [Server thread/WARN]: 	at net.minecraft.commands.execution.tasks.ExecuteCommand.execute(ExecuteCommand.java:30)
[17:34:34] [Server thread/WARN]: 	at net.minecraft.commands.execution.tasks.ExecuteCommand.execute(ExecuteCommand.java:13)
[17:34:34] [Server thread/WARN]: 	at net.minecraft.commands.execution.UnboundEntryAction.lambda$bind$0(UnboundEntryAction.java:8)
[17:34:34] [Server thread/WARN]: 	at net.minecraft.commands.execution.CommandQueueEntry.execute(CommandQueueEntry.java:5)
[17:34:34] [Server thread/WARN]: 	at net.minecraft.commands.execution.ExecutionContext.runCommandQueue(ExecutionContext.java:105)
[17:34:34] [Server thread/WARN]: 	at net.minecraft.commands.Commands.executeCommandInContext(Commands.java:458)
[17:34:34] [Server thread/WARN]: 	at net.minecraft.commands.Commands.performCommand(Commands.java:364)
[17:34:34] [Server thread/WARN]: 	at net.minecraft.commands.Commands.performCommand(Commands.java:352)
[17:34:34] [Server thread/WARN]: 	at net.minecraft.server.network.ServerGamePacketListenerImpl.performUnsignedChatCommand(ServerGamePacketListenerImpl.java:2321)
[17:34:34] [Server thread/WARN]: 	at net.minecraft.server.network.ServerGamePacketListenerImpl.lambda$handleChatCommand$12(ServerGamePacketListenerImpl.java:2294)
[17:34:34] [Server thread/WARN]: 	at net.minecraft.server.TickTask.run(TickTask.java:18)
[17:34:34] [Server thread/WARN]: 	at net.minecraft.util.thread.BlockableEventLoop.doRunTask(BlockableEventLoop.java:176)
[17:34:34] [Server thread/WARN]: 	at net.minecraft.util.thread.ReentrantBlockableEventLoop.doRunTask(ReentrantBlockableEventLoop.java:24)
[17:34:34] [Server thread/WARN]: 	at net.minecraft.server.MinecraftServer.doRunTask(MinecraftServer.java:1537)
[17:34:34] [Server thread/WARN]: 	at net.minecraft.server.MinecraftServer.doRunTask(MinecraftServer.java:180)
[17:34:34] [Server thread/WARN]: 	at net.minecraft.util.thread.BlockableEventLoop.pollTask(BlockableEventLoop.java:150)
[17:34:34] [Server thread/WARN]: 	at net.minecraft.server.MinecraftServer.pollTaskInternal(MinecraftServer.java:1517)
[17:34:34] [Server thread/WARN]: 	at net.minecraft.server.MinecraftServer.pollTask(MinecraftServer.java:1511)
[17:34:34] [Server thread/WARN]: 	at net.minecraft.server.MinecraftServer.recordTaskExecutionTimeWhileWaiting(MinecraftServer.java:1229)
[17:34:34] [Server thread/WARN]: 	at net.minecraft.server.MinecraftServer.runServer(MinecraftServer.java:1352)
[17:34:34] [Server thread/WARN]: 	at net.minecraft.server.MinecraftServer.lambda$spin$2(MinecraftServer.java:384)
[17:34:34] [Server thread/WARN]: 	at java.base/java.lang.Thread.run(Thread.java:1583)
[17:34:34] [Server thread/WARN]: [EcoItems] Exception loading item at loading config 1.6m_dinero!
[17:34:34] [Server thread/WARN]: java.lang.IllegalArgumentException: ID must match pattern: [a-z0-9_]{1,100} (was 1.6m_dinero)
[17:34:34] [Server thread/WARN]: 	at org.apache.commons.lang.Validate.isTrue(Validate.java:136)
[17:34:34] [Server thread/WARN]: 	at eco-6.77.2-all.jar//com.willfp.eco.core.registry.Registry.register(Registry.java:60)
[17:34:34] [Server thread/WARN]: 	at EcoItems v5.66.0.jar//com.willfp.ecoitems.libreforge.loader.LibreforgePlugin.loadCategory$lambda$9(LibreforgePlugin.kt:96)
[17:34:34] [Server thread/WARN]: 	at EcoItems v5.66.0.jar//com.willfp.ecoitems.libreforge.loader.LibreforgePlugin.withLogs(LibreforgePlugin.kt:131)
[17:34:34] [Server thread/WARN]: 	at EcoItems v5.66.0.jar//com.willfp.ecoitems.libreforge.loader.LibreforgePlugin.loadCategory(LibreforgePlugin.kt:95)
[17:34:34] [Server thread/WARN]: 	at EcoItems v5.66.0.jar//com.willfp.ecoitems.libreforge.loader.LibreforgePlugin.loadCategory$default(LibreforgePlugin.kt:84)
[17:34:34] [Server thread/WARN]: 	at EcoItems v5.66.0.jar//com.willfp.ecoitems.libreforge.loader.LibreforgePlugin._init_$lambda$6(LibreforgePlugin.kt:79)
[17:34:34] [Server thread/WARN]: 	at eco-6.77.2-all.jar//com.willfp.eco.core.EcoPlugin.handleLifecycle(EcoPlugin.java:714)
[17:34:34] [Server thread/WARN]: 	at eco-6.77.2-all.jar//com.willfp.eco.core.EcoPlugin.reload(EcoPlugin.java:640)
[17:34:34] [Server thread/WARN]: 	at eco-6.77.2-all.jar//com.willfp.eco.core.EcoPlugin.reload(EcoPlugin.java:625)
[17:34:34] [Server thread/WARN]: 	at EcoItems v5.66.0.jar//com.willfp.ecoitems.commands.CommandReload.onExecute(CommandReload.kt:9)
[17:34:34] [Server thread/WARN]: 	at eco-6.77.2-all.jar//com.willfp.eco.internal.command.HandledCommand.handleExecution(HandledCommand.kt:108)
[17:34:34] [Server thread/WARN]: 	at eco-6.77.2-all.jar//com.willfp.eco.internal.command.HandledCommand.handleExecution(HandledCommand.kt:99)
[17:34:34] [Server thread/WARN]: 	at eco-6.77.2-all.jar//com.willfp.eco.internal.command.HandledCommand.onCommand(HandledCommand.kt:40)
[17:34:34] [Server thread/WARN]: 	at org.bukkit.command.PluginCommand.execute(PluginCommand.java:45)
[17:34:34] [Server thread/WARN]: 	at io.papermc.paper.command.brigadier.bukkit.BukkitCommandNode$BukkitBrigCommand.run(BukkitCommandNode.java:83)
[17:34:34] [Server thread/WARN]: 	at com.mojang.brigadier.context.ContextChain.runExecutable(ContextChain.java:73)
[17:34:34] [Server thread/WARN]: 	at net.minecraft.commands.execution.tasks.ExecuteCommand.execute(ExecuteCommand.java:30)
[17:34:34] [Server thread/WARN]: 	at net.minecraft.commands.execution.tasks.ExecuteCommand.execute(ExecuteCommand.java:13)
[17:34:34] [Server thread/WARN]: 	at net.minecraft.commands.execution.UnboundEntryAction.lambda$bind$0(UnboundEntryAction.java:8)
[17:34:34] [Server thread/WARN]: 	at net.minecraft.commands.execution.CommandQueueEntry.execute(CommandQueueEntry.java:5)
[17:34:34] [Server thread/WARN]: 	at net.minecraft.commands.execution.ExecutionContext.runCommandQueue(ExecutionContext.java:105)
[17:34:34] [Server thread/WARN]: 	at net.minecraft.commands.Commands.executeCommandInContext(Commands.java:458)
[17:34:34] [Server thread/WARN]: 	at net.minecraft.commands.Commands.performCommand(Commands.java:364)
[17:34:34] [Server thread/WARN]: 	at net.minecraft.commands.Commands.performCommand(Commands.java:352)
[17:34:34] [Server thread/WARN]: 	at net.minecraft.server.network.ServerGamePacketListenerImpl.performUnsignedChatCommand(ServerGamePacketListenerImpl.java:2321)
[17:34:34] [Server thread/WARN]: 	at net.minecraft.server.network.ServerGamePacketListenerImpl.lambda$handleChatCommand$12(ServerGamePacketListenerImpl.java:2294)
[17:34:34] [Server thread/WARN]: 	at net.minecraft.server.TickTask.run(TickTask.java:18)
[17:34:34] [Server thread/WARN]: 	at net.minecraft.util.thread.BlockableEventLoop.doRunTask(BlockableEventLoop.java:176)
[17:34:34] [Server thread/WARN]: 	at net.minecraft.util.thread.ReentrantBlockableEventLoop.doRunTask(ReentrantBlockableEventLoop.java:24)
[17:34:34] [Server thread/WARN]: 	at net.minecraft.server.MinecraftServer.doRunTask(MinecraftServer.java:1537)
[17:34:34] [Server thread/WARN]: 	at net.minecraft.server.MinecraftServer.doRunTask(MinecraftServer.java:180)
[17:34:34] [Server thread/WARN]: 	at net.minecraft.util.thread.BlockableEventLoop.pollTask(BlockableEventLoop.java:150)
[17:34:34] [Server thread/WARN]: 	at net.minecraft.server.MinecraftServer.pollTaskInternal(MinecraftServer.java:1517)
[17:34:34] [Server thread/WARN]: 	at net.minecraft.server.MinecraftServer.pollTask(MinecraftServer.java:1511)
[17:34:34] [Server thread/WARN]: 	at net.minecraft.server.MinecraftServer.recordTaskExecutionTimeWhileWaiting(MinecraftServer.java:1229)
[17:34:34] [Server thread/WARN]: 	at net.minecraft.server.MinecraftServer.runServer(MinecraftServer.java:1352)
[17:34:34] [Server thread/WARN]: 	at net.minecraft.server.MinecraftServer.lambda$spin$2(MinecraftServer.java:384)
[17:34:34] [Server thread/WARN]: 	at java.base/java.lang.Thread.run(Thread.java:1583)
[17:34:34] [Server thread/WARN]: [EcoItems] Exception loading item at loading config 1.8m_dinero!
[17:34:34] [Server thread/WARN]: java.lang.IllegalArgumentException: ID must match pattern: [a-z0-9_]{1,100} (was 1.8m_dinero)
[17:34:34] [Server thread/WARN]: 	at org.apache.commons.lang.Validate.isTrue(Validate.java:136)
[17:34:34] [Server thread/WARN]: 	at eco-6.77.2-all.jar//com.willfp.eco.core.registry.Registry.register(Registry.java:60)
[17:34:34] [Server thread/WARN]: 	at EcoItems v5.66.0.jar//com.willfp.ecoitems.libreforge.loader.LibreforgePlugin.loadCategory$lambda$9(LibreforgePlugin.kt:96)
[17:34:34] [Server thread/WARN]: 	at EcoItems v5.66.0.jar//com.willfp.ecoitems.libreforge.loader.LibreforgePlugin.withLogs(LibreforgePlugin.kt:131)
[17:34:34] [Server thread/WARN]: 	at EcoItems v5.66.0.jar//com.willfp.ecoitems.libreforge.loader.LibreforgePlugin.loadCategory(LibreforgePlugin.kt:95)
[17:34:34] [Server thread/WARN]: 	at EcoItems v5.66.0.jar//com.willfp.ecoitems.libreforge.loader.LibreforgePlugin.loadCategory$default(LibreforgePlugin.kt:84)
[17:34:34] [Server thread/WARN]: 	at EcoItems v5.66.0.jar//com.willfp.ecoitems.libreforge.loader.LibreforgePlugin._init_$lambda$6(LibreforgePlugin.kt:79)
[17:34:34] [Server thread/WARN]: 	at eco-6.77.2-all.jar//com.willfp.eco.core.EcoPlugin.handleLifecycle(EcoPlugin.java:714)
[17:34:34] [Server thread/WARN]: 	at eco-6.77.2-all.jar//com.willfp.eco.core.EcoPlugin.reload(EcoPlugin.java:640)
[17:34:34] [Server thread/WARN]: 	at eco-6.77.2-all.jar//com.willfp.eco.core.EcoPlugin.reload(EcoPlugin.java:625)
[17:34:34] [Server thread/WARN]: 	at EcoItems v5.66.0.jar//com.willfp.ecoitems.commands.CommandReload.onExecute(CommandReload.kt:9)
[17:34:34] [Server thread/WARN]: 	at eco-6.77.2-all.jar//com.willfp.eco.internal.command.HandledCommand.handleExecution(HandledCommand.kt:108)
[17:34:34] [Server thread/WARN]: 	at eco-6.77.2-all.jar//com.willfp.eco.internal.command.HandledCommand.handleExecution(HandledCommand.kt:99)
[17:34:34] [Server thread/WARN]: 	at eco-6.77.2-all.jar//com.willfp.eco.internal.command.HandledCommand.onCommand(HandledCommand.kt:40)
[17:34:34] [Server thread/WARN]: 	at org.bukkit.command.PluginCommand.execute(PluginCommand.java:45)
[17:34:34] [Server thread/WARN]: 	at io.papermc.paper.command.brigadier.bukkit.BukkitCommandNode$BukkitBrigCommand.run(BukkitCommandNode.java:83)
[17:34:34] [Server thread/WARN]: 	at com.mojang.brigadier.context.ContextChain.runExecutable(ContextChain.java:73)
[17:34:34] [Server thread/WARN]: 	at net.minecraft.commands.execution.tasks.ExecuteCommand.execute(ExecuteCommand.java:30)
[17:34:34] [Server thread/WARN]: 	at net.minecraft.commands.execution.tasks.ExecuteCommand.execute(ExecuteCommand.java:13)
[17:34:34] [Server thread/WARN]: 	at net.minecraft.commands.execution.UnboundEntryAction.lambda$bind$0(UnboundEntryAction.java:8)
[17:34:34] [Server thread/WARN]: 	at net.minecraft.commands.execution.CommandQueueEntry.execute(CommandQueueEntry.java:5)
[17:34:34] [Server thread/WARN]: 	at net.minecraft.commands.execution.ExecutionContext.runCommandQueue(ExecutionContext.java:105)
[17:34:34] [Server thread/WARN]: 	at net.minecraft.commands.Commands.executeCommandInContext(Commands.java:458)
[17:34:34] [Server thread/WARN]: 	at net.minecraft.commands.Commands.performCommand(Commands.java:364)
[17:34:34] [Server thread/WARN]: 	at net.minecraft.commands.Commands.performCommand(Commands.java:352)
[17:34:34] [Server thread/WARN]: 	at net.minecraft.server.network.ServerGamePacketListenerImpl.performUnsignedChatCommand(ServerGamePacketListenerImpl.java:2321)
[17:34:34] [Server thread/WARN]: 	at net.minecraft.server.network.ServerGamePacketListenerImpl.lambda$handleChatCommand$12(ServerGamePacketListenerImpl.java:2294)
[17:34:34] [Server thread/WARN]: 	at net.minecraft.server.TickTask.run(TickTask.java:18)
[17:34:34] [Server thread/WARN]: 	at net.minecraft.util.thread.BlockableEventLoop.doRunTask(BlockableEventLoop.java:176)
[17:34:34] [Server thread/WARN]: 	at net.minecraft.util.thread.ReentrantBlockableEventLoop.doRunTask(ReentrantBlockableEventLoop.java:24)
[17:34:34] [Server thread/WARN]: 	at net.minecraft.server.MinecraftServer.doRunTask(MinecraftServer.java:1537)
[17:34:34] [Server thread/WARN]: 	at net.minecraft.server.MinecraftServer.doRunTask(MinecraftServer.java:180)
[17:34:34] [Server thread/WARN]: 	at net.minecraft.util.thread.BlockableEventLoop.pollTask(BlockableEventLoop.java:150)
[17:34:34] [Server thread/WARN]: 	at net.minecraft.server.MinecraftServer.pollTaskInternal(MinecraftServer.java:1517)
[17:34:34] [Server thread/WARN]: 	at net.minecraft.server.MinecraftServer.pollTask(MinecraftServer.java:1511)
[17:34:34] [Server thread/WARN]: 	at net.minecraft.server.MinecraftServer.recordTaskExecutionTimeWhileWaiting(MinecraftServer.java:1229)
[17:34:34] [Server thread/WARN]: 	at net.minecraft.server.MinecraftServer.runServer(MinecraftServer.java:1352)
[17:34:34] [Server thread/WARN]: 	at net.minecraft.server.MinecraftServer.lambda$spin$2(MinecraftServer.java:384)
[17:34:34] [Server thread/WARN]: 	at java.base/java.lang.Thread.run(Thread.java:1583)
[17:34:34] [Server thread/WARN]: [EcoItems] Exception loading item at loading config 2.5m_dinero!
[17:34:34] [Server thread/WARN]: java.lang.IllegalArgumentException: ID must match pattern: [a-z0-9_]{1,100} (was 2.5m_dinero)
[17:34:34] [Server thread/WARN]: 	at org.apache.commons.lang.Validate.isTrue(Validate.java:136)
[17:34:34] [Server thread/WARN]: 	at eco-6.77.2-all.jar//com.willfp.eco.core.registry.Registry.register(Registry.java:60)
[17:34:34] [Server thread/WARN]: 	at EcoItems v5.66.0.jar//com.willfp.ecoitems.libreforge.loader.LibreforgePlugin.loadCategory$lambda$9(LibreforgePlugin.kt:96)
[17:34:34] [Server thread/WARN]: 	at EcoItems v5.66.0.jar//com.willfp.ecoitems.libreforge.loader.LibreforgePlugin.withLogs(LibreforgePlugin.kt:131)
[17:34:34] [Server thread/WARN]: 	at EcoItems v5.66.0.jar//com.willfp.ecoitems.libreforge.loader.LibreforgePlugin.loadCategory(LibreforgePlugin.kt:95)
[17:34:34] [Server thread/WARN]: 	at EcoItems v5.66.0.jar//com.willfp.ecoitems.libreforge.loader.LibreforgePlugin.loadCategory$default(LibreforgePlugin.kt:84)
[17:34:34] [Server thread/WARN]: 	at EcoItems v5.66.0.jar//com.willfp.ecoitems.libreforge.loader.LibreforgePlugin._init_$lambda$6(LibreforgePlugin.kt:79)
[17:34:34] [Server thread/WARN]: 	at eco-6.77.2-all.jar//com.willfp.eco.core.EcoPlugin.handleLifecycle(EcoPlugin.java:714)
[17:34:34] [Server thread/WARN]: 	at eco-6.77.2-all.jar//com.willfp.eco.core.EcoPlugin.reload(EcoPlugin.java:640)
[17:34:34] [Server thread/WARN]: 	at eco-6.77.2-all.jar//com.willfp.eco.core.EcoPlugin.reload(EcoPlugin.java:625)
[17:34:34] [Server thread/WARN]: 	at EcoItems v5.66.0.jar//com.willfp.ecoitems.commands.CommandReload.onExecute(CommandReload.kt:9)
[17:34:34] [Server thread/WARN]: 	at eco-6.77.2-all.jar//com.willfp.eco.internal.command.HandledCommand.handleExecution(HandledCommand.kt:108)
[17:34:34] [Server thread/WARN]: 	at eco-6.77.2-all.jar//com.willfp.eco.internal.command.HandledCommand.handleExecution(HandledCommand.kt:99)
[17:34:34] [Server thread/WARN]: 	at eco-6.77.2-all.jar//com.willfp.eco.internal.command.HandledCommand.onCommand(HandledCommand.kt:40)
[17:34:34] [Server thread/WARN]: 	at org.bukkit.command.PluginCommand.execute(PluginCommand.java:45)
[17:34:34] [Server thread/WARN]: 	at io.papermc.paper.command.brigadier.bukkit.BukkitCommandNode$BukkitBrigCommand.run(BukkitCommandNode.java:83)
[17:34:34] [Server thread/WARN]: 	at com.mojang.brigadier.context.ContextChain.runExecutable(ContextChain.java:73)
[17:34:34] [Server thread/WARN]: 	at net.minecraft.commands.execution.tasks.ExecuteCommand.execute(ExecuteCommand.java:30)
[17:34:34] [Server thread/WARN]: 	at net.minecraft.commands.execution.tasks.ExecuteCommand.execute(ExecuteCommand.java:13)
[17:34:34] [Server thread/WARN]: 	at net.minecraft.commands.execution.UnboundEntryAction.lambda$bind$0(UnboundEntryAction.java:8)
[17:34:34] [Server thread/WARN]: 	at net.minecraft.commands.execution.CommandQueueEntry.execute(CommandQueueEntry.java:5)
[17:34:34] [Server thread/WARN]: 	at net.minecraft.commands.execution.ExecutionContext.runCommandQueue(ExecutionContext.java:105)
[17:34:34] [Server thread/WARN]: 	at net.minecraft.commands.Commands.executeCommandInContext(Commands.java:458)
[17:34:34] [Server thread/WARN]: 	at net.minecraft.commands.Commands.performCommand(Commands.java:364)
[17:34:34] [Server thread/WARN]: 	at net.minecraft.commands.Commands.performCommand(Commands.java:352)
[17:34:34] [Server thread/WARN]: 	at net.minecraft.server.network.ServerGamePacketListenerImpl.performUnsignedChatCommand(ServerGamePacketListenerImpl.java:2321)
[17:34:34] [Server thread/WARN]: 	at net.minecraft.server.network.ServerGamePacketListenerImpl.lambda$handleChatCommand$12(ServerGamePacketListenerImpl.java:2294)
[17:34:34] [Server thread/WARN]: 	at net.minecraft.server.TickTask.run(TickTask.java:18)
[17:34:34] [Server thread/WARN]: 	at net.minecraft.util.thread.BlockableEventLoop.doRunTask(BlockableEventLoop.java:176)
[17:34:34] [Server thread/WARN]: 	at net.minecraft.util.thread.ReentrantBlockableEventLoop.doRunTask(ReentrantBlockableEventLoop.java:24)
[17:34:34] [Server thread/WARN]: 	at net.minecraft.server.MinecraftServer.doRunTask(MinecraftServer.java:1537)
[17:34:34] [Server thread/WARN]: 	at net.minecraft.server.MinecraftServer.doRunTask(MinecraftServer.java:180)
[17:34:34] [Server thread/WARN]: 	at net.minecraft.util.thread.BlockableEventLoop.pollTask(BlockableEventLoop.java:150)
[17:34:34] [Server thread/WARN]: 	at net.minecraft.server.MinecraftServer.pollTaskInternal(MinecraftServer.java:1517)
[17:34:34] [Server thread/WARN]: 	at net.minecraft.server.MinecraftServer.pollTask(MinecraftServer.java:1511)
[17:34:34] [Server thread/WARN]: 	at net.minecraft.server.MinecraftServer.recordTaskExecutionTimeWhileWaiting(MinecraftServer.java:1229)
[17:34:34] [Server thread/WARN]: 	at net.minecraft.server.MinecraftServer.runServer(MinecraftServer.java:1352)
[17:34:34] [Server thread/WARN]: 	at net.minecraft.server.MinecraftServer.lambda$spin$2(MinecraftServer.java:384)
[17:34:34] [Server thread/WARN]: 	at java.base/java.lang.Thread.run(Thread.java:1583)
[17:34:34] [Server thread/WARN]: [EcoItems] Exception loading item at loading config 3.5m_dinero!
[17:34:34] [Server thread/WARN]: java.lang.IllegalArgumentException: ID must match pattern: [a-z0-9_]{1,100} (was 3.5m_dinero)
[17:34:34] [Server thread/WARN]: 	at org.apache.commons.lang.Validate.isTrue(Validate.java:136)
[17:34:34] [Server thread/WARN]: 	at eco-6.77.2-all.jar//com.willfp.eco.core.registry.Registry.register(Registry.java:60)
[17:34:34] [Server thread/WARN]: 	at EcoItems v5.66.0.jar//com.willfp.ecoitems.libreforge.loader.LibreforgePlugin.loadCategory$lambda$9(LibreforgePlugin.kt:96)
[17:34:34] [Server thread/WARN]: 	at EcoItems v5.66.0.jar//com.willfp.ecoitems.libreforge.loader.LibreforgePlugin.withLogs(LibreforgePlugin.kt:131)
[17:34:34] [Server thread/WARN]: 	at EcoItems v5.66.0.jar//com.willfp.ecoitems.libreforge.loader.LibreforgePlugin.loadCategory(LibreforgePlugin.kt:95)
[17:34:34] [Server thread/WARN]: 	at EcoItems v5.66.0.jar//com.willfp.ecoitems.libreforge.loader.LibreforgePlugin.loadCategory$default(LibreforgePlugin.kt:84)
[17:34:34] [Server thread/WARN]: 	at EcoItems v5.66.0.jar//com.willfp.ecoitems.libreforge.loader.LibreforgePlugin._init_$lambda$6(LibreforgePlugin.kt:79)
[17:34:34] [Server thread/WARN]: 	at eco-6.77.2-all.jar//com.willfp.eco.core.EcoPlugin.handleLifecycle(EcoPlugin.java:714)
[17:34:34] [Server thread/WARN]: 	at eco-6.77.2-all.jar//com.willfp.eco.core.EcoPlugin.reload(EcoPlugin.java:640)
[17:34:34] [Server thread/WARN]: 	at eco-6.77.2-all.jar//com.willfp.eco.core.EcoPlugin.reload(EcoPlugin.java:625)
[17:34:34] [Server thread/WARN]: 	at EcoItems v5.66.0.jar//com.willfp.ecoitems.commands.CommandReload.onExecute(CommandReload.kt:9)
[17:34:34] [Server thread/WARN]: 	at eco-6.77.2-all.jar//com.willfp.eco.internal.command.HandledCommand.handleExecution(HandledCommand.kt:108)
[17:34:34] [Server thread/WARN]: 	at eco-6.77.2-all.jar//com.willfp.eco.internal.command.HandledCommand.handleExecution(HandledCommand.kt:99)
[17:34:34] [Server thread/WARN]: 	at eco-6.77.2-all.jar//com.willfp.eco.internal.command.HandledCommand.onCommand(HandledCommand.kt:40)
[17:34:34] [Server thread/WARN]: 	at org.bukkit.command.PluginCommand.execute(PluginCommand.java:45)
[17:34:34] [Server thread/WARN]: 	at io.papermc.paper.command.brigadier.bukkit.BukkitCommandNode$BukkitBrigCommand.run(BukkitCommandNode.java:83)
[17:34:34] [Server thread/WARN]: 	at com.mojang.brigadier.context.ContextChain.runExecutable(ContextChain.java:73)
[17:34:34] [Server thread/WARN]: 	at net.minecraft.commands.execution.tasks.ExecuteCommand.execute(ExecuteCommand.java:30)
[17:34:34] [Server thread/WARN]: 	at net.minecraft.commands.execution.tasks.ExecuteCommand.execute(ExecuteCommand.java:13)
[17:34:34] [Server thread/WARN]: 	at net.minecraft.commands.execution.UnboundEntryAction.lambda$bind$0(UnboundEntryAction.java:8)
[17:34:34] [Server thread/WARN]: 	at net.minecraft.commands.execution.CommandQueueEntry.execute(CommandQueueEntry.java:5)
[17:34:34] [Server thread/WARN]: 	at net.minecraft.commands.execution.ExecutionContext.runCommandQueue(ExecutionContext.java:105)
[17:34:34] [Server thread/WARN]: 	at net.minecraft.commands.Commands.executeCommandInContext(Commands.java:458)
[17:34:34] [Server thread/WARN]: 	at net.minecraft.commands.Commands.performCommand(Commands.java:364)
[17:34:34] [Server thread/WARN]: 	at net.minecraft.commands.Commands.performCommand(Commands.java:352)
[17:34:34] [Server thread/WARN]: 	at net.minecraft.server.network.ServerGamePacketListenerImpl.performUnsignedChatCommand(ServerGamePacketListenerImpl.java:2321)
[17:34:34] [Server thread/WARN]: 	at net.minecraft.server.network.ServerGamePacketListenerImpl.lambda$handleChatCommand$12(ServerGamePacketListenerImpl.java:2294)
[17:34:34] [Server thread/WARN]: 	at net.minecraft.server.TickTask.run(TickTask.java:18)
[17:34:34] [Server thread/WARN]: 	at net.minecraft.util.thread.BlockableEventLoop.doRunTask(BlockableEventLoop.java:176)
[17:34:34] [Server thread/WARN]: 	at net.minecraft.util.thread.ReentrantBlockableEventLoop.doRunTask(ReentrantBlockableEventLoop.java:24)
[17:34:34] [Server thread/WARN]: 	at net.minecraft.server.MinecraftServer.doRunTask(MinecraftServer.java:1537)
[17:34:34] [Server thread/WARN]: 	at net.minecraft.server.MinecraftServer.doRunTask(MinecraftServer.java:180)
[17:34:34] [Server thread/WARN]: 	at net.minecraft.util.thread.BlockableEventLoop.pollTask(BlockableEventLoop.java:150)
[17:34:34] [Server thread/WARN]: 	at net.minecraft.server.MinecraftServer.pollTaskInternal(MinecraftServer.java:1517)
[17:34:34] [Server thread/WARN]: 	at net.minecraft.server.MinecraftServer.pollTask(MinecraftServer.java:1511)
[17:34:34] [Server thread/WARN]: 	at net.minecraft.server.MinecraftServer.recordTaskExecutionTimeWhileWaiting(MinecraftServer.java:1229)
[17:34:34] [Server thread/WARN]: 	at net.minecraft.server.MinecraftServer.runServer(MinecraftServer.java:1352)
[17:34:34] [Server thread/WARN]: 	at net.minecraft.server.MinecraftServer.lambda$spin$2(MinecraftServer.java:384)
[17:34:34] [Server thread/WARN]: 	at java.base/java.lang.Thread.run(Thread.java:1583)
[17:34:59] [Server thread/INFO]: apolofs issued server command: /ecoitems give apolofs 600_dinero
[17:35:04] [Server thread/INFO]: apolofs issued server command: /ecoitems give apolofs 700_dinero
[17:35:08] [Server thread/INFO]: apolofs issued server command: /ecoitems give apolofs 800_dinero
[17:35:13] [Server thread/INFO]: apolofs issued server command: /ecoitems give apolofs 900_dinero
[17:35:18] [Server thread/INFO]: apolofs issued server command: /ecoitems give apolofs 1m_dinero
[17:35:22] [Server thread/INFO]: apolofs issued server command: /ecoitems give apolofs 1.2m_dinero
[17:37:44] [Server thread/INFO]: apolofs issued server command: /ecoitems reload
[17:37:44] [Server thread/WARN]: [EcoItems] Exception loading item at loading config 1,2m_dinero!
[17:37:44] [Server thread/WARN]: java.lang.IllegalArgumentException: ID must match pattern: [a-z0-9_]{1,100} (was 1,2m_dinero)
[17:37:44] [Server thread/WARN]: 	at org.apache.commons.lang.Validate.isTrue(Validate.java:136)
[17:37:44] [Server thread/WARN]: 	at eco-6.77.2-all.jar//com.willfp.eco.core.registry.Registry.register(Registry.java:60)
[17:37:44] [Server thread/WARN]: 	at EcoItems v5.66.0.jar//com.willfp.ecoitems.libreforge.loader.LibreforgePlugin.loadCategory$lambda$9(LibreforgePlugin.kt:96)
[17:37:44] [Server thread/WARN]: 	at EcoItems v5.66.0.jar//com.willfp.ecoitems.libreforge.loader.LibreforgePlugin.withLogs(LibreforgePlugin.kt:131)
[17:37:44] [Server thread/WARN]: 	at EcoItems v5.66.0.jar//com.willfp.ecoitems.libreforge.loader.LibreforgePlugin.loadCategory(LibreforgePlugin.kt:95)
[17:37:44] [Server thread/WARN]: 	at EcoItems v5.66.0.jar//com.willfp.ecoitems.libreforge.loader.LibreforgePlugin.loadCategory$default(LibreforgePlugin.kt:84)
[17:37:44] [Server thread/WARN]: 	at EcoItems v5.66.0.jar//com.willfp.ecoitems.libreforge.loader.LibreforgePlugin._init_$lambda$6(LibreforgePlugin.kt:79)
[17:37:44] [Server thread/WARN]: 	at eco-6.77.2-all.jar//com.willfp.eco.core.EcoPlugin.handleLifecycle(EcoPlugin.java:714)
[17:37:44] [Server thread/WARN]: 	at eco-6.77.2-all.jar//com.willfp.eco.core.EcoPlugin.reload(EcoPlugin.java:640)
[17:37:44] [Server thread/WARN]: 	at eco-6.77.2-all.jar//com.willfp.eco.core.EcoPlugin.reload(EcoPlugin.java:625)
[17:37:44] [Server thread/WARN]: 	at EcoItems v5.66.0.jar//com.willfp.ecoitems.commands.CommandReload.onExecute(CommandReload.kt:9)
[17:37:44] [Server thread/WARN]: 	at eco-6.77.2-all.jar//com.willfp.eco.internal.command.HandledCommand.handleExecution(HandledCommand.kt:108)
[17:37:44] [Server thread/WARN]: 	at eco-6.77.2-all.jar//com.willfp.eco.internal.command.HandledCommand.handleExecution(HandledCommand.kt:99)
[17:37:44] [Server thread/WARN]: 	at eco-6.77.2-all.jar//com.willfp.eco.internal.command.HandledCommand.onCommand(HandledCommand.kt:40)
[17:37:44] [Server thread/WARN]: 	at org.bukkit.command.PluginCommand.execute(PluginCommand.java:45)
[17:37:44] [Server thread/WARN]: 	at io.papermc.paper.command.brigadier.bukkit.BukkitCommandNode$BukkitBrigCommand.run(BukkitCommandNode.java:83)
[17:37:44] [Server thread/WARN]: 	at com.mojang.brigadier.context.ContextChain.runExecutable(ContextChain.java:73)
[17:37:44] [Server thread/WARN]: 	at net.minecraft.commands.execution.tasks.ExecuteCommand.execute(ExecuteCommand.java:30)
[17:37:44] [Server thread/WARN]: 	at net.minecraft.commands.execution.tasks.ExecuteCommand.execute(ExecuteCommand.java:13)
[17:37:44] [Server thread/WARN]: 	at net.minecraft.commands.execution.UnboundEntryAction.lambda$bind$0(UnboundEntryAction.java:8)
[17:37:44] [Server thread/WARN]: 	at net.minecraft.commands.execution.CommandQueueEntry.execute(CommandQueueEntry.java:5)
[17:37:44] [Server thread/WARN]: 	at net.minecraft.commands.execution.ExecutionContext.runCommandQueue(ExecutionContext.java:105)
[17:37:44] [Server thread/WARN]: 	at net.minecraft.commands.Commands.executeCommandInContext(Commands.java:458)
[17:37:44] [Server thread/WARN]: 	at net.minecraft.commands.Commands.performCommand(Commands.java:364)
[17:37:44] [Server thread/WARN]: 	at net.minecraft.commands.Commands.performCommand(Commands.java:352)
[17:37:44] [Server thread/WARN]: 	at net.minecraft.server.network.ServerGamePacketListenerImpl.performUnsignedChatCommand(ServerGamePacketListenerImpl.java:2321)
[17:37:44] [Server thread/WARN]: 	at net.minecraft.server.network.ServerGamePacketListenerImpl.lambda$handleChatCommand$12(ServerGamePacketListenerImpl.java:2294)
[17:37:44] [Server thread/WARN]: 	at net.minecraft.server.TickTask.run(TickTask.java:18)
[17:37:44] [Server thread/WARN]: 	at net.minecraft.util.thread.BlockableEventLoop.doRunTask(BlockableEventLoop.java:176)
[17:37:44] [Server thread/WARN]: 	at net.minecraft.util.thread.ReentrantBlockableEventLoop.doRunTask(ReentrantBlockableEventLoop.java:24)
[17:37:44] [Server thread/WARN]: 	at net.minecraft.server.MinecraftServer.doRunTask(MinecraftServer.java:1537)
[17:37:44] [Server thread/WARN]: 	at net.minecraft.server.MinecraftServer.doRunTask(MinecraftServer.java:180)
[17:37:44] [Server thread/WARN]: 	at net.minecraft.util.thread.BlockableEventLoop.pollTask(BlockableEventLoop.java:150)
[17:37:44] [Server thread/WARN]: 	at net.minecraft.server.MinecraftServer.pollTaskInternal(MinecraftServer.java:1517)
[17:37:44] [Server thread/WARN]: 	at net.minecraft.server.MinecraftServer.pollTask(MinecraftServer.java:1511)
[17:37:44] [Server thread/WARN]: 	at net.minecraft.server.MinecraftServer.recordTaskExecutionTimeWhileWaiting(MinecraftServer.java:1229)
[17:37:44] [Server thread/WARN]: 	at net.minecraft.server.MinecraftServer.runServer(MinecraftServer.java:1352)
[17:37:44] [Server thread/WARN]: 	at net.minecraft.server.MinecraftServer.lambda$spin$2(MinecraftServer.java:384)
[17:37:44] [Server thread/WARN]: 	at java.base/java.lang.Thread.run(Thread.java:1583)
[17:37:44] [Server thread/WARN]: [EcoItems] Exception loading item at loading config 1,4m_dinero!
[17:37:44] [Server thread/WARN]: java.lang.IllegalArgumentException: ID must match pattern: [a-z0-9_]{1,100} (was 1,4m_dinero)
[17:37:44] [Server thread/WARN]: 	at org.apache.commons.lang.Validate.isTrue(Validate.java:136)
[17:37:44] [Server thread/WARN]: 	at eco-6.77.2-all.jar//com.willfp.eco.core.registry.Registry.register(Registry.java:60)
[17:37:44] [Server thread/WARN]: 	at EcoItems v5.66.0.jar//com.willfp.ecoitems.libreforge.loader.LibreforgePlugin.loadCategory$lambda$9(LibreforgePlugin.kt:96)
[17:37:44] [Server thread/WARN]: 	at EcoItems v5.66.0.jar//com.willfp.ecoitems.libreforge.loader.LibreforgePlugin.withLogs(LibreforgePlugin.kt:131)
[17:37:44] [Server thread/WARN]: 	at EcoItems v5.66.0.jar//com.willfp.ecoitems.libreforge.loader.LibreforgePlugin.loadCategory(LibreforgePlugin.kt:95)
[17:37:44] [Server thread/WARN]: 	at EcoItems v5.66.0.jar//com.willfp.ecoitems.libreforge.loader.LibreforgePlugin.loadCategory$default(LibreforgePlugin.kt:84)
[17:37:44] [Server thread/WARN]: 	at EcoItems v5.66.0.jar//com.willfp.ecoitems.libreforge.loader.LibreforgePlugin._init_$lambda$6(LibreforgePlugin.kt:79)
[17:37:44] [Server thread/WARN]: 	at eco-6.77.2-all.jar//com.willfp.eco.core.EcoPlugin.handleLifecycle(EcoPlugin.java:714)
[17:37:44] [Server thread/WARN]: 	at eco-6.77.2-all.jar//com.willfp.eco.core.EcoPlugin.reload(EcoPlugin.java:640)
[17:37:44] [Server thread/WARN]: 	at eco-6.77.2-all.jar//com.willfp.eco.core.EcoPlugin.reload(EcoPlugin.java:625)
[17:37:44] [Server thread/WARN]: 	at EcoItems v5.66.0.jar//com.willfp.ecoitems.commands.CommandReload.onExecute(CommandReload.kt:9)
[17:37:44] [Server thread/WARN]: 	at eco-6.77.2-all.jar//com.willfp.eco.internal.command.HandledCommand.handleExecution(HandledCommand.kt:108)
[17:37:44] [Server thread/WARN]: 	at eco-6.77.2-all.jar//com.willfp.eco.internal.command.HandledCommand.handleExecution(HandledCommand.kt:99)
[17:37:44] [Server thread/WARN]: 	at eco-6.77.2-all.jar//com.willfp.eco.internal.command.HandledCommand.onCommand(HandledCommand.kt:40)
[17:37:44] [Server thread/WARN]: 	at org.bukkit.command.PluginCommand.execute(PluginCommand.java:45)
[17:37:44] [Server thread/WARN]: 	at io.papermc.paper.command.brigadier.bukkit.BukkitCommandNode$BukkitBrigCommand.run(BukkitCommandNode.java:83)
[17:37:44] [Server thread/WARN]: 	at com.mojang.brigadier.context.ContextChain.runExecutable(ContextChain.java:73)
[17:37:44] [Server thread/WARN]: 	at net.minecraft.commands.execution.tasks.ExecuteCommand.execute(ExecuteCommand.java:30)
[17:37:44] [Server thread/WARN]: 	at net.minecraft.commands.execution.tasks.ExecuteCommand.execute(ExecuteCommand.java:13)
[17:37:44] [Server thread/WARN]: 	at net.minecraft.commands.execution.UnboundEntryAction.lambda$bind$0(UnboundEntryAction.java:8)
[17:37:44] [Server thread/WARN]: 	at net.minecraft.commands.execution.CommandQueueEntry.execute(CommandQueueEntry.java:5)
[17:37:44] [Server thread/WARN]: 	at net.minecraft.commands.execution.ExecutionContext.runCommandQueue(ExecutionContext.java:105)
[17:37:44] [Server thread/WARN]: 	at net.minecraft.commands.Commands.executeCommandInContext(Commands.java:458)
[17:37:44] [Server thread/WARN]: 	at net.minecraft.commands.Commands.performCommand(Commands.java:364)
[17:37:44] [Server thread/WARN]: 	at net.minecraft.commands.Commands.performCommand(Commands.java:352)
[17:37:44] [Server thread/WARN]: 	at net.minecraft.server.network.ServerGamePacketListenerImpl.performUnsignedChatCommand(ServerGamePacketListenerImpl.java:2321)
[17:37:44] [Server thread/WARN]: 	at net.minecraft.server.network.ServerGamePacketListenerImpl.lambda$handleChatCommand$12(ServerGamePacketListenerImpl.java:2294)
[17:37:44] [Server thread/WARN]: 	at net.minecraft.server.TickTask.run(TickTask.java:18)
[17:37:44] [Server thread/WARN]: 	at net.minecraft.util.thread.BlockableEventLoop.doRunTask(BlockableEventLoop.java:176)
[17:37:44] [Server thread/WARN]: 	at net.minecraft.util.thread.ReentrantBlockableEventLoop.doRunTask(ReentrantBlockableEventLoop.java:24)
[17:37:44] [Server thread/WARN]: 	at net.minecraft.server.MinecraftServer.doRunTask(MinecraftServer.java:1537)
[17:37:44] [Server thread/WARN]: 	at net.minecraft.server.MinecraftServer.doRunTask(MinecraftServer.java:180)
[17:37:44] [Server thread/WARN]: 	at net.minecraft.util.thread.BlockableEventLoop.pollTask(BlockableEventLoop.java:150)
[17:37:44] [Server thread/WARN]: 	at net.minecraft.server.MinecraftServer.pollTaskInternal(MinecraftServer.java:1517)
[17:37:44] [Server thread/WARN]: 	at net.minecraft.server.MinecraftServer.pollTask(MinecraftServer.java:1511)
[17:37:44] [Server thread/WARN]: 	at net.minecraft.server.MinecraftServer.recordTaskExecutionTimeWhileWaiting(MinecraftServer.java:1229)
[17:37:44] [Server thread/WARN]: 	at net.minecraft.server.MinecraftServer.runServer(MinecraftServer.java:1352)
[17:37:44] [Server thread/WARN]: 	at net.minecraft.server.MinecraftServer.lambda$spin$2(MinecraftServer.java:384)
[17:37:44] [Server thread/WARN]: 	at java.base/java.lang.Thread.run(Thread.java:1583)
[17:37:44] [Server thread/WARN]: [EcoItems] Exception loading item at loading config 1,6m_dinero!
[17:37:44] [Server thread/WARN]: java.lang.IllegalArgumentException: ID must match pattern: [a-z0-9_]{1,100} (was 1,6m_dinero)
[17:37:44] [Server thread/WARN]: 	at org.apache.commons.lang.Validate.isTrue(Validate.java:136)
[17:37:44] [Server thread/WARN]: 	at eco-6.77.2-all.jar//com.willfp.eco.core.registry.Registry.register(Registry.java:60)
[17:37:44] [Server thread/WARN]: 	at EcoItems v5.66.0.jar//com.willfp.ecoitems.libreforge.loader.LibreforgePlugin.loadCategory$lambda$9(LibreforgePlugin.kt:96)
[17:37:44] [Server thread/WARN]: 	at EcoItems v5.66.0.jar//com.willfp.ecoitems.libreforge.loader.LibreforgePlugin.withLogs(LibreforgePlugin.kt:131)
[17:37:44] [Server thread/WARN]: 	at EcoItems v5.66.0.jar//com.willfp.ecoitems.libreforge.loader.LibreforgePlugin.loadCategory(LibreforgePlugin.kt:95)
[17:37:44] [Server thread/WARN]: 	at EcoItems v5.66.0.jar//com.willfp.ecoitems.libreforge.loader.LibreforgePlugin.loadCategory$default(LibreforgePlugin.kt:84)
[17:37:44] [Server thread/WARN]: 	at EcoItems v5.66.0.jar//com.willfp.ecoitems.libreforge.loader.LibreforgePlugin._init_$lambda$6(LibreforgePlugin.kt:79)
[17:37:44] [Server thread/WARN]: 	at eco-6.77.2-all.jar//com.willfp.eco.core.EcoPlugin.handleLifecycle(EcoPlugin.java:714)
[17:37:44] [Server thread/WARN]: 	at eco-6.77.2-all.jar//com.willfp.eco.core.EcoPlugin.reload(EcoPlugin.java:640)
[17:37:44] [Server thread/WARN]: 	at eco-6.77.2-all.jar//com.willfp.eco.core.EcoPlugin.reload(EcoPlugin.java:625)
[17:37:44] [Server thread/WARN]: 	at EcoItems v5.66.0.jar//com.willfp.ecoitems.commands.CommandReload.onExecute(CommandReload.kt:9)
[17:37:44] [Server thread/WARN]: 	at eco-6.77.2-all.jar//com.willfp.eco.internal.command.HandledCommand.handleExecution(HandledCommand.kt:108)
[17:37:44] [Server thread/WARN]: 	at eco-6.77.2-all.jar//com.willfp.eco.internal.command.HandledCommand.handleExecution(HandledCommand.kt:99)
[17:37:44] [Server thread/WARN]: 	at eco-6.77.2-all.jar//com.willfp.eco.internal.command.HandledCommand.onCommand(HandledCommand.kt:40)
[17:37:44] [Server thread/WARN]: 	at org.bukkit.command.PluginCommand.execute(PluginCommand.java:45)
[17:37:44] [Server thread/WARN]: 	at io.papermc.paper.command.brigadier.bukkit.BukkitCommandNode$BukkitBrigCommand.run(BukkitCommandNode.java:83)
[17:37:44] [Server thread/WARN]: 	at com.mojang.brigadier.context.ContextChain.runExecutable(ContextChain.java:73)
[17:37:44] [Server thread/WARN]: 	at net.minecraft.commands.execution.tasks.ExecuteCommand.execute(ExecuteCommand.java:30)
[17:37:44] [Server thread/WARN]: 	at net.minecraft.commands.execution.tasks.ExecuteCommand.execute(ExecuteCommand.java:13)
[17:37:44] [Server thread/WARN]: 	at net.minecraft.commands.execution.UnboundEntryAction.lambda$bind$0(UnboundEntryAction.java:8)
[17:37:44] [Server thread/WARN]: 	at net.minecraft.commands.execution.CommandQueueEntry.execute(CommandQueueEntry.java:5)
[17:37:44] [Server thread/WARN]: 	at net.minecraft.commands.execution.ExecutionContext.runCommandQueue(ExecutionContext.java:105)
[17:37:44] [Server thread/WARN]: 	at net.minecraft.commands.Commands.executeCommandInContext(Commands.java:458)
[17:37:44] [Server thread/WARN]: 	at net.minecraft.commands.Commands.performCommand(Commands.java:364)
[17:37:44] [Server thread/WARN]: 	at net.minecraft.commands.Commands.performCommand(Commands.java:352)
[17:37:44] [Server thread/WARN]: 	at net.minecraft.server.network.ServerGamePacketListenerImpl.performUnsignedChatCommand(ServerGamePacketListenerImpl.java:2321)
[17:37:44] [Server thread/WARN]: 	at net.minecraft.server.network.ServerGamePacketListenerImpl.lambda$handleChatCommand$12(ServerGamePacketListenerImpl.java:2294)
[17:37:44] [Server thread/WARN]: 	at net.minecraft.server.TickTask.run(TickTask.java:18)
[17:37:44] [Server thread/WARN]: 	at net.minecraft.util.thread.BlockableEventLoop.doRunTask(BlockableEventLoop.java:176)
[17:37:44] [Server thread/WARN]: 	at net.minecraft.util.thread.ReentrantBlockableEventLoop.doRunTask(ReentrantBlockableEventLoop.java:24)
[17:37:44] [Server thread/WARN]: 	at net.minecraft.server.MinecraftServer.doRunTask(MinecraftServer.java:1537)
[17:37:44] [Server thread/WARN]: 	at net.minecraft.server.MinecraftServer.doRunTask(MinecraftServer.java:180)
[17:37:44] [Server thread/WARN]: 	at net.minecraft.util.thread.BlockableEventLoop.pollTask(BlockableEventLoop.java:150)
[17:37:44] [Server thread/WARN]: 	at net.minecraft.server.MinecraftServer.pollTaskInternal(MinecraftServer.java:1517)
[17:37:44] [Server thread/WARN]: 	at net.minecraft.server.MinecraftServer.pollTask(MinecraftServer.java:1511)
[17:37:44] [Server thread/WARN]: 	at net.minecraft.server.MinecraftServer.recordTaskExecutionTimeWhileWaiting(MinecraftServer.java:1229)
[17:37:44] [Server thread/WARN]: 	at net.minecraft.server.MinecraftServer.runServer(MinecraftServer.java:1352)
[17:37:44] [Server thread/WARN]: 	at net.minecraft.server.MinecraftServer.lambda$spin$2(MinecraftServer.java:384)
[17:37:44] [Server thread/WARN]: 	at java.base/java.lang.Thread.run(Thread.java:1583)
[17:37:44] [Server thread/WARN]: [EcoItems] Exception loading item at loading config 1,8m_dinero!
[17:37:44] [Server thread/WARN]: java.lang.IllegalArgumentException: ID must match pattern: [a-z0-9_]{1,100} (was 1,8m_dinero)
[17:37:44] [Server thread/WARN]: 	at org.apache.commons.lang.Validate.isTrue(Validate.java:136)
[17:37:44] [Server thread/WARN]: 	at eco-6.77.2-all.jar//com.willfp.eco.core.registry.Registry.register(Registry.java:60)
[17:37:44] [Server thread/WARN]: 	at EcoItems v5.66.0.jar//com.willfp.ecoitems.libreforge.loader.LibreforgePlugin.loadCategory$lambda$9(LibreforgePlugin.kt:96)
[17:37:44] [Server thread/WARN]: 	at EcoItems v5.66.0.jar//com.willfp.ecoitems.libreforge.loader.LibreforgePlugin.withLogs(LibreforgePlugin.kt:131)
[17:37:44] [Server thread/WARN]: 	at EcoItems v5.66.0.jar//com.willfp.ecoitems.libreforge.loader.LibreforgePlugin.loadCategory(LibreforgePlugin.kt:95)
[17:37:44] [Server thread/WARN]: 	at EcoItems v5.66.0.jar//com.willfp.ecoitems.libreforge.loader.LibreforgePlugin.loadCategory$default(LibreforgePlugin.kt:84)
[17:37:44] [Server thread/WARN]: 	at EcoItems v5.66.0.jar//com.willfp.ecoitems.libreforge.loader.LibreforgePlugin._init_$lambda$6(LibreforgePlugin.kt:79)
[17:37:44] [Server thread/WARN]: 	at eco-6.77.2-all.jar//com.willfp.eco.core.EcoPlugin.handleLifecycle(EcoPlugin.java:714)
[17:37:44] [Server thread/WARN]: 	at eco-6.77.2-all.jar//com.willfp.eco.core.EcoPlugin.reload(EcoPlugin.java:640)
[17:37:44] [Server thread/WARN]: 	at eco-6.77.2-all.jar//com.willfp.eco.core.EcoPlugin.reload(EcoPlugin.java:625)
[17:37:44] [Server thread/WARN]: 	at EcoItems v5.66.0.jar//com.willfp.ecoitems.commands.CommandReload.onExecute(CommandReload.kt:9)
[17:37:44] [Server thread/WARN]: 	at eco-6.77.2-all.jar//com.willfp.eco.internal.command.HandledCommand.handleExecution(HandledCommand.kt:108)
[17:37:44] [Server thread/WARN]: 	at eco-6.77.2-all.jar//com.willfp.eco.internal.command.HandledCommand.handleExecution(HandledCommand.kt:99)
[17:37:44] [Server thread/WARN]: 	at eco-6.77.2-all.jar//com.willfp.eco.internal.command.HandledCommand.onCommand(HandledCommand.kt:40)
[17:37:44] [Server thread/WARN]: 	at org.bukkit.command.PluginCommand.execute(PluginCommand.java:45)
[17:37:44] [Server thread/WARN]: 	at io.papermc.paper.command.brigadier.bukkit.BukkitCommandNode$BukkitBrigCommand.run(BukkitCommandNode.java:83)
[17:37:44] [Server thread/WARN]: 	at com.mojang.brigadier.context.ContextChain.runExecutable(ContextChain.java:73)
[17:37:44] [Server thread/WARN]: 	at net.minecraft.commands.execution.tasks.ExecuteCommand.execute(ExecuteCommand.java:30)
[17:37:44] [Server thread/WARN]: 	at net.minecraft.commands.execution.tasks.ExecuteCommand.execute(ExecuteCommand.java:13)
[17:37:44] [Server thread/WARN]: 	at net.minecraft.commands.execution.UnboundEntryAction.lambda$bind$0(UnboundEntryAction.java:8)
[17:37:44] [Server thread/WARN]: 	at net.minecraft.commands.execution.CommandQueueEntry.execute(CommandQueueEntry.java:5)
[17:37:44] [Server thread/WARN]: 	at net.minecraft.commands.execution.ExecutionContext.runCommandQueue(ExecutionContext.java:105)
[17:37:44] [Server thread/WARN]: 	at net.minecraft.commands.Commands.executeCommandInContext(Commands.java:458)
[17:37:44] [Server thread/WARN]: 	at net.minecraft.commands.Commands.performCommand(Commands.java:364)
[17:37:44] [Server thread/WARN]: 	at net.minecraft.commands.Commands.performCommand(Commands.java:352)
[17:37:44] [Server thread/WARN]: 	at net.minecraft.server.network.ServerGamePacketListenerImpl.performUnsignedChatCommand(ServerGamePacketListenerImpl.java:2321)
[17:37:44] [Server thread/WARN]: 	at net.minecraft.server.network.ServerGamePacketListenerImpl.lambda$handleChatCommand$12(ServerGamePacketListenerImpl.java:2294)
[17:37:44] [Server thread/WARN]: 	at net.minecraft.server.TickTask.run(TickTask.java:18)
[17:37:44] [Server thread/WARN]: 	at net.minecraft.util.thread.BlockableEventLoop.doRunTask(BlockableEventLoop.java:176)
[17:37:44] [Server thread/WARN]: 	at net.minecraft.util.thread.ReentrantBlockableEventLoop.doRunTask(ReentrantBlockableEventLoop.java:24)
[17:37:44] [Server thread/WARN]: 	at net.minecraft.server.MinecraftServer.doRunTask(MinecraftServer.java:1537)
[17:37:44] [Server thread/WARN]: 	at net.minecraft.server.MinecraftServer.doRunTask(MinecraftServer.java:180)
[17:37:44] [Server thread/WARN]: 	at net.minecraft.util.thread.BlockableEventLoop.pollTask(BlockableEventLoop.java:150)
[17:37:44] [Server thread/WARN]: 	at net.minecraft.server.MinecraftServer.pollTaskInternal(MinecraftServer.java:1517)
[17:37:44] [Server thread/WARN]: 	at net.minecraft.server.MinecraftServer.pollTask(MinecraftServer.java:1511)
[17:37:44] [Server thread/WARN]: 	at net.minecraft.server.MinecraftServer.recordTaskExecutionTimeWhileWaiting(MinecraftServer.java:1229)
[17:37:44] [Server thread/WARN]: 	at net.minecraft.server.MinecraftServer.runServer(MinecraftServer.java:1352)
[17:37:44] [Server thread/WARN]: 	at net.minecraft.server.MinecraftServer.lambda$spin$2(MinecraftServer.java:384)
[17:37:44] [Server thread/WARN]: 	at java.base/java.lang.Thread.run(Thread.java:1583)
[17:37:44] [Server thread/WARN]: [EcoItems] Exception loading item at loading config 2,5m_dinero!
[17:37:44] [Server thread/WARN]: java.lang.IllegalArgumentException: ID must match pattern: [a-z0-9_]{1,100} (was 2,5m_dinero)
[17:37:44] [Server thread/WARN]: 	at org.apache.commons.lang.Validate.isTrue(Validate.java:136)
[17:37:44] [Server thread/WARN]: 	at eco-6.77.2-all.jar//com.willfp.eco.core.registry.Registry.register(Registry.java:60)
[17:37:44] [Server thread/WARN]: 	at EcoItems v5.66.0.jar//com.willfp.ecoitems.libreforge.loader.LibreforgePlugin.loadCategory$lambda$9(LibreforgePlugin.kt:96)
[17:37:44] [Server thread/WARN]: 	at EcoItems v5.66.0.jar//com.willfp.ecoitems.libreforge.loader.LibreforgePlugin.withLogs(LibreforgePlugin.kt:131)
[17:37:44] [Server thread/WARN]: 	at EcoItems v5.66.0.jar//com.willfp.ecoitems.libreforge.loader.LibreforgePlugin.loadCategory(LibreforgePlugin.kt:95)
[17:37:44] [Server thread/WARN]: 	at EcoItems v5.66.0.jar//com.willfp.ecoitems.libreforge.loader.LibreforgePlugin.loadCategory$default(LibreforgePlugin.kt:84)
[17:37:44] [Server thread/WARN]: 	at EcoItems v5.66.0.jar//com.willfp.ecoitems.libreforge.loader.LibreforgePlugin._init_$lambda$6(LibreforgePlugin.kt:79)
[17:37:44] [Server thread/WARN]: 	at eco-6.77.2-all.jar//com.willfp.eco.core.EcoPlugin.handleLifecycle(EcoPlugin.java:714)
[17:37:44] [Server thread/WARN]: 	at eco-6.77.2-all.jar//com.willfp.eco.core.EcoPlugin.reload(EcoPlugin.java:640)
[17:37:44] [Server thread/WARN]: 	at eco-6.77.2-all.jar//com.willfp.eco.core.EcoPlugin.reload(EcoPlugin.java:625)
[17:37:44] [Server thread/WARN]: 	at EcoItems v5.66.0.jar//com.willfp.ecoitems.commands.CommandReload.onExecute(CommandReload.kt:9)
[17:37:44] [Server thread/WARN]: 	at eco-6.77.2-all.jar//com.willfp.eco.internal.command.HandledCommand.handleExecution(HandledCommand.kt:108)
[17:37:44] [Server thread/WARN]: 	at eco-6.77.2-all.jar//com.willfp.eco.internal.command.HandledCommand.handleExecution(HandledCommand.kt:99)
[17:37:44] [Server thread/WARN]: 	at eco-6.77.2-all.jar//com.willfp.eco.internal.command.HandledCommand.onCommand(HandledCommand.kt:40)
[17:37:44] [Server thread/WARN]: 	at org.bukkit.command.PluginCommand.execute(PluginCommand.java:45)
[17:37:44] [Server thread/WARN]: 	at io.papermc.paper.command.brigadier.bukkit.BukkitCommandNode$BukkitBrigCommand.run(BukkitCommandNode.java:83)
[17:37:44] [Server thread/WARN]: 	at com.mojang.brigadier.context.ContextChain.runExecutable(ContextChain.java:73)
[17:37:44] [Server thread/WARN]: 	at net.minecraft.commands.execution.tasks.ExecuteCommand.execute(ExecuteCommand.java:30)
[17:37:44] [Server thread/WARN]: 	at net.minecraft.commands.execution.tasks.ExecuteCommand.execute(ExecuteCommand.java:13)
[17:37:44] [Server thread/WARN]: 	at net.minecraft.commands.execution.UnboundEntryAction.lambda$bind$0(UnboundEntryAction.java:8)
[17:37:44] [Server thread/WARN]: 	at net.minecraft.commands.execution.CommandQueueEntry.execute(CommandQueueEntry.java:5)
[17:37:44] [Server thread/WARN]: 	at net.minecraft.commands.execution.ExecutionContext.runCommandQueue(ExecutionContext.java:105)
[17:37:44] [Server thread/WARN]: 	at net.minecraft.commands.Commands.executeCommandInContext(Commands.java:458)
[17:37:44] [Server thread/WARN]: 	at net.minecraft.commands.Commands.performCommand(Commands.java:364)
[17:37:44] [Server thread/WARN]: 	at net.minecraft.commands.Commands.performCommand(Commands.java:352)
[17:37:44] [Server thread/WARN]: 	at net.minecraft.server.network.ServerGamePacketListenerImpl.performUnsignedChatCommand(ServerGamePacketListenerImpl.java:2321)
[17:37:44] [Server thread/WARN]: 	at net.minecraft.server.network.ServerGamePacketListenerImpl.lambda$handleChatCommand$12(ServerGamePacketListenerImpl.java:2294)
[17:37:44] [Server thread/WARN]: 	at net.minecraft.server.TickTask.run(TickTask.java:18)
[17:37:44] [Server thread/WARN]: 	at net.minecraft.util.thread.BlockableEventLoop.doRunTask(BlockableEventLoop.java:176)
[17:37:44] [Server thread/WARN]: 	at net.minecraft.util.thread.ReentrantBlockableEventLoop.doRunTask(ReentrantBlockableEventLoop.java:24)
[17:37:44] [Server thread/WARN]: 	at net.minecraft.server.MinecraftServer.doRunTask(MinecraftServer.java:1537)
[17:37:44] [Server thread/WARN]: 	at net.minecraft.server.MinecraftServer.doRunTask(MinecraftServer.java:180)
[17:37:44] [Server thread/WARN]: 	at net.minecraft.util.thread.BlockableEventLoop.pollTask(BlockableEventLoop.java:150)
[17:37:44] [Server thread/WARN]: 	at net.minecraft.server.MinecraftServer.pollTaskInternal(MinecraftServer.java:1517)
[17:37:44] [Server thread/WARN]: 	at net.minecraft.server.MinecraftServer.pollTask(MinecraftServer.java:1511)
[17:37:44] [Server thread/WARN]: 	at net.minecraft.server.MinecraftServer.recordTaskExecutionTimeWhileWaiting(MinecraftServer.java:1229)
[17:37:44] [Server thread/WARN]: 	at net.minecraft.server.MinecraftServer.runServer(MinecraftServer.java:1352)
[17:37:44] [Server thread/WARN]: 	at net.minecraft.server.MinecraftServer.lambda$spin$2(MinecraftServer.java:384)
[17:37:44] [Server thread/WARN]: 	at java.base/java.lang.Thread.run(Thread.java:1583)
[17:37:44] [Server thread/WARN]: [EcoItems] Exception loading item at loading config 3,5m_dinero!
[17:37:44] [Server thread/WARN]: java.lang.IllegalArgumentException: ID must match pattern: [a-z0-9_]{1,100} (was 3,5m_dinero)
[17:37:44] [Server thread/WARN]: 	at org.apache.commons.lang.Validate.isTrue(Validate.java:136)
[17:37:44] [Server thread/WARN]: 	at eco-6.77.2-all.jar//com.willfp.eco.core.registry.Registry.register(Registry.java:60)
[17:37:44] [Server thread/WARN]: 	at EcoItems v5.66.0.jar//com.willfp.ecoitems.libreforge.loader.LibreforgePlugin.loadCategory$lambda$9(LibreforgePlugin.kt:96)
[17:37:44] [Server thread/WARN]: 	at EcoItems v5.66.0.jar//com.willfp.ecoitems.libreforge.loader.LibreforgePlugin.withLogs(LibreforgePlugin.kt:131)
[17:37:44] [Server thread/WARN]: 	at EcoItems v5.66.0.jar//com.willfp.ecoitems.libreforge.loader.LibreforgePlugin.loadCategory(LibreforgePlugin.kt:95)
[17:37:44] [Server thread/WARN]: 	at EcoItems v5.66.0.jar//com.willfp.ecoitems.libreforge.loader.LibreforgePlugin.loadCategory$default(LibreforgePlugin.kt:84)
[17:37:44] [Server thread/WARN]: 	at EcoItems v5.66.0.jar//com.willfp.ecoitems.libreforge.loader.LibreforgePlugin._init_$lambda$6(LibreforgePlugin.kt:79)
[17:37:44] [Server thread/WARN]: 	at eco-6.77.2-all.jar//com.willfp.eco.core.EcoPlugin.handleLifecycle(EcoPlugin.java:714)
[17:37:44] [Server thread/WARN]: 	at eco-6.77.2-all.jar//com.willfp.eco.core.EcoPlugin.reload(EcoPlugin.java:640)
[17:37:44] [Server thread/WARN]: 	at eco-6.77.2-all.jar//com.willfp.eco.core.EcoPlugin.reload(EcoPlugin.java:625)
[17:37:44] [Server thread/WARN]: 	at EcoItems v5.66.0.jar//com.willfp.ecoitems.commands.CommandReload.onExecute(CommandReload.kt:9)
[17:37:44] [Server thread/WARN]: 	at eco-6.77.2-all.jar//com.willfp.eco.internal.command.HandledCommand.handleExecution(HandledCommand.kt:108)
[17:37:44] [Server thread/WARN]: 	at eco-6.77.2-all.jar//com.willfp.eco.internal.command.HandledCommand.handleExecution(HandledCommand.kt:99)
[17:37:44] [Server thread/WARN]: 	at eco-6.77.2-all.jar//com.willfp.eco.internal.command.HandledCommand.onCommand(HandledCommand.kt:40)
[17:37:44] [Server thread/WARN]: 	at org.bukkit.command.PluginCommand.execute(PluginCommand.java:45)
[17:37:44] [Server thread/WARN]: 	at io.papermc.paper.command.brigadier.bukkit.BukkitCommandNode$BukkitBrigCommand.run(BukkitCommandNode.java:83)
[17:37:44] [Server thread/WARN]: 	at com.mojang.brigadier.context.ContextChain.runExecutable(ContextChain.java:73)
[17:37:44] [Server thread/WARN]: 	at net.minecraft.commands.execution.tasks.ExecuteCommand.execute(ExecuteCommand.java:30)
[17:37:44] [Server thread/WARN]: 	at net.minecraft.commands.execution.tasks.ExecuteCommand.execute(ExecuteCommand.java:13)
[17:37:44] [Server thread/WARN]: 	at net.minecraft.commands.execution.UnboundEntryAction.lambda$bind$0(UnboundEntryAction.java:8)
[17:37:44] [Server thread/WARN]: 	at net.minecraft.commands.execution.CommandQueueEntry.execute(CommandQueueEntry.java:5)
[17:37:44] [Server thread/WARN]: 	at net.minecraft.commands.execution.ExecutionContext.runCommandQueue(ExecutionContext.java:105)
[17:37:44] [Server thread/WARN]: 	at net.minecraft.commands.Commands.executeCommandInContext(Commands.java:458)
[17:37:44] [Server thread/WARN]: 	at net.minecraft.commands.Commands.performCommand(Commands.java:364)
[17:37:44] [Server thread/WARN]: 	at net.minecraft.commands.Commands.performCommand(Commands.java:352)
[17:37:44] [Server thread/WARN]: 	at net.minecraft.server.network.ServerGamePacketListenerImpl.performUnsignedChatCommand(ServerGamePacketListenerImpl.java:2321)
[17:37:44] [Server thread/WARN]: 	at net.minecraft.server.network.ServerGamePacketListenerImpl.lambda$handleChatCommand$12(ServerGamePacketListenerImpl.java:2294)
[17:37:44] [Server thread/WARN]: 	at net.minecraft.server.TickTask.run(TickTask.java:18)
[17:37:44] [Server thread/WARN]: 	at net.minecraft.util.thread.BlockableEventLoop.doRunTask(BlockableEventLoop.java:176)
[17:37:44] [Server thread/WARN]: 	at net.minecraft.util.thread.ReentrantBlockableEventLoop.doRunTask(ReentrantBlockableEventLoop.java:24)
[17:37:44] [Server thread/WARN]: 	at net.minecraft.server.MinecraftServer.doRunTask(MinecraftServer.java:1537)
[17:37:44] [Server thread/WARN]: 	at net.minecraft.server.MinecraftServer.doRunTask(MinecraftServer.java:180)
[17:37:44] [Server thread/WARN]: 	at net.minecraft.util.thread.BlockableEventLoop.pollTask(BlockableEventLoop.java:150)
[17:37:44] [Server thread/WARN]: 	at net.minecraft.server.MinecraftServer.pollTaskInternal(MinecraftServer.java:1517)
[17:37:44] [Server thread/WARN]: 	at net.minecraft.server.MinecraftServer.pollTask(MinecraftServer.java:1511)
[17:37:44] [Server thread/WARN]: 	at net.minecraft.server.MinecraftServer.recordTaskExecutionTimeWhileWaiting(MinecraftServer.java:1229)
[17:37:44] [Server thread/WARN]: 	at net.minecraft.server.MinecraftServer.runServer(MinecraftServer.java:1352)
[17:37:44] [Server thread/WARN]: 	at net.minecraft.server.MinecraftServer.lambda$spin$2(MinecraftServer.java:384)
[17:37:44] [Server thread/WARN]: 	at java.base/java.lang.Thread.run(Thread.java:1583)
[17:39:26] [pool-145-thread-1/INFO]: [BattlePass] [STDOUT] Leaderboards reloaded in 8 ms
[17:39:26] [pool-145-thread-1/WARN]: Nag author(s): '[]' of 'BattlePass v5.0.3' about their usage of System.out/err.print. Please use your plugin's logger instead (JavaPlugin#getLogger).
[17:40:37] [Server thread/INFO]: apolofs issued server command: /ecoitems reload
[17:40:51] [Server thread/INFO]: apolofs issued server command: /ecoitems give apolofs 12m_dinero
[17:40:55] [Server thread/INFO]: apolofs issued server command: /ecoitems give apolofs 15m_dinero
[17:41:00] [Server thread/INFO]: apolofs issued server command: /ecoitems give apolofs 14m_dinero
[17:41:04] [Server thread/INFO]: apolofs issued server command: /ecoitems give apolofs 16m_dinero
[17:41:09] [Server thread/INFO]: apolofs issued server command: /ecoitems give apolofs 18m_dinero
[17:41:14] [Server thread/INFO]: apolofs issued server command: /crate editor
[17:42:30] [Server thread/INFO]: apolofs issued server command: /ecoitems give apolofs 2m_dinero
[17:42:35] [Server thread/INFO]: apolofs issued server command: /ecoitems give apolofs 25m_dinero
[17:42:39] [Server thread/INFO]: apolofs issued server command: /ecoitems give apolofs 3m_dinero
[17:42:42] [Server thread/INFO]: apolofs issued server command: /ecoitems give apolofs 35m_dinero
[17:42:46] [Server thread/INFO]: apolofs issued server command: /ecoitems give apolofs 4m_dinero
[17:42:50] [Server thread/INFO]: apolofs issued server command: /crate editor
[17:44:27] [Server thread/INFO]: XVaults Data Auto-Saved.
[17:47:04] [Server thread/INFO]: apolofs issued server command: /excellentcrates reload
[17:47:04] [Server thread/INFO]: [com.zaxxer.hikari.HikariDataSource] ExcellentCratesPool - Shutdown initiated...
[17:47:04] [Server thread/INFO]: [com.zaxxer.hikari.HikariDataSource] ExcellentCratesPool - Shutdown completed.
[17:47:04] [Server thread/INFO]: [com.zaxxer.hikari.HikariDataSource] ExcellentCratesPool - Starting...
[17:47:04] [Server thread/INFO]: [com.zaxxer.hikari.pool.HikariPool] ExcellentCratesPool - Added connection org.sqlite.jdbc4.JDBC4Connection@35f8b117
[17:47:04] [Server thread/INFO]: [com.zaxxer.hikari.HikariDataSource] ExcellentCratesPool - Start completed.
[17:47:04] [Server thread/INFO]: [ExcellentCrates] Loaded 8 crate openings.
[17:47:04] [Server thread/INFO]: [ExcellentCrates] Loaded 9 crate keys.
[17:47:04] [Server thread/INFO]: [ExcellentCrates] Loaded 3 rarities!
[17:47:04] [Server thread/INFO]: [ExcellentCrates] Loaded 9 crates.
[17:47:04] [Server thread/INFO]: [PlaceholderAPI] Successfully registered internal expansion: excellentcrates [6.6.1]
[17:47:04] [Server thread/WARN]: [ExcellentCrates] 
********** PROBLEM REPORT **********
> Subject: <gradient:#491AB8:#FCD05C>ᴄᴀᴊᴀ ᴢᴇɴɪᴛʜ</gradient>
> Path: plugins/ExcellentCrates/crates/zenit.yml
> Found Problems (1):
└── Opening is invalid!
***********************************

[17:47:04] [Server thread/WARN]: [ExcellentCrates] 
********** PROBLEM REPORT **********
> Subject: <gradient:#00D441:#78A541>ᴄᴀᴊᴀ ᴅɪɴᴇʀᴏ</gradient>
> Path: plugins/ExcellentCrates/crates/dinero.yml
> Found Problems (1):
└── Opening is invalid!
***********************************

[17:47:04] [Server thread/WARN]: [ExcellentCrates] 
********** PROBLEM REPORT **********
> Subject: <gradient:#FF0000:#FCB65C>ᴄᴀᴊᴀ ᴋᴏᴛʜ</gradient>
> Path: plugins/ExcellentCrates/crates/gradientff0000fcb65cᴄᴀᴊᴀ_ᴋ.yml
> Found Problems (1):
└── Opening is invalid!
***********************************

[17:47:04] [Server thread/WARN]: [ExcellentCrates] 
********** PROBLEM REPORT **********
> Subject: <gradient:#59B4DE:#E43A96>ᴄᴀᴊᴀ ʀᴜꜱᴛ</gradient>
> Path: plugins/ExcellentCrates/crates/rust.yml
> Found Problems (1):
└── Opening is invalid!
***********************************

[17:47:04] [Server thread/WARN]: [ExcellentCrates] 
********** PROBLEM REPORT **********
> Subject: <gradient:#991A1A:#5CFCC7>ᴄᴀᴊᴀ ᴠᴏɪᴅ</gradient>
> Path: plugins/ExcellentCrates/crates/void.yml
> Found Problems (1):
└── Opening is invalid!
***********************************

[17:47:04] [Server thread/WARN]: [ExcellentCrates] 
********** PROBLEM REPORT **********
> Subject: <gradient:#FF9A00:#FFED8A>ᴄᴀᴊᴀ ꜱᴏʟᴀʀ</gradient>
> Path: plugins/ExcellentCrates/crates/solar.yml
> Found Problems (1):
└── Opening is invalid!
***********************************

[17:47:04] [Server thread/WARN]: [ExcellentCrates] 
********** PROBLEM REPORT **********
> Subject: <gradient:#441A99:#5FFC5C>ᴄᴀᴊᴀ ᴏɴʏx</gradient>
> Path: plugins/ExcellentCrates/crates/onyx.yml
> Found Problems (1):
└── Opening is invalid!
***********************************

[17:47:04] [Server thread/WARN]: [ExcellentCrates] 
********** PROBLEM REPORT **********
> Subject: <gradient:#047600:#047600>ᴄᴀᴊ</gradient><gradient:#047600:#5FE270>ᴀ ᴠᴏᴛᴇ</gradient>
> Path: plugins/ExcellentCrates/crates/vote.yml
> Found Problems (1):
└── Opening is invalid!
***********************************

[17:49:28] [pool-145-thread-1/INFO]: [BattlePass] [STDOUT] Leaderboards reloaded in 8 ms
[17:49:28] [pool-145-thread-1/WARN]: Nag author(s): '[]' of 'BattlePass v5.0.3' about their usage of System.out/err.print. Please use your plugin's logger instead (JavaPlugin#getLogger).
[17:49:41] [Server thread/INFO]: apolofs issued server command: /gamemode creative
[17:50:22] [Server thread/INFO]: apolofs issued server command: /crate editor
[17:51:02] [Server thread/INFO]: apolofs issued server command: /crate editor
[17:51:34] [Server thread/INFO]: apolofs issued server command: /crate editor
[17:58:53] [Server thread/INFO]: apolofs lost connection: Disconnected
[17:58:53] [Server thread/INFO]: apolofs has left the server!
[17:59:27] [Server thread/INFO]: XVaults Data Auto-Saved.
[17:59:28] [pool-145-thread-1/INFO]: [BattlePass] [STDOUT] Leaderboards reloaded in 11 ms
[17:59:28] [pool-145-thread-1/WARN]: Nag author(s): '[]' of 'BattlePass v5.0.3' about their usage of System.out/err.print. Please use your plugin's logger instead (JavaPlugin#getLogger).
[18:09:28] [pool-145-thread-1/INFO]: [BattlePass] [STDOUT] Leaderboards reloaded in 6 ms
[18:09:28] [pool-145-thread-1/WARN]: Nag author(s): '[]' of 'BattlePass v5.0.3' about their usage of System.out/err.print. Please use your plugin's logger instead (JavaPlugin#getLogger).
[18:12:53] [User Authenticator #1/INFO]: UUID of player apolofs is 9e9c9df8-57aa-3ef3-8bb9-b85629a1c59c
[18:13:01] [TAB Processing Thread/INFO]: [TAB] [WARN] Player apolofs's group (karma) is not in sorting list! Sorting list: owner,admin,mod,helper,builder,vip,default. Player will be sorted on the bottom.
[18:13:01] [Server thread/INFO]: Welcome apolofs to the server!
[18:13:01] [Server thread/INFO]: apolofs[/192.168.194.149:61027] logged in with entity id 98 at ([spawn2]-45.14345387517985, 64.0, 40.86263424588309)
[18:13:01] [Folia Async Scheduler Thread #7/INFO]: [nLogin] The user apolofs has successfully logged in.
[18:13:07] [Server thread/INFO]: apolofs issued server command: /nlogin
[18:14:28] [Server thread/INFO]: XVaults Data Auto-Saved.
[18:19:28] [pool-145-thread-1/INFO]: [BattlePass] [STDOUT] Leaderboards reloaded in 12 ms
[18:19:28] [pool-145-thread-1/WARN]: Nag author(s): '[]' of 'BattlePass v5.0.3' about their usage of System.out/err.print. Please use your plugin's logger instead (JavaPlugin#getLogger).
[18:22:05] [Server thread/INFO]: apolofs issued server command: /ecoitems reload
[18:22:57] [Server thread/INFO]: apolofs issued server command: /ecoitems reload
[18:25:25] [Server thread/INFO]: apolofs issued server command: /ecoarmor reload
[18:25:25] [Server thread/WARN]: [EcoArmor] Exception loading tier at loading config caminante_vacio!
[18:25:25] [Server thread/WARN]: java.lang.NullPointerException
[18:25:25] [Server thread/WARN]: 	at EcoArmor v8.78.0.jar//com.willfp.ecoarmor.upgrades.Tier.<init>(Tier.kt:61)
[18:25:25] [Server thread/WARN]: 	at EcoArmor v8.78.0.jar//com.willfp.ecoarmor.upgrades.Tiers.acceptConfig(Tiers.kt:60)
[18:25:25] [Server thread/WARN]: 	at EcoArmor v8.78.0.jar//com.willfp.ecoarmor.libreforge.loader.LibreforgePlugin.loadCategory$lambda$9(LibreforgePlugin.kt:100)
[18:25:25] [Server thread/WARN]: 	at EcoArmor v8.78.0.jar//com.willfp.ecoarmor.libreforge.loader.LibreforgePlugin.withLogs(LibreforgePlugin.kt:131)
[18:25:25] [Server thread/WARN]: 	at EcoArmor v8.78.0.jar//com.willfp.ecoarmor.libreforge.loader.LibreforgePlugin.loadCategory(LibreforgePlugin.kt:95)
[18:25:25] [Server thread/WARN]: 	at EcoArmor v8.78.0.jar//com.willfp.ecoarmor.libreforge.loader.LibreforgePlugin.loadCategory$default(LibreforgePlugin.kt:84)
[18:25:25] [Server thread/WARN]: 	at EcoArmor v8.78.0.jar//com.willfp.ecoarmor.libreforge.loader.LibreforgePlugin._init_$lambda$6(LibreforgePlugin.kt:79)
[18:25:25] [Server thread/WARN]: 	at eco-6.77.2-all.jar//com.willfp.eco.core.EcoPlugin.handleLifecycle(EcoPlugin.java:714)
[18:25:25] [Server thread/WARN]: 	at eco-6.77.2-all.jar//com.willfp.eco.core.EcoPlugin.reload(EcoPlugin.java:640)
[18:25:25] [Server thread/WARN]: 	at eco-6.77.2-all.jar//com.willfp.eco.core.EcoPlugin.reload(EcoPlugin.java:625)
[18:25:25] [Server thread/WARN]: 	at EcoArmor v8.78.0.jar//com.willfp.ecoarmor.commands.CommandReload.onExecute(CommandReload.kt:9)
[18:25:25] [Server thread/WARN]: 	at eco-6.77.2-all.jar//com.willfp.eco.internal.command.HandledCommand.handleExecution(HandledCommand.kt:108)
[18:25:25] [Server thread/WARN]: 	at eco-6.77.2-all.jar//com.willfp.eco.internal.command.HandledCommand.handleExecution(HandledCommand.kt:99)
[18:25:25] [Server thread/WARN]: 	at eco-6.77.2-all.jar//com.willfp.eco.internal.command.HandledCommand.onCommand(HandledCommand.kt:40)
[18:25:25] [Server thread/WARN]: 	at eco-6.77.2-all.jar//com.willfp.eco.internal.command.DelegatedBukkitCommand.execute(DelegatedBukkitCommand.kt:18)
[18:25:25] [Server thread/WARN]: 	at io.papermc.paper.command.brigadier.bukkit.BukkitCommandNode$BukkitBrigCommand.run(BukkitCommandNode.java:83)
[18:25:25] [Server thread/WARN]: 	at com.mojang.brigadier.context.ContextChain.runExecutable(ContextChain.java:73)
[18:25:25] [Server thread/WARN]: 	at net.minecraft.commands.execution.tasks.ExecuteCommand.execute(ExecuteCommand.java:30)
[18:25:25] [Server thread/WARN]: 	at net.minecraft.commands.execution.tasks.ExecuteCommand.execute(ExecuteCommand.java:13)
[18:25:25] [Server thread/WARN]: 	at net.minecraft.commands.execution.UnboundEntryAction.lambda$bind$0(UnboundEntryAction.java:8)
[18:25:25] [Server thread/WARN]: 	at net.minecraft.commands.execution.CommandQueueEntry.execute(CommandQueueEntry.java:5)
[18:25:25] [Server thread/WARN]: 	at net.minecraft.commands.execution.ExecutionContext.runCommandQueue(ExecutionContext.java:105)
[18:25:25] [Server thread/WARN]: 	at net.minecraft.commands.Commands.executeCommandInContext(Commands.java:458)
[18:25:25] [Server thread/WARN]: 	at net.minecraft.commands.Commands.performCommand(Commands.java:364)
[18:25:25] [Server thread/WARN]: 	at net.minecraft.commands.Commands.performCommand(Commands.java:352)
[18:25:25] [Server thread/WARN]: 	at net.minecraft.server.network.ServerGamePacketListenerImpl.performUnsignedChatCommand(ServerGamePacketListenerImpl.java:2321)
[18:25:25] [Server thread/WARN]: 	at net.minecraft.server.network.ServerGamePacketListenerImpl.lambda$handleChatCommand$12(ServerGamePacketListenerImpl.java:2294)
[18:25:25] [Server thread/WARN]: 	at net.minecraft.server.TickTask.run(TickTask.java:18)
[18:25:25] [Server thread/WARN]: 	at net.minecraft.util.thread.BlockableEventLoop.doRunTask(BlockableEventLoop.java:176)
[18:25:25] [Server thread/WARN]: 	at net.minecraft.util.thread.ReentrantBlockableEventLoop.doRunTask(ReentrantBlockableEventLoop.java:24)
[18:25:25] [Server thread/WARN]: 	at net.minecraft.server.MinecraftServer.doRunTask(MinecraftServer.java:1537)
[18:25:25] [Server thread/WARN]: 	at net.minecraft.server.MinecraftServer.doRunTask(MinecraftServer.java:180)
[18:25:25] [Server thread/WARN]: 	at net.minecraft.util.thread.BlockableEventLoop.pollTask(BlockableEventLoop.java:150)
[18:25:25] [Server thread/WARN]: 	at net.minecraft.server.MinecraftServer.pollTaskInternal(MinecraftServer.java:1517)
[18:25:25] [Server thread/WARN]: 	at net.minecraft.server.MinecraftServer.pollTask(MinecraftServer.java:1511)
[18:25:25] [Server thread/WARN]: 	at net.minecraft.server.MinecraftServer.recordTaskExecutionTimeWhileWaiting(MinecraftServer.java:1229)
[18:25:25] [Server thread/WARN]: 	at net.minecraft.server.MinecraftServer.runServer(MinecraftServer.java:1352)
[18:25:25] [Server thread/WARN]: 	at net.minecraft.server.MinecraftServer.lambda$spin$2(MinecraftServer.java:384)
[18:25:25] [Server thread/WARN]: 	at java.base/java.lang.Thread.run(Thread.java:1583)
[18:27:45] [Server thread/INFO]: apolofs issued server command: /ecoarmor reload
[18:27:45] [Server thread/WARN]: [EcoArmor] Exception loading tier at loading config caminante_vacio!
[18:27:45] [Server thread/WARN]: java.lang.NullPointerException
[18:27:45] [Server thread/WARN]: 	at EcoArmor v8.78.0.jar//com.willfp.ecoarmor.upgrades.Tier.<init>(Tier.kt:61)
[18:27:45] [Server thread/WARN]: 	at EcoArmor v8.78.0.jar//com.willfp.ecoarmor.upgrades.Tiers.acceptConfig(Tiers.kt:60)
[18:27:45] [Server thread/WARN]: 	at EcoArmor v8.78.0.jar//com.willfp.ecoarmor.libreforge.loader.LibreforgePlugin.loadCategory$lambda$9(LibreforgePlugin.kt:100)
[18:27:45] [Server thread/WARN]: 	at EcoArmor v8.78.0.jar//com.willfp.ecoarmor.libreforge.loader.LibreforgePlugin.withLogs(LibreforgePlugin.kt:131)
[18:27:45] [Server thread/WARN]: 	at EcoArmor v8.78.0.jar//com.willfp.ecoarmor.libreforge.loader.LibreforgePlugin.loadCategory(LibreforgePlugin.kt:95)
[18:27:45] [Server thread/WARN]: 	at EcoArmor v8.78.0.jar//com.willfp.ecoarmor.libreforge.loader.LibreforgePlugin.loadCategory$default(LibreforgePlugin.kt:84)
[18:27:45] [Server thread/WARN]: 	at EcoArmor v8.78.0.jar//com.willfp.ecoarmor.libreforge.loader.LibreforgePlugin._init_$lambda$6(LibreforgePlugin.kt:79)
[18:27:45] [Server thread/WARN]: 	at eco-6.77.2-all.jar//com.willfp.eco.core.EcoPlugin.handleLifecycle(EcoPlugin.java:714)
[18:27:45] [Server thread/WARN]: 	at eco-6.77.2-all.jar//com.willfp.eco.core.EcoPlugin.reload(EcoPlugin.java:640)
[18:27:45] [Server thread/WARN]: 	at eco-6.77.2-all.jar//com.willfp.eco.core.EcoPlugin.reload(EcoPlugin.java:625)
[18:27:45] [Server thread/WARN]: 	at EcoArmor v8.78.0.jar//com.willfp.ecoarmor.commands.CommandReload.onExecute(CommandReload.kt:9)
[18:27:45] [Server thread/WARN]: 	at eco-6.77.2-all.jar//com.willfp.eco.internal.command.HandledCommand.handleExecution(HandledCommand.kt:108)
[18:27:45] [Server thread/WARN]: 	at eco-6.77.2-all.jar//com.willfp.eco.internal.command.HandledCommand.handleExecution(HandledCommand.kt:99)
[18:27:45] [Server thread/WARN]: 	at eco-6.77.2-all.jar//com.willfp.eco.internal.command.HandledCommand.onCommand(HandledCommand.kt:40)
[18:27:45] [Server thread/WARN]: 	at eco-6.77.2-all.jar//com.willfp.eco.internal.command.DelegatedBukkitCommand.execute(DelegatedBukkitCommand.kt:18)
[18:27:45] [Server thread/WARN]: 	at io.papermc.paper.command.brigadier.bukkit.BukkitCommandNode$BukkitBrigCommand.run(BukkitCommandNode.java:83)
[18:27:45] [Server thread/WARN]: 	at com.mojang.brigadier.context.ContextChain.runExecutable(ContextChain.java:73)
[18:27:45] [Server thread/WARN]: 	at net.minecraft.commands.execution.tasks.ExecuteCommand.execute(ExecuteCommand.java:30)
[18:27:45] [Server thread/WARN]: 	at net.minecraft.commands.execution.tasks.ExecuteCommand.execute(ExecuteCommand.java:13)
[18:27:45] [Server thread/WARN]: 	at net.minecraft.commands.execution.UnboundEntryAction.lambda$bind$0(UnboundEntryAction.java:8)
[18:27:45] [Server thread/WARN]: 	at net.minecraft.commands.execution.CommandQueueEntry.execute(CommandQueueEntry.java:5)
[18:27:45] [Server thread/WARN]: 	at net.minecraft.commands.execution.ExecutionContext.runCommandQueue(ExecutionContext.java:105)
[18:27:45] [Server thread/WARN]: 	at net.minecraft.commands.Commands.executeCommandInContext(Commands.java:458)
[18:27:45] [Server thread/WARN]: 	at net.minecraft.commands.Commands.performCommand(Commands.java:364)
[18:27:45] [Server thread/WARN]: 	at net.minecraft.commands.Commands.performCommand(Commands.java:352)
[18:27:45] [Server thread/WARN]: 	at net.minecraft.server.network.ServerGamePacketListenerImpl.performUnsignedChatCommand(ServerGamePacketListenerImpl.java:2321)
[18:27:45] [Server thread/WARN]: 	at net.minecraft.server.network.ServerGamePacketListenerImpl.lambda$handleChatCommand$12(ServerGamePacketListenerImpl.java:2294)
[18:27:45] [Server thread/WARN]: 	at net.minecraft.server.TickTask.run(TickTask.java:18)
[18:27:45] [Server thread/WARN]: 	at net.minecraft.util.thread.BlockableEventLoop.doRunTask(BlockableEventLoop.java:176)
[18:27:45] [Server thread/WARN]: 	at net.minecraft.util.thread.ReentrantBlockableEventLoop.doRunTask(ReentrantBlockableEventLoop.java:24)
[18:27:45] [Server thread/WARN]: 	at net.minecraft.server.MinecraftServer.doRunTask(MinecraftServer.java:1537)
[18:27:45] [Server thread/WARN]: 	at net.minecraft.server.MinecraftServer.doRunTask(MinecraftServer.java:180)
[18:27:45] [Server thread/WARN]: 	at net.minecraft.util.thread.BlockableEventLoop.pollTask(BlockableEventLoop.java:150)
[18:27:45] [Server thread/WARN]: 	at net.minecraft.server.MinecraftServer.pollTaskInternal(MinecraftServer.java:1517)
[18:27:45] [Server thread/WARN]: 	at net.minecraft.server.MinecraftServer.pollTask(MinecraftServer.java:1511)
[18:27:45] [Server thread/WARN]: 	at net.minecraft.server.MinecraftServer.recordTaskExecutionTimeWhileWaiting(MinecraftServer.java:1229)
[18:27:45] [Server thread/WARN]: 	at net.minecraft.server.MinecraftServer.runServer(MinecraftServer.java:1352)
[18:27:45] [Server thread/WARN]: 	at net.minecraft.server.MinecraftServer.lambda$spin$2(MinecraftServer.java:384)
[18:27:45] [Server thread/WARN]: 	at java.base/java.lang.Thread.run(Thread.java:1583)
[18:29:16] [Server thread/INFO]: apolofs issued server command: /ecoarmor reload
[18:29:16] [Server thread/WARN]: [EcoArmor] Exception loading tier at loading config caminante_vacio!
[18:29:16] [Server thread/WARN]: java.lang.NullPointerException
[18:29:16] [Server thread/WARN]: 	at EcoArmor v8.78.0.jar//com.willfp.ecoarmor.upgrades.Tier.<init>(Tier.kt:61)
[18:29:16] [Server thread/WARN]: 	at EcoArmor v8.78.0.jar//com.willfp.ecoarmor.upgrades.Tiers.acceptConfig(Tiers.kt:60)
[18:29:16] [Server thread/WARN]: 	at EcoArmor v8.78.0.jar//com.willfp.ecoarmor.libreforge.loader.LibreforgePlugin.loadCategory$lambda$9(LibreforgePlugin.kt:100)
[18:29:16] [Server thread/WARN]: 	at EcoArmor v8.78.0.jar//com.willfp.ecoarmor.libreforge.loader.LibreforgePlugin.withLogs(LibreforgePlugin.kt:131)
[18:29:16] [Server thread/WARN]: 	at EcoArmor v8.78.0.jar//com.willfp.ecoarmor.libreforge.loader.LibreforgePlugin.loadCategory(LibreforgePlugin.kt:95)
[18:29:16] [Server thread/WARN]: 	at EcoArmor v8.78.0.jar//com.willfp.ecoarmor.libreforge.loader.LibreforgePlugin.loadCategory$default(LibreforgePlugin.kt:84)
[18:29:16] [Server thread/WARN]: 	at EcoArmor v8.78.0.jar//com.willfp.ecoarmor.libreforge.loader.LibreforgePlugin._init_$lambda$6(LibreforgePlugin.kt:79)
[18:29:16] [Server thread/WARN]: 	at eco-6.77.2-all.jar//com.willfp.eco.core.EcoPlugin.handleLifecycle(EcoPlugin.java:714)
[18:29:16] [Server thread/WARN]: 	at eco-6.77.2-all.jar//com.willfp.eco.core.EcoPlugin.reload(EcoPlugin.java:640)
[18:29:16] [Server thread/WARN]: 	at eco-6.77.2-all.jar//com.willfp.eco.core.EcoPlugin.reload(EcoPlugin.java:625)
[18:29:16] [Server thread/WARN]: 	at EcoArmor v8.78.0.jar//com.willfp.ecoarmor.commands.CommandReload.onExecute(CommandReload.kt:9)
[18:29:16] [Server thread/WARN]: 	at eco-6.77.2-all.jar//com.willfp.eco.internal.command.HandledCommand.handleExecution(HandledCommand.kt:108)
[18:29:16] [Server thread/WARN]: 	at eco-6.77.2-all.jar//com.willfp.eco.internal.command.HandledCommand.handleExecution(HandledCommand.kt:99)
[18:29:16] [Server thread/WARN]: 	at eco-6.77.2-all.jar//com.willfp.eco.internal.command.HandledCommand.onCommand(HandledCommand.kt:40)
[18:29:16] [Server thread/WARN]: 	at eco-6.77.2-all.jar//com.willfp.eco.internal.command.DelegatedBukkitCommand.execute(DelegatedBukkitCommand.kt:18)
[18:29:16] [Server thread/WARN]: 	at io.papermc.paper.command.brigadier.bukkit.BukkitCommandNode$BukkitBrigCommand.run(BukkitCommandNode.java:83)
[18:29:16] [Server thread/WARN]: 	at com.mojang.brigadier.context.ContextChain.runExecutable(ContextChain.java:73)
[18:29:16] [Server thread/WARN]: 	at net.minecraft.commands.execution.tasks.ExecuteCommand.execute(ExecuteCommand.java:30)
[18:29:16] [Server thread/WARN]: 	at net.minecraft.commands.execution.tasks.ExecuteCommand.execute(ExecuteCommand.java:13)
[18:29:16] [Server thread/WARN]: 	at net.minecraft.commands.execution.UnboundEntryAction.lambda$bind$0(UnboundEntryAction.java:8)
[18:29:16] [Server thread/WARN]: 	at net.minecraft.commands.execution.CommandQueueEntry.execute(CommandQueueEntry.java:5)
[18:29:16] [Server thread/WARN]: 	at net.minecraft.commands.execution.ExecutionContext.runCommandQueue(ExecutionContext.java:105)
[18:29:16] [Server thread/WARN]: 	at net.minecraft.commands.Commands.executeCommandInContext(Commands.java:458)
[18:29:16] [Server thread/WARN]: 	at net.minecraft.commands.Commands.performCommand(Commands.java:364)
[18:29:16] [Server thread/WARN]: 	at net.minecraft.commands.Commands.performCommand(Commands.java:352)
[18:29:16] [Server thread/WARN]: 	at net.minecraft.server.network.ServerGamePacketListenerImpl.performUnsignedChatCommand(ServerGamePacketListenerImpl.java:2321)
[18:29:16] [Server thread/WARN]: 	at net.minecraft.server.network.ServerGamePacketListenerImpl.lambda$handleChatCommand$12(ServerGamePacketListenerImpl.java:2294)
[18:29:16] [Server thread/WARN]: 	at net.minecraft.server.TickTask.run(TickTask.java:18)
[18:29:16] [Server thread/WARN]: 	at net.minecraft.util.thread.BlockableEventLoop.doRunTask(BlockableEventLoop.java:176)
[18:29:16] [Server thread/WARN]: 	at net.minecraft.util.thread.ReentrantBlockableEventLoop.doRunTask(ReentrantBlockableEventLoop.java:24)
[18:29:16] [Server thread/WARN]: 	at net.minecraft.server.MinecraftServer.doRunTask(MinecraftServer.java:1537)
[18:29:16] [Server thread/WARN]: 	at net.minecraft.server.MinecraftServer.doRunTask(MinecraftServer.java:180)
[18:29:16] [Server thread/WARN]: 	at net.minecraft.util.thread.BlockableEventLoop.pollTask(BlockableEventLoop.java:150)
[18:29:16] [Server thread/WARN]: 	at net.minecraft.server.MinecraftServer.pollTaskInternal(MinecraftServer.java:1517)
[18:29:16] [Server thread/WARN]: 	at net.minecraft.server.MinecraftServer.pollTask(MinecraftServer.java:1511)
[18:29:16] [Server thread/WARN]: 	at net.minecraft.server.MinecraftServer.recordTaskExecutionTimeWhileWaiting(MinecraftServer.java:1229)
[18:29:16] [Server thread/WARN]: 	at net.minecraft.server.MinecraftServer.runServer(MinecraftServer.java:1352)
[18:29:16] [Server thread/WARN]: 	at net.minecraft.server.MinecraftServer.lambda$spin$2(MinecraftServer.java:384)
[18:29:16] [Server thread/WARN]: 	at java.base/java.lang.Thread.run(Thread.java:1583)
[18:29:33] [Server thread/INFO]: XVaults Data Auto-Saved.
[18:29:33] [pool-145-thread-1/INFO]: [BattlePass] [STDOUT] Leaderboards reloaded in 11 ms
[18:29:33] [pool-145-thread-1/WARN]: Nag author(s): '[]' of 'BattlePass v5.0.3' about their usage of System.out/err.print. Please use your plugin's logger instead (JavaPlugin#getLogger).
