nohup: ignoring input
Starting org.bukkit.craftbukkit.Main
*** Warning, you've not updated in a while! ***
*** Please download a new build from https://papermc.io/downloads/paper ***
2026-02-02T04:39:03.222100240Z ServerMain WARN Advanced terminal features are not available in this environment
[04:39:03 INFO]: [bootstrap] Running Java 25 (OpenJDK 64-Bit Server VM 25.0.1+8-LTS; Microsoft Microsoft-12574222) on Linux 6.8.0-1030-azure (amd64)
[04:39:03 INFO]: [bootstrap] Loading Paper 1.21.10-117-ver/1.21.10@df4b668 (2025-11-30T22:37:28Z) for Minecraft 1.21.10
[04:39:03 INFO]: [PluginInitializerManager] Initializing plugins...
WARNING: A terminally deprecated method in sun.misc.Unsafe has been called
WARNING: sun.misc.Unsafe::allocateMemory has been called by io.netty.util.internal.PlatformDependent0$2 (file:/workspaces/Solarking-network/servidor_minecraft/libraries/io/netty/netty-common/4.1.118.Final/netty-common-4.1.118.Final.jar)
WARNING: Please consider reporting this to the maintainers of class io.netty.util.internal.PlatformDependent0$2
WARNING: sun.misc.Unsafe::allocateMemory will be removed in a future release
[04:39:06 INFO]: [PluginRemapper] Remapping plugin 'plugins/CommandPanels.jar'...
[04:39:06 INFO]: [PluginRemapper] Remapping plugin 'plugins/SkinsRestorer.jar'...
[04:39:08 INFO]: [PluginRemapper] Done remapping plugin 'plugins/CommandPanels.jar' in 1934ms.
[04:39:10 INFO]: [PluginRemapper] Done remapping plugin 'plugins/SkinsRestorer.jar' in 4389ms.
[04:39:12 INFO]: [PluginInitializerManager] Initialized 59 plugins
[04:39:12 INFO]: [PluginInitializerManager] Paper plugins (5):
 - AdvancedKits (1.21.29), EconomyShopGUI (6.16.2), FancyNpcs (2.9.1), MiniMOTD (2.2.2), nightcore (2.11.0)
[04:39:12 INFO]: [PluginInitializerManager] Bukkit plugins (54):
 - AdvancedEnchantments (9.22.7), AnimaBossBar (${project.version}), AuraSkills (2.3.10), AxRewards (3.7.0), AxSellwands (1.12.0), BattlePass (5.0.3), CommandPanels (3.23.4), DeepVoid (2.22.0), DeluxeMenus (1.14.1-Release), EcoArmor (8.78.0), EcoItems (5.66.0), EcoJobs (3.72.0), EcoMobs (10.24.0), EcoPets (2.77.1), EconomyX (2.8.3-FINAL), Essentials (2.22.0-dev+57-7775662), EssentialsChat (2.22.0-dev+57-7775662), EssentialsSpawn (2.22.0-dev+57-7775662), ExcellentCrates (6.6.1), GHolo (2.2.6), InfiniteGUI (1.1.10), ItemEdit (3.7.8), LuckPerms (5.5.0), MobsToEggs (1.7.22), ModelEngine (R4.0.9), Multiverse-Core (5.3.0), MythicMobs (5.11.0-SNAPSHOT-b95565d9), Ouranos (1.1.11), PinataParty (2.69.3), PlaceholderAPI (2.11.6), PlayerVaults (3.6.0-bSNAPSHOT), ProtectionStones (2.10.5), ProtocolLib (5.4.0), Rankup (3.15.2), RavenWelcome (1.0), RealMines (1.8.8), RealScoreboard (1.5.7), Shopkeepers (2.25.0), Simple_RTP (1.0.2-BETA), SkinsRestorer (15.10.0), Skulls (3.28.0), SpawnerMeta (25.5), TAB (5.4.0), Talismans (6.77.0), Vault (1.7.3-b131), VoidTeleport (2.4.5), VotifierPlus (1.4.3), WorldEdit (7.3.18+7298-4383852), WorldGuard (7.0.14+2339-43997ec), XVaults (2.1.2), eco (6.77.2), nLogin (2.0.11), zAuctionHouseV3 (3.2.4.0), zMenu (1.1.0.7)
[04:39:19 INFO]: Environment: Environment[sessionHost=https://sessionserver.mojang.com, servicesHost=https://api.minecraftservices.com, profilesHost=https://api.mojang.com, name=PROD]
[04:39:22 INFO]: Loaded 1461 recipes
[04:39:22 INFO]: Loaded 1574 advancements
[04:39:23 INFO]: [ca.spottedleaf.dataconverter.minecraft.datatypes.MCTypeRegistry] Initialising converters for DataConverter...
[04:39:23 INFO]: [ca.spottedleaf.dataconverter.minecraft.datatypes.MCTypeRegistry] Finished initialising converters for DataConverter in 712.5ms
[04:39:23 INFO]: Starting minecraft server version 1.21.10
[04:39:23 INFO]: Loading properties
[04:39:24 INFO]: This server is running Paper version 1.21.10-117-ver/1.21.10@df4b668 (2025-11-30T22:37:28Z) (Implementing API version 1.21.10-R0.1-SNAPSHOT)
[04:39:24 INFO]: [spark] This server bundles the spark profiler. For more information please visit https://docs.papermc.io/paper/profiling
[04:39:24 INFO]: Server Ping Player Sample Count: 12
[04:39:24 INFO]: Using 4 threads for Netty based IO
[04:39:24 INFO]: [MoonriseCommon] Paper is using 1 worker threads, 1 I/O threads
[04:39:25 ERROR]: [TerminalConsole] Failed to read console input
java.io.IOException: Bad file descriptor
	at java.base/java.io.FileInputStream.readBytes(Native Method) ~[?:?]
	at java.base/java.io.FileInputStream.read(FileInputStream.java:281) ~[?:?]
	at java.base/java.lang.System$In.read(System.java:1871) ~[?:?]
	at java.base/java.io.BufferedInputStream.read1(BufferedInputStream.java:328) ~[?:?]
	at java.base/java.io.BufferedInputStream.read(BufferedInputStream.java:388) ~[?:?]
	at java.base/sun.nio.cs.StreamDecoder.readBytes(StreamDecoder.java:279) ~[?:?]
	at java.base/sun.nio.cs.StreamDecoder.implRead(StreamDecoder.java:322) ~[?:?]
	at java.base/sun.nio.cs.StreamDecoder.read(StreamDecoder.java:186) ~[?:?]
	at java.base/java.io.InputStreamReader.read(InputStreamReader.java:183) ~[?:?]
	at java.base/java.io.BufferedReader.fill(BufferedReader.java:166) ~[?:?]
	at java.base/java.io.BufferedReader.readLine(BufferedReader.java:333) ~[?:?]
	at java.base/java.io.BufferedReader.readLine(BufferedReader.java:400) ~[?:?]
	at net.minecrell.terminalconsole.SimpleTerminalConsole.readCommands(SimpleTerminalConsole.java:180) ~[terminalconsoleappender-1.3.0.jar:?]
	at net.minecrell.terminalconsole.SimpleTerminalConsole.start(SimpleTerminalConsole.java:143) ~[terminalconsoleappender-1.3.0.jar:?]
	at net.minecraft.server.dedicated.DedicatedServer$1.run(DedicatedServer.java:201) ~[paper-1.21.10.jar:1.21.10-117-df4b668]
[04:39:25 INFO]: Default game type: SURVIVAL
[04:39:25 INFO]: Generating keypair
[04:39:25 INFO]: Starting Minecraft server on *:25565
[04:39:25 INFO]: Using epoll channel type
[04:39:25 INFO]: Paper: Using libdeflate (Linux x86_64) compression from Velocity.
[04:39:25 INFO]: Paper: Using OpenSSL 3.x.x (Linux x86_64) cipher from Velocity.
[04:39:25 INFO]: [SpigotLibraryLoader] [MythicMobs] Loading 4 libraries... please wait
[04:39:25 INFO]: [SpigotLibraryLoader] [MythicMobs] Loaded library /workspaces/Solarking-network/servidor_minecraft/libraries/net/kyori/adventure-api/4.16.0/adventure-api-4.16.0.jar
[04:39:25 INFO]: [SpigotLibraryLoader] [MythicMobs] Loaded library /workspaces/Solarking-network/servidor_minecraft/libraries/net/kyori/adventure-key/4.16.0/adventure-key-4.16.0.jar
[04:39:25 INFO]: [SpigotLibraryLoader] [MythicMobs] Loaded library /workspaces/Solarking-network/servidor_minecraft/libraries/net/kyori/examination-api/1.3.0/examination-api-1.3.0.jar
[04:39:25 INFO]: [SpigotLibraryLoader] [MythicMobs] Loaded library /workspaces/Solarking-network/servidor_minecraft/libraries/net/kyori/examination-string/1.3.0/examination-string-1.3.0.jar
[04:39:25 INFO]: [SpigotLibraryLoader] [MythicMobs] Loaded library /workspaces/Solarking-network/servidor_minecraft/libraries/org/jetbrains/annotations/24.1.0/annotations-24.1.0.jar
[04:39:25 INFO]: [SpigotLibraryLoader] [MythicMobs] Loaded library /workspaces/Solarking-network/servidor_minecraft/libraries/net/kyori/adventure-platform-bukkit/4.3.2/adventure-platform-bukkit-4.3.2.jar
[04:39:25 INFO]: [SpigotLibraryLoader] [MythicMobs] Loaded library /workspaces/Solarking-network/servidor_minecraft/libraries/net/kyori/adventure-platform-api/4.3.2/adventure-platform-api-4.3.2.jar
[04:39:25 INFO]: [SpigotLibraryLoader] [MythicMobs] Loaded library /workspaces/Solarking-network/servidor_minecraft/libraries/net/kyori/adventure-text-serializer-bungeecord/4.3.2/adventure-text-serializer-bungeecord-4.3.2.jar
[04:39:25 INFO]: [SpigotLibraryLoader] [MythicMobs] Loaded library /workspaces/Solarking-network/servidor_minecraft/libraries/net/kyori/adventure-text-serializer-legacy/4.13.1/adventure-text-serializer-legacy-4.13.1.jar
[04:39:25 INFO]: [SpigotLibraryLoader] [MythicMobs] Loaded library /workspaces/Solarking-network/servidor_minecraft/libraries/net/kyori/adventure-nbt/4.13.1/adventure-nbt-4.13.1.jar
[04:39:25 INFO]: [SpigotLibraryLoader] [MythicMobs] Loaded library /workspaces/Solarking-network/servidor_minecraft/libraries/net/kyori/adventure-text-serializer-gson-legacy-impl/4.13.1/adventure-text-serializer-gson-legacy-impl-4.13.1.jar
[04:39:25 INFO]: [SpigotLibraryLoader] [MythicMobs] Loaded library /workspaces/Solarking-network/servidor_minecraft/libraries/net/kyori/adventure-platform-facet/4.3.2/adventure-platform-facet-4.3.2.jar
[04:39:25 INFO]: [SpigotLibraryLoader] [MythicMobs] Loaded library /workspaces/Solarking-network/servidor_minecraft/libraries/net/kyori/adventure-platform-viaversion/4.3.2/adventure-platform-viaversion-4.3.2.jar
[04:39:25 INFO]: [SpigotLibraryLoader] [MythicMobs] Loaded library /workspaces/Solarking-network/servidor_minecraft/libraries/net/kyori/adventure-text-minimessage/4.16.0/adventure-text-minimessage-4.16.0.jar
[04:39:25 INFO]: [SpigotLibraryLoader] [MythicMobs] Loaded library /workspaces/Solarking-network/servidor_minecraft/libraries/net/kyori/adventure-text-serializer-gson/4.16.0/adventure-text-serializer-gson-4.16.0.jar
[04:39:25 INFO]: [SpigotLibraryLoader] [MythicMobs] Loaded library /workspaces/Solarking-network/servidor_minecraft/libraries/net/kyori/adventure-text-serializer-json/4.16.0/adventure-text-serializer-json-4.16.0.jar
[04:39:25 INFO]: [SpigotLibraryLoader] [MythicMobs] Loaded library /workspaces/Solarking-network/servidor_minecraft/libraries/net/kyori/option/1.0.0/option-1.0.0.jar
[04:39:25 INFO]: [SpigotLibraryLoader] [MythicMobs] Loaded library /workspaces/Solarking-network/servidor_minecraft/libraries/com/google/code/gson/gson/2.8.0/gson-2.8.0.jar
[04:39:25 INFO]: [SpigotLibraryLoader] [ModelEngine] Loading 3 libraries... please wait
[04:39:26 INFO]: [SpigotLibraryLoader] [ModelEngine] Loaded library /workspaces/Solarking-network/servidor_minecraft/libraries/net/kyori/adventure-api/4.14.0/adventure-api-4.14.0.jar
[04:39:26 INFO]: [SpigotLibraryLoader] [ModelEngine] Loaded library /workspaces/Solarking-network/servidor_minecraft/libraries/net/kyori/adventure-key/4.14.0/adventure-key-4.14.0.jar
[04:39:26 INFO]: [SpigotLibraryLoader] [ModelEngine] Loaded library /workspaces/Solarking-network/servidor_minecraft/libraries/net/kyori/examination-api/1.3.0/examination-api-1.3.0.jar
[04:39:26 INFO]: [SpigotLibraryLoader] [ModelEngine] Loaded library /workspaces/Solarking-network/servidor_minecraft/libraries/net/kyori/examination-string/1.3.0/examination-string-1.3.0.jar
[04:39:26 INFO]: [SpigotLibraryLoader] [ModelEngine] Loaded library /workspaces/Solarking-network/servidor_minecraft/libraries/org/jetbrains/annotations/24.0.1/annotations-24.0.1.jar
[04:39:26 INFO]: [SpigotLibraryLoader] [ModelEngine] Loaded library /workspaces/Solarking-network/servidor_minecraft/libraries/net/kyori/adventure-text-serializer-gson/4.14.0/adventure-text-serializer-gson-4.14.0.jar
[04:39:26 INFO]: [SpigotLibraryLoader] [ModelEngine] Loaded library /workspaces/Solarking-network/servidor_minecraft/libraries/net/kyori/adventure-text-serializer-json/4.14.0/adventure-text-serializer-json-4.14.0.jar
[04:39:26 INFO]: [SpigotLibraryLoader] [ModelEngine] Loaded library /workspaces/Solarking-network/servidor_minecraft/libraries/com/google/code/gson/gson/2.8.0/gson-2.8.0.jar
[04:39:26 INFO]: [SpigotLibraryLoader] [ModelEngine] Loaded library /workspaces/Solarking-network/servidor_minecraft/libraries/net/kyori/adventure-text-serializer-bungeecord/4.3.0/adventure-text-serializer-bungeecord-4.3.0.jar
[04:39:26 INFO]: [SpigotLibraryLoader] [ModelEngine] Loaded library /workspaces/Solarking-network/servidor_minecraft/libraries/net/kyori/adventure-text-serializer-legacy/4.13.0/adventure-text-serializer-legacy-4.13.0.jar
[04:39:26 INFO]: [eco] Initializing [38;2;85;255;85meco[0m
[04:39:27 INFO]: [SpigotLibraryLoader] [ItemEdit] Loading 5 libraries... please wait
[04:39:27 INFO]: [SpigotLibraryLoader] [ItemEdit] Loaded library /workspaces/Solarking-network/servidor_minecraft/libraries/net/kyori/adventure-api/4.20.0/adventure-api-4.20.0.jar
[04:39:27 INFO]: [SpigotLibraryLoader] [ItemEdit] Loaded library /workspaces/Solarking-network/servidor_minecraft/libraries/net/kyori/adventure-key/4.20.0/adventure-key-4.20.0.jar
[04:39:27 INFO]: [SpigotLibraryLoader] [ItemEdit] Loaded library /workspaces/Solarking-network/servidor_minecraft/libraries/net/kyori/examination-api/1.3.0/examination-api-1.3.0.jar
[04:39:27 INFO]: [SpigotLibraryLoader] [ItemEdit] Loaded library /workspaces/Solarking-network/servidor_minecraft/libraries/net/kyori/examination-string/1.3.0/examination-string-1.3.0.jar
[04:39:27 INFO]: [SpigotLibraryLoader] [ItemEdit] Loaded library /workspaces/Solarking-network/servidor_minecraft/libraries/org/jetbrains/annotations/26.0.2/annotations-26.0.2.jar
[04:39:27 INFO]: [SpigotLibraryLoader] [ItemEdit] Loaded library /workspaces/Solarking-network/servidor_minecraft/libraries/net/kyori/adventure-platform-bukkit/4.3.4/adventure-platform-bukkit-4.3.4.jar
[04:39:27 INFO]: [SpigotLibraryLoader] [ItemEdit] Loaded library /workspaces/Solarking-network/servidor_minecraft/libraries/net/kyori/adventure-platform-api/4.3.4/adventure-platform-api-4.3.4.jar
[04:39:27 INFO]: [SpigotLibraryLoader] [ItemEdit] Loaded library /workspaces/Solarking-network/servidor_minecraft/libraries/net/kyori/adventure-text-serializer-bungeecord/4.3.4/adventure-text-serializer-bungeecord-4.3.4.jar
[04:39:27 INFO]: [SpigotLibraryLoader] [ItemEdit] Loaded library /workspaces/Solarking-network/servidor_minecraft/libraries/net/kyori/adventure-nbt/4.13.1/adventure-nbt-4.13.1.jar
[04:39:27 INFO]: [SpigotLibraryLoader] [ItemEdit] Loaded library /workspaces/Solarking-network/servidor_minecraft/libraries/net/kyori/adventure-text-serializer-gson-legacy-impl/4.13.1/adventure-text-serializer-gson-legacy-impl-4.13.1.jar
[04:39:27 INFO]: [SpigotLibraryLoader] [ItemEdit] Loaded library /workspaces/Solarking-network/servidor_minecraft/libraries/net/kyori/adventure-platform-facet/4.3.4/adventure-platform-facet-4.3.4.jar
[04:39:27 INFO]: [SpigotLibraryLoader] [ItemEdit] Loaded library /workspaces/Solarking-network/servidor_minecraft/libraries/net/kyori/adventure-platform-viaversion/4.3.4/adventure-platform-viaversion-4.3.4.jar
[04:39:27 INFO]: [SpigotLibraryLoader] [ItemEdit] Loaded library /workspaces/Solarking-network/servidor_minecraft/libraries/net/kyori/adventure-text-minimessage/4.20.0/adventure-text-minimessage-4.20.0.jar
[04:39:27 INFO]: [SpigotLibraryLoader] [ItemEdit] Loaded library /workspaces/Solarking-network/servidor_minecraft/libraries/net/kyori/adventure-text-serializer-gson/4.20.0/adventure-text-serializer-gson-4.20.0.jar
[04:39:27 INFO]: [SpigotLibraryLoader] [ItemEdit] Loaded library /workspaces/Solarking-network/servidor_minecraft/libraries/net/kyori/adventure-text-serializer-json/4.20.0/adventure-text-serializer-json-4.20.0.jar
[04:39:27 INFO]: [SpigotLibraryLoader] [ItemEdit] Loaded library /workspaces/Solarking-network/servidor_minecraft/libraries/net/kyori/option/1.1.0/option-1.1.0.jar
[04:39:27 INFO]: [SpigotLibraryLoader] [ItemEdit] Loaded library /workspaces/Solarking-network/servidor_minecraft/libraries/org/jspecify/jspecify/1.0.0/jspecify-1.0.0.jar
[04:39:27 INFO]: [SpigotLibraryLoader] [ItemEdit] Loaded library /workspaces/Solarking-network/servidor_minecraft/libraries/com/google/code/gson/gson/2.8.0/gson-2.8.0.jar
[04:39:27 INFO]: [SpigotLibraryLoader] [ItemEdit] Loaded library /workspaces/Solarking-network/servidor_minecraft/libraries/com/google/auto/service/auto-service-annotations/1.1.1/auto-service-annotations-1.1.1.jar
[04:39:27 INFO]: [SpigotLibraryLoader] [ItemEdit] Loaded library /workspaces/Solarking-network/servidor_minecraft/libraries/net/kyori/adventure-text-serializer-commons/4.20.0/adventure-text-serializer-commons-4.20.0.jar
[04:39:27 INFO]: [SpigotLibraryLoader] [ItemEdit] Loaded library /workspaces/Solarking-network/servidor_minecraft/libraries/net/kyori/adventure-text-serializer-legacy/4.20.0/adventure-text-serializer-legacy-4.20.0.jar
[04:39:27 INFO]: [SpigotLibraryLoader] [zMenu] Loading 1 libraries... please wait
[04:39:27 INFO]: [SpigotLibraryLoader] [zMenu] Loaded library /workspaces/Solarking-network/servidor_minecraft/libraries/org/mariadb/jdbc/mariadb-java-client/3.5.6/mariadb-java-client-3.5.6.jar
[04:39:28 INFO]: [EcoItems] Initializing [38;2;255;0;0mEcoItems[0m
[04:39:28 INFO]: [EcoJobs] Initializing [38;2;150;75;0mEcoJobs[0m
[04:39:28 INFO]: [SpigotLibraryLoader] [zAuctionHouseV3] Loading 1 libraries... please wait
[04:39:28 INFO]: [SpigotLibraryLoader] [zAuctionHouseV3] Loaded library /workspaces/Solarking-network/servidor_minecraft/libraries/org/mariadb/jdbc/mariadb-java-client/3.5.6/mariadb-java-client-3.5.6.jar
[04:39:29 WARN]: [org.bukkit.craftbukkit.legacy.CraftLegacy] Initializing Legacy Material Support. Unless you have legacy plugins and/or data this is a bug!
[04:39:43 WARN]: Legacy plugin EconomyX v2.8.3-FINAL does not specify an api-version.
[04:39:43 INFO]: [EcoMobs] Initializing [38;2;85;85;255mEcoMobs[0m
[04:39:43 WARN]: Legacy plugin PlayerVaults v3.6.0-bSNAPSHOT does not specify an api-version.
[04:39:43 WARN]: Legacy plugin EcoPets v2.77.1 does not specify an api-version.
[04:39:43 INFO]: [EcoPets] Initializing [38;2;217;119;194mEcoPets[0m
[04:39:43 WARN]: Legacy plugin Talismans v6.77.0 does not specify an api-version.
[04:39:43 INFO]: [Talismans] Initializing [38;2;255;170;0mTalismans[0m
[04:39:43 WARN]: Legacy plugin EcoArmor v8.78.0 does not specify an api-version.
[04:39:43 INFO]: [EcoArmor] Initializing [38;2;255;85;85mEcoArmor[0m
[04:39:44 INFO]: [SpigotLibraryLoader] [BattlePass] Loading 4 libraries... please wait
[04:39:44 INFO]: [SpigotLibraryLoader] [BattlePass] Loaded library /workspaces/Solarking-network/servidor_minecraft/libraries/org/apache/commons/commons-lang3/3.12.0/commons-lang3-3.12.0.jar
[04:39:44 INFO]: [SpigotLibraryLoader] [BattlePass] Loaded library /workspaces/Solarking-network/servidor_minecraft/libraries/com/zaxxer/HikariCP/7.0.2/HikariCP-7.0.2.jar
[04:39:44 INFO]: [SpigotLibraryLoader] [BattlePass] Loaded library /workspaces/Solarking-network/servidor_minecraft/libraries/org/slf4j/slf4j-api/2.0.17/slf4j-api-2.0.17.jar
[04:39:44 INFO]: [SpigotLibraryLoader] [BattlePass] Loaded library /workspaces/Solarking-network/servidor_minecraft/libraries/com/j256/ormlite/ormlite-jdbc/6.1/ormlite-jdbc-6.1.jar
[04:39:44 INFO]: [SpigotLibraryLoader] [BattlePass] Loaded library /workspaces/Solarking-network/servidor_minecraft/libraries/org/postgresql/postgresql/42.7.5/postgresql-42.7.5.jar
[04:39:44 INFO]: [SpigotLibraryLoader] [BattlePass] Loaded library /workspaces/Solarking-network/servidor_minecraft/libraries/org/checkerframework/checker-qual/3.48.3/checker-qual-3.48.3.jar
[04:39:44 INFO]: [SpigotLibraryLoader] [MobsToEggs] Loading 1 libraries... please wait
[04:39:44 INFO]: [SpigotLibraryLoader] [MobsToEggs] Loaded library /workspaces/Solarking-network/servidor_minecraft/libraries/org/jetbrains/kotlin/kotlin-stdlib/2.2.21/kotlin-stdlib-2.2.21.jar
[04:39:44 INFO]: [SpigotLibraryLoader] [MobsToEggs] Loaded library /workspaces/Solarking-network/servidor_minecraft/libraries/org/jetbrains/annotations/13.0/annotations-13.0.jar
[04:39:45 INFO]: [LuckPerms] Loading server plugin LuckPerms v5.5.0
[04:39:45 INFO]: [Vault] Loading server plugin Vault v1.7.3-b131
[04:39:45 INFO]: [WorldEdit] Loading server plugin WorldEdit v7.3.18+7298-4383852
[04:39:47 INFO]: Got request to register class com.sk89q.worldedit.bukkit.BukkitServerInterface with WorldEdit [com.sk89q.worldedit.extension.platform.PlatformManager@272f68e]
[04:39:47 INFO]: [PlaceholderAPI] Loading server plugin PlaceholderAPI v2.11.6
[04:39:47 INFO]: [WorldGuard] Loading server plugin WorldGuard v7.0.14+2339-43997ec
[04:39:47 INFO]: [CoreLogging] Loading server plugin Multiverse-Core v5.3.0
[04:39:47 INFO]: [MythicMobs] Loading server plugin MythicMobs v5.11.0-SNAPSHOT-b95565d9
[04:39:47 INFO]: [LumineUtils] (io.lumine.mythic.bukkit.utils.) is bound to plugin MythicMobs - io.lumine.mythic.bukkit.MythicBukkit
[04:39:47 INFO]: [MythicMobs] §x§f§f§0§0§0§0M§x§f§f§6§6§0§0y§x§f§f§c§c§0§0t§x§c§b§f§f§0§0h§x§6§5§f§f§0§0i§x§0§0§f§f§0§0c§x§0§0§f§f§6§6 §x§0§0§f§f§c§bE§x§0§0§c§b§f§fn§x§0§0§6§5§f§fa§x§0§0§0§0§f§fb§x§6§6§0§0§f§fl§x§c§c§0§0§f§fe§x§f§f§0§0§c§cd§x§f§f§0§0§6§6![0m
[04:39:47 INFO]: [Essentials] Loading server plugin Essentials v2.22.0-dev+57-7775662
[04:39:47 INFO]: [ProtocolLib] Loading server plugin ProtocolLib v5.4.0
[04:39:47 WARN]: [ProtocolLib] Version (MC: 1.21.10) has not yet been tested! Proceed with caution.
[04:39:48 INFO]: [GHolo] Loading server plugin GHolo v2.2.6
[04:39:48 INFO]: [ModelEngine] Loading server plugin ModelEngine vR4.0.9
[04:39:48 INFO]: [SpawnerMeta] Loading server plugin SpawnerMeta v25.5
[04:39:48 INFO]: [EssentialsChat] Loading server plugin EssentialsChat v2.22.0-dev+57-7775662
[04:39:48 INFO]: [eco] Loading server plugin eco v6.77.2
[04:39:48 INFO]: [ProtectionStones] Loading server plugin ProtectionStones v2.10.5
[04:39:48 INFO]: [AuraSkills] Loading server plugin AuraSkills v2.3.10
[04:39:48 INFO]: [EconomyShopGUI] Loading server plugin EconomyShopGUI v6.16.2
[04:39:48 INFO]: [ItemEdit] Loading server plugin ItemEdit v3.7.8
[04:39:48 INFO]: [Skulls] Loading server plugin Skulls v3.28.0
[04:39:48 WARN]: [Skulls] Could not add URL to classpath using any method: file:/workspaces/Solarking-network/servidor_minecraft/plugins/Skulls/libs/sqlite-jdbc-3.44.1.0.jar
[04:39:48 INFO]: [Skulls] Loaded dependency: org.xerial:sqlite-jdbc:3.44.1.0
[04:39:48 WARN]: [Skulls] Could not add URL to classpath using any method: file:/workspaces/Solarking-network/servidor_minecraft/plugins/Skulls/libs/jedis-5.1.0.jar
[04:39:48 INFO]: [Skulls] Loaded dependency: redis.clients:jedis:5.1.0
[04:39:48 INFO]: [AdvancedEnchantments] Loading server plugin AdvancedEnchantments v9.22.7
[04:39:48 INFO]: [zMenu] Loading server plugin zMenu v1.1.0.7
[04:39:48 INFO]: [nightcore] Loading server plugin nightcore v2.11.0
[04:39:48 INFO]: [VotifierPlus] Loading server plugin VotifierPlus v1.4.3
[04:39:48 INFO]: [EcoItems] Loading server plugin EcoItems v5.66.0
[04:39:48 INFO]: [libreforge] Initializing [38;2;180;255;51mlibreforge[0m
[04:39:48 INFO]: [libreforge] Loading server plugin libreforge v4.79.0
[04:39:48 INFO]: [AxSellwands] Loading server plugin AxSellwands v1.12.0
[04:39:48 INFO]: [AdvancedKits] Loading server plugin AdvancedKits v1.21.29
[04:39:48 INFO]: [EcoJobs] Loading server plugin EcoJobs v3.72.0
[04:39:48 INFO]: [VoidTeleport] Loading server plugin VoidTeleport v2.4.5
[04:39:48 INFO]: [DeepVoid] Loading server plugin DeepVoid v2.22.0
[04:39:48 INFO]: [zAuctionHouseV3] Loading server plugin zAuctionHouseV3 v3.2.4.0
[04:39:48 INFO]: [DeluxeMenus] Loading server plugin DeluxeMenus v1.14.1-Release
[04:39:48 WARN]: [DeluxeMenus] Could not setup a NMS hook for your server version! The following Item options will not work: nbt_int, nbt_ints, nbt_string and nbt_strings.
[04:39:48 INFO]: [AxRewards] Loading server plugin AxRewards v3.7.0
[04:39:48 INFO]: [FancyNpcs] Loading server plugin FancyNpcs v2.9.1
[04:39:48 INFO]: [SkinsRestorer] Loading server plugin SkinsRestorer v15.10.0
[04:39:48 INFO]: [InfiniteGUI] Loading server plugin InfiniteGUI v1.1.10
[04:39:48 INFO]: [ExcellentCrates] Loading server plugin ExcellentCrates v6.6.1
[04:39:48 INFO]: [EssentialsSpawn] Loading server plugin EssentialsSpawn v2.22.0-dev+57-7775662
[04:39:48 INFO]: [CommandPanels] Loading server plugin CommandPanels v3.23.4
[04:39:48 INFO]: [nLogin] Loading server plugin nLogin v2.0.11
[04:39:49 INFO]: [EconomyX] Loading server plugin EconomyX v2.8.3-FINAL
[04:39:49 INFO]: [PinataParty] Loading server plugin PinataParty v2.69.3
[04:39:49 INFO]: [RavenWelcome] Loading server plugin RavenWelcome v1.0
[04:39:49 INFO]: [RealMines] Loading server plugin RealMines v1.8.8
[04:39:49 INFO]: [EcoMobs] Loading server plugin EcoMobs v10.24.0
[04:39:49 INFO]: [MiniMOTD] Loading server plugin MiniMOTD v2.2.2
[04:39:49 INFO]: [PlayerVaults] Loading server plugin PlayerVaults v3.6.0-bSNAPSHOT
[04:39:49 INFO]: [Shopkeepers] Loading server plugin Shopkeepers v2.25.0
[04:39:50 INFO]: [Shopkeepers] Loaded all plugin classes (826 ms).
[04:39:50 INFO]: [Shopkeepers] Compatibility provider loaded: 1_21_R8_paper
[04:39:50 INFO]: [Shopkeepers] Loading config.
[04:39:50 INFO]: [Shopkeepers] Loading language file: language-en-default.yml
[04:39:50 INFO]: [Shopkeepers] Registering WorldGuard flag 'allow-shop'.
[04:39:50 INFO]: [Shopkeepers] Registering defaults.
[04:39:50 INFO]: [Simple_RTP] Loading server plugin Simple_RTP v1.0.2-BETA
[04:39:50 INFO]: [Ouranos] Loading server plugin Ouranos v1.1.11
[04:39:50 INFO]: [RealScoreboard] Loading server plugin RealScoreboard v1.5.7
[04:39:50 INFO]: [XVaults] Loading server plugin XVaults v2.1.2
[04:39:50 INFO]: [TAB] Loading server plugin TAB v5.4.0
[04:39:50 INFO]: [EcoPets] Loading server plugin EcoPets v2.77.1
[04:39:50 INFO]: [Talismans] Loading server plugin Talismans v6.77.0
[04:39:50 INFO]: [EcoArmor] Loading server plugin EcoArmor v8.78.0
[04:39:50 INFO]: [Rankup] Loading server plugin Rankup v3.15.2
[04:39:50 INFO]: [BattlePass] Loading server plugin BattlePass v5.0.3
[04:39:50 INFO]: [AnimaBossBar] Loading server plugin AnimaBossBar v${project.version}
[04:39:50 INFO]: [MobsToEggs] Loading server plugin MobsToEggs v1.7.22
[04:39:50 INFO]: Server permissions file permissions.yml is empty, ignoring it
[04:39:50 INFO]: [LuckPerms] Enabling LuckPerms v5.5.0
[04:39:51 INFO]: [38;2;85;255;255m       [38;2;0;170;170m __    [0m
[04:39:51 INFO]: [38;2;85;255;255m  |    [38;2;0;170;170m|__)   [38;2;0;170;0mLuckPerms[0m [38;2;85;255;255mv5.5.0[0m
[04:39:51 INFO]: [38;2;85;255;255m  |___ [38;2;0;170;170m|      [38;2;85;85;85mRunning on Bukkit - Paper[0m
[04:39:51 INFO]: 
[04:39:51 INFO]: [LuckPerms] Loading configuration...
[04:39:51 INFO]: [LuckPerms] Loading storage provider... [H2]
[04:39:52 INFO]: [LuckPerms] Loading internal permission managers...
[04:39:53 INFO]: [LuckPerms] Performing initial data load...
[04:39:53 INFO]: [LuckPerms] Successfully enabled. (took 3643ms)
[04:39:53 INFO]: [Vault] Enabling Vault v1.7.3-b131
[04:39:54 INFO]: [Vault] [Economy] Essentials Economy found: Waiting
[04:39:54 INFO]: [Vault] [Permission] SuperPermissions loaded as backup permission system.
[04:39:54 INFO]: [Vault] Enabled Version 1.7.3-b131
[04:39:54 INFO]: [LuckPerms] Registered Vault permission & chat hook.
[04:39:54 INFO]: [WorldEdit] Enabling WorldEdit v7.3.18+7298-4383852
[04:39:54 INFO]: Registering commands with com.sk89q.worldedit.bukkit.BukkitServerInterface
[04:39:55 INFO]: WEPIF: Vault detected! Using Vault for permissions
[04:39:55 INFO]: Using com.sk89q.worldedit.bukkit.adapter.impl.v1_21_9.PaperweightAdapter as the Bukkit adapter
[04:39:57 INFO]: [ProtocolLib] Enabling ProtocolLib v5.4.0
[04:39:57 INFO]: [ModelEngine] Enabling ModelEngine vR4.0.9
[04:39:57 INFO]: [ModelEngine] [S] [38;5;46mLoading cache version: R4.0.8[0m
[04:39:58 WARN]: [ModelEngine] [S] [33mUnable to activate MineSkin skin generation: Empty API Key[0m
[04:39:58 INFO]: [ModelEngine] [S] [36mLoading default skin: Steve[0m
[04:39:58 INFO]: [ModelEngine] [S] [38;5;46mRegistered default skin: Steve[0m
[04:39:58 INFO]: [ModelEngine] [S] [36mLoading default skin: Alex[0m
[04:39:58 INFO]: [ModelEngine] [A] [38;5;46mRegistered default skin: Alex[0m
[04:39:58 INFO]: [eco] Enabling eco v6.77.2
[04:39:58 INFO]: [eco] Loading [38;2;85;255;85meco[0m
[04:39:58 INFO]: [PlaceholderAPI] Successfully registered internal expansion: eco [6.77.2]
[04:39:58 INFO]: [eco] Loaded integrations: EconomyShopGUI, MythicMobs, ModelEngine, Essentials, Vault, PlaceholderAPI, WorldGuard
[04:39:58 INFO]: [eco] Scanning for conflicts...
[04:39:58 WARN]: [eco] MobsToEggs will likely conflict with eco! Reason: Kotlin found in libraries (lib-loader)
[04:39:58 WARN]: [eco] You can fix the conflicts by either removing the conflicting plugins, or by asking on the support discord to have them patched!
[04:39:58 WARN]: [eco] Only remove potentially conflicting plugins if you see Loader Constraint Violation / LinkageError anywhere
[04:39:58 INFO]: [nightcore] Enabling nightcore v2.11.0
[04:39:58 INFO]: [nightcore] Server version detected as 1.21.10. Using paper-bridge.
[04:39:58 INFO]: Environment: Environment[sessionHost=https://sessionserver.mojang.com, servicesHost=https://api.minecraftservices.com, profilesHost=https://api.mojang.com, name=PROD]
[04:39:58 INFO]: [nightcore] Time zone set as Etc/UTC
[04:39:58 INFO]: [nightcore] Loaded 2 color schemes.
[04:39:58 INFO]: [nightcore] Using 'custom' color scheme.
[04:39:58 INFO]: [nightcore] Registered permissions provider: LuckPerms
[04:39:58 INFO]: [nightcore] Registered item provider: 'vanilla'.
[04:39:58 INFO]: [nightcore] Registered item provider: 'excellentcrates'.
[04:39:58 INFO]: [nightcore] Registered item provider: 'excellentcrates_crate'.
[04:39:58 INFO]: [nightcore] Registered item provider: 'excellentcrates_key'.
[04:39:58 INFO]: [nightcore] Vault detected! Loading currency...
[04:39:58 INFO]: [nightcore] Currency registered: 'vault'.
[04:39:58 INFO]: [nightcore] Currency registered: 'xp_level'.
[04:39:58 INFO]: [nightcore] Currency registered: 'gold'.
[04:39:58 INFO]: [nightcore] Currency registered: 'emerald'.
[04:39:58 INFO]: [nightcore] Currency registered: 'custom_diamond'.
[04:39:58 INFO]: [nightcore] Plugin loaded in 221 ms!
[04:39:58 INFO]: [SkinsRestorer] Enabling SkinsRestorer v15.10.0
[04:40:00 INFO]: [33;1m[[32;22mSkinsRestorer[33;1m] [0;39m[32;1mRunning on Minecraft [33;1m1.21.10[32;1m.[0;39m
[04:40:00 INFO]: [33;1m[[32;22mSkinsRestorer[33;1m] [0;39mUsing paper join listener![0;39m
[04:40:00 INFO]: [PlaceholderAPI] Successfully registered internal expansion: skinsrestorer [15.10.0]
[04:40:00 INFO]: [33;1m[[32;22mSkinsRestorer[33;1m] [0;39mPlaceholderAPI expansion registered![0;39m
[04:40:01 INFO]: [nLogin] Enabling nLogin v2.0.11
[04:40:01 INFO]: [33;1m[[32;22mSkinsRestorer[33;1m] [0;39m[32;1m----------------------------------------------[0;39m
[04:40:01 INFO]: [33;1m[[32;22mSkinsRestorer[33;1m] [0;39m[32;1m    +==================+[0;39m
[04:40:01 INFO]: [33;1m[[32;22mSkinsRestorer[33;1m] [0;39m[32;1m    |   SkinsRestorer  |[0;39m
[04:40:01 INFO]: [33;1m[[32;22mSkinsRestorer[33;1m] [0;39m[32;1m    |------------------|[0;39m
[04:40:01 INFO]: [33;1m[[32;22mSkinsRestorer[33;1m] [0;39m[32;1m    |  [34;1m[4m[21mStandalone Mode[0;39m[32;1m |[0;39m
[04:40:01 INFO]: [33;1m[[32;22mSkinsRestorer[33;1m] [0;39m[32;1m    +==================+[0;39m
[04:40:01 INFO]: [33;1m[[32;22mSkinsRestorer[33;1m] [0;39m[32;1m----------------------------------------------[0;39m
[04:40:01 INFO]: [33;1m[[32;22mSkinsRestorer[33;1m] [0;39m[36;1m    Version: [32;1m15.10.0[0;39m
[04:40:01 INFO]: [33;1m[[32;22mSkinsRestorer[33;1m] [0;39m[36;1m    Commit: [32;1mfcb9320[0;39m
[04:40:01 INFO]: [33;1m[[32;22mSkinsRestorer[33;1m] [0;39m[32;1m    This is the latest version![0;39m
[04:40:01 INFO]: [33;1m[[32;22mSkinsRestorer[33;1m] [0;39m[32;1m----------------------------------------------[0;39m
[04:40:01 INFO]: [33;1m[[32;22mSkinsRestorer[33;1m] [0;39m[34;1mDo you have issues? Read our troubleshooting guide: [33;1mhttps://skinsrestorer.net/docs/troubleshooting[0;39m
[04:40:01 INFO]: [33;1m[[32;22mSkinsRestorer[33;1m] [0;39m[34;1mWant to support SkinsRestorer? Consider donating: [33;1mhttps://skinsrestorer.net/donate[0;39m
[04:40:01 INFO]: [nLogin] Successful plugin core start (took 0.50s)
[04:40:01 INFO]: [nLogin] [38;2;85;85;255m          __             _       [0m
[04:40:01 INFO]: [nLogin] [38;2;85;85;255m  _ __   / /  ___   __ _(_)_ __  [0m
[04:40:01 INFO]: [nLogin] [38;2;85;85;255m | '_ \ / /  / _ \ / _` | | '_ \ [0m
[04:40:01 INFO]: [nLogin] [38;2;85;85;255m | | | / /__| (_) | (_| | | | | |[0m
[04:40:01 INFO]: [nLogin] [38;2;85;85;255m |_| |_\____/\___/ \__, |_|_| |_|[0m
[04:40:01 INFO]: [nLogin] [38;2;85;85;255m                  |___/            [0m
[04:40:01 INFO]: [nLogin] [38;2;85;85;255m By: www.nickuc.com - V 2.0.11[0m
[04:40:01 INFO]: [nLogin] [38;2;85;85;255m [0m
[04:40:04 INFO]: [Ouranos] Enabling Ouranos v1.1.11
[04:40:20 INFO]: [com.zaxxer.hikari.HikariDataSource] HikariPool-1 - Starting...
[04:40:20 INFO]: [com.zaxxer.hikari.pool.HikariPool] HikariPool-1 - Added connection org.sqlite.jdbc4.JDBC4Connection@2ba4d660
[04:40:20 INFO]: [com.zaxxer.hikari.HikariDataSource] HikariPool-1 - Start completed.
[04:40:20 WARN]: **** SERVER IS RUNNING IN OFFLINE/INSECURE MODE!
[04:40:20 WARN]: The server will make no attempt to authenticate usernames. Beware.
[04:40:20 WARN]: While this makes the game possible to play without internet access, it also opens up the ability for hackers to connect with any username they choose.
[04:40:20 WARN]: To change this, set "online-mode" to "true" in the server.properties file.
[04:40:20 INFO]: Preparing level "world"
[04:40:23 INFO]: Loading 0 persistent chunks for world 'minecraft:overworld'...
[04:40:23 INFO]: Preparing spawn area: 100%
[04:40:23 INFO]: Prepared spawn area in 3 ms
[04:40:23 INFO]: Loading 0 persistent chunks for world 'minecraft:the_nether'...
[04:40:23 INFO]: Prepared spawn area in 0 ms
[04:40:23 INFO]: Loading 0 persistent chunks for world 'minecraft:the_end'...
[04:40:23 INFO]: Prepared spawn area in 2 ms
[04:40:23 INFO]: Done preparing level "world" (2.048s)
[04:40:23 INFO]: [PlaceholderAPI] Enabling PlaceholderAPI v2.11.6
[04:40:23 INFO]: [PlaceholderAPI] Fetching available expansion information...
[04:40:23 INFO]: [WorldGuard] Enabling WorldGuard v7.0.14+2339-43997ec
[04:40:23 INFO]: [WorldGuard] (world) TNT ignition is PERMITTED.
[04:40:23 INFO]: [WorldGuard] (world) Lighters are PERMITTED.
[04:40:23 INFO]: [WorldGuard] (world) Lava fire is PERMITTED.
[04:40:23 INFO]: [WorldGuard] (world) Fire spread is UNRESTRICTED.
[04:40:23 INFO]: [WorldGuard] Loaded configuration for world 'world'
[04:40:23 INFO]: [WorldGuard] (world_nether) TNT ignition is PERMITTED.
[04:40:23 INFO]: [WorldGuard] (world_nether) Lighters are PERMITTED.
[04:40:23 INFO]: [WorldGuard] (world_nether) Lava fire is PERMITTED.
[04:40:23 INFO]: [WorldGuard] (world_nether) Fire spread is UNRESTRICTED.
[04:40:23 INFO]: [WorldGuard] Loaded configuration for world 'world_nether'
[04:40:23 INFO]: [WorldGuard] (world_the_end) TNT ignition is PERMITTED.
[04:40:23 INFO]: [WorldGuard] (world_the_end) Lighters are PERMITTED.
[04:40:23 INFO]: [WorldGuard] (world_the_end) Lava fire is PERMITTED.
[04:40:23 INFO]: [WorldGuard] (world_the_end) Fire spread is UNRESTRICTED.
[04:40:23 INFO]: [WorldGuard] Loaded configuration for world 'world_the_end'
[04:40:23 INFO]: [WorldGuard] Loading region data...
[04:40:24 INFO]: [Multiverse-Core] Enabling Multiverse-Core v5.3.0
[04:40:25 INFO]: Could not set generator for world 'spawn2': Plugin 'DeepVoid v2.22.0' is not enabled
[04:40:25 INFO]: Loading 0 persistent chunks for world 'minecraft:spawn2'...
[04:40:25 INFO]: Preparing spawn area: 100%
[04:40:25 INFO]: Prepared spawn area in 2 ms
[04:40:25 INFO]: [WorldGuard] (spawn2) TNT ignition is PERMITTED.
[04:40:25 INFO]: [WorldGuard] (spawn2) Lighters are PERMITTED.
[04:40:25 INFO]: [WorldGuard] (spawn2) Lava fire is PERMITTED.
[04:40:25 INFO]: [WorldGuard] (spawn2) Fire spread is UNRESTRICTED.
[04:40:25 INFO]: [WorldGuard] Loaded configuration for world 'spawn2'
[04:40:25 INFO]: Loading 0 persistent chunks for world 'minecraft:world2'...
[04:40:25 INFO]: Preparing spawn area: 100%
[04:40:25 INFO]: Prepared spawn area in 5 ms
[04:40:25 INFO]: [WorldGuard] (world2) TNT ignition is PERMITTED.
[04:40:25 INFO]: [WorldGuard] (world2) Lighters are PERMITTED.
[04:40:25 INFO]: [WorldGuard] (world2) Lava fire is PERMITTED.
[04:40:25 INFO]: [WorldGuard] (world2) Fire spread is UNRESTRICTED.
[04:40:25 INFO]: [WorldGuard] Loaded configuration for world 'world2'
[04:40:25 INFO]: Could not set generator for world 'dungeon2': Plugin 'DeepVoid v2.22.0' is not enabled
[04:40:25 INFO]: Loading 0 persistent chunks for world 'minecraft:dungeon2'...
[04:40:25 INFO]: Prepared spawn area in 0 ms
[04:40:25 INFO]: [WorldGuard] (dungeon2) TNT ignition is PERMITTED.
[04:40:25 INFO]: [WorldGuard] (dungeon2) Lighters are PERMITTED.
[04:40:25 INFO]: [WorldGuard] (dungeon2) Lava fire is PERMITTED.
[04:40:25 INFO]: [WorldGuard] (dungeon2) Fire spread is UNRESTRICTED.
[04:40:25 INFO]: [WorldGuard] Loaded configuration for world 'dungeon2'
[04:40:25 INFO]: Could not set generator for world 'minasranks': Plugin 'DeepVoid v2.22.0' is not enabled
[04:40:26 INFO]: Loading 0 persistent chunks for world 'minecraft:minasranks'...
[04:40:26 INFO]: Prepared spawn area in 3 ms
[04:40:26 INFO]: [WorldGuard] (minasranks) TNT ignition is PERMITTED.
[04:40:26 INFO]: [WorldGuard] (minasranks) Lighters are PERMITTED.
[04:40:26 INFO]: [WorldGuard] (minasranks) Lava fire is PERMITTED.
[04:40:26 INFO]: [WorldGuard] (minasranks) Fire spread is UNRESTRICTED.
[04:40:26 INFO]: [WorldGuard] Loaded configuration for world 'minasranks'
[04:40:26 INFO]: Could not set generator for world 'koth': Plugin 'DeepVoid v2.22.0' is not enabled
[04:40:26 INFO]: Loading 0 persistent chunks for world 'minecraft:koth'...
[04:40:26 INFO]: Preparing spawn area: 100%
[04:40:26 INFO]: Prepared spawn area in 2 ms
[04:40:26 INFO]: [WorldGuard] (koth) TNT ignition is PERMITTED.
[04:40:26 INFO]: [WorldGuard] (koth) Lighters are PERMITTED.
[04:40:26 INFO]: [WorldGuard] (koth) Lava fire is PERMITTED.
[04:40:26 INFO]: [WorldGuard] (koth) Fire spread is UNRESTRICTED.
[04:40:26 INFO]: [WorldGuard] Loaded configuration for world 'koth'
[04:40:26 INFO]: Could not set generator for world 'arenapvp': Plugin 'DeepVoid v2.22.0' is not enabled
[04:40:26 INFO]: Loading 0 persistent chunks for world 'minecraft:arenapvp'...
[04:40:26 INFO]: Preparing spawn area: 100%
[04:40:26 INFO]: Prepared spawn area in 3 ms
[04:40:26 INFO]: [WorldGuard] (arenapvp) TNT ignition is PERMITTED.
[04:40:26 INFO]: [WorldGuard] (arenapvp) Lighters are PERMITTED.
[04:40:26 INFO]: [WorldGuard] (arenapvp) Lava fire is PERMITTED.
[04:40:26 INFO]: [WorldGuard] (arenapvp) Fire spread is UNRESTRICTED.
[04:40:26 INFO]: [WorldGuard] Loaded configuration for world 'arenapvp'
[04:40:26 INFO]: Could not set generator for world 'dungeon': Plugin 'DeepVoid v2.22.0' is not enabled
[04:40:26 INFO]: Loading 0 persistent chunks for world 'minecraft:dungeon'...
[04:40:26 INFO]: Preparing spawn area: 100%
[04:40:26 INFO]: Prepared spawn area in 3 ms
[04:40:26 INFO]: [WorldGuard] (dungeon) TNT ignition is PERMITTED.
[04:40:26 INFO]: [WorldGuard] (dungeon) Lighters are PERMITTED.
[04:40:26 INFO]: [WorldGuard] (dungeon) Lava fire is PERMITTED.
[04:40:26 INFO]: [WorldGuard] (dungeon) Fire spread is UNRESTRICTED.
[04:40:26 INFO]: [WorldGuard] Loaded configuration for world 'dungeon'
[04:40:26 INFO]: Could not set generator for world 'lobby': Plugin 'DeepVoid v2.22.0' is not enabled
[04:40:26 INFO]: Loading 0 persistent chunks for world 'minecraft:lobby'...
[04:40:26 INFO]: Prepared spawn area in 1 ms
[04:40:26 INFO]: [WorldGuard] (lobby) TNT ignition is PERMITTED.
[04:40:26 INFO]: [WorldGuard] (lobby) Lighters are PERMITTED.
[04:40:26 INFO]: [WorldGuard] (lobby) Lava fire is PERMITTED.
[04:40:26 INFO]: [WorldGuard] (lobby) Fire spread is UNRESTRICTED.
[04:40:26 INFO]: [WorldGuard] Loaded configuration for world 'lobby'
[04:40:26 INFO]: Could not set generator for world 'spawn': Plugin 'DeepVoid v2.22.0' is not enabled
[04:40:26 INFO]: Loading 0 persistent chunks for world 'minecraft:spawn'...
[04:40:26 INFO]: Preparing spawn area: 100%
[04:40:26 INFO]: Prepared spawn area in 5 ms
[04:40:26 INFO]: [WorldGuard] (spawn) TNT ignition is PERMITTED.
[04:40:26 INFO]: [WorldGuard] (spawn) Lighters are PERMITTED.
[04:40:26 INFO]: [WorldGuard] (spawn) Lava fire is PERMITTED.
[04:40:26 INFO]: [WorldGuard] (spawn) Fire spread is UNRESTRICTED.
[04:40:26 INFO]: [WorldGuard] Loaded configuration for world 'spawn'
[04:40:26 INFO]: Could not set generator for world 'minas2': Plugin 'DeepVoid v2.22.0' is not enabled
[04:40:27 INFO]: Loading 0 persistent chunks for world 'minecraft:minas2'...
[04:40:27 INFO]: Prepared spawn area in 0 ms
[04:40:27 INFO]: [WorldGuard] (minas2) TNT ignition is PERMITTED.
[04:40:27 INFO]: [WorldGuard] (minas2) Lighters are PERMITTED.
[04:40:27 INFO]: [WorldGuard] (minas2) Lava fire is PERMITTED.
[04:40:27 INFO]: [WorldGuard] (minas2) Fire spread is UNRESTRICTED.
[04:40:27 INFO]: [WorldGuard] Loaded configuration for world 'minas2'
[04:40:27 INFO]: Could not set generator for world 'minas1': Plugin 'DeepVoid v2.22.0' is not enabled
[04:40:27 INFO]: Loading 0 persistent chunks for world 'minecraft:minas1'...
[04:40:27 INFO]: Preparing spawn area: 100%
[04:40:27 INFO]: Prepared spawn area in 11 ms
[04:40:27 INFO]: [WorldGuard] (minas1) TNT ignition is PERMITTED.
[04:40:27 INFO]: [WorldGuard] (minas1) Lighters are PERMITTED.
[04:40:27 INFO]: [WorldGuard] (minas1) Lava fire is PERMITTED.
[04:40:27 INFO]: [WorldGuard] (minas1) Fire spread is UNRESTRICTED.
[04:40:27 INFO]: [WorldGuard] Loaded configuration for world 'minas1'
[04:40:27 INFO]: [PlaceholderAPI] Successfully registered internal expansion: multiverse-core [5.3.0]
[04:40:27 INFO]: [Multiverse-Core] API service loaded!
[04:40:28 INFO]: [Multiverse-Core] [32mVersion 5.3.0 (API v5.3) Enabled - By dumptruckman, Rigby, fernferret, lithium3141, main--, benwoo1110 and Zax71[39m
[04:40:28 INFO]: [Multiverse-Core] [32mLoving Multiverse-Core? Please consider supporting the project with a small donation: https://github.com/sponsors/Multiverse[39m
[04:40:28 INFO]: [MythicMobs] Enabling MythicMobs v5.11.0-SNAPSHOT-b95565d9
[04:40:28 INFO]: [MythicMobs] Loading MythicMobs for Paper (MC: 1.21.10)...[0m
[04:40:28 INFO]: [MythicMobs] The server is running Paper; enabled Paper exclusive functionality[0m
[04:40:31 INFO]: [PlaceholderAPI] Successfully registered internal expansion: mythic [5.0.0]
[04:40:31 INFO]: [MythicMobs] Mythic PlaceholderAPI Support has been enabled![0m
[04:40:31 INFO]: [MythicMobs] Mythic Vault Support has been enabled![0m
[04:40:31 INFO]: [MythicMobs] Mythic WorldGuard Support has been enabled![0m
[04:40:34 INFO]: [MythicMobs] Loading Packs...[0m
[04:40:35 INFO]: [MythicMobs] Loading Items...[0m
[04:40:35 INFO]: [MythicMobs] Loading Item Groups...[0m
[04:40:35 INFO]: [MythicMobs] All items loaded after 107ms![0m
[04:40:35 INFO]: [MythicMobs] Loading Skills...[0m
[04:40:35 INFO]: [MythicMobs] Loaded 0 skill commands[0m
[04:40:36 INFO]: [MythicMobs] Loading Drop Tables...[0m
[04:40:36 INFO]: [MythicMobs] Loading Random Spawns...[0m
[04:40:36 INFO]: [MythicMobs] Loading Spawn Blocks...[0m
[04:40:36 INFO]: [MythicMobs] Second passes loaded after 59ms![0m
[04:40:36 INFO]: [MythicMobs] [32m✓[37m Loaded 19 mobs.[0m
[04:40:36 INFO]: [MythicMobs] [32m✓[37m Loaded 3 vanilla mob overrides.[0m
[04:40:36 INFO]: [MythicMobs] [32m✓[37m Loaded 0 mob stacks.[0m
[04:40:36 INFO]: [MythicMobs] [32m✓[37m Loaded 69 skills.[0m
[04:40:36 INFO]: [MythicMobs] [32m✓[37m Loaded 0 random spawns.[0m
[04:40:36 INFO]: [MythicMobs] [32m✓[37m Loaded 3 mythic items.[0m
[04:40:36 INFO]: [MythicMobs] [32m✓[37m Loaded 2 drop tables.[0m
[04:40:36 INFO]: [MythicMobs] [32m✓[37m Loaded 0 mob spawners.[0m
[04:40:36 INFO]: [MythicMobs] MythicMobs configuration file loaded successfully.[0m
[04:40:36 INFO]: [MythicMobs] Started up bStats Metrics[0m
[04:40:36 INFO]: [MythicMobs] [32m✓ MythicMobs Premium v5.11.0 ( build b95565d9 ) has been successfully loaded![0m[0m
[04:40:36 INFO]: [Ouranos] [STDOUT] MythicMobs plugin loaded, enabling mob provider
[04:40:36 WARN]: Nag author(s): '[Civious]' of 'Ouranos v1.1.11' about their usage of System.out/err.print. Please use your plugin's logger instead (JavaPlugin#getLogger).
[04:40:38 INFO]: [MythicMobs] Model Engine Compatibility Loaded.[0m
[04:40:38 INFO]: [ModelEngine] [S] Compatibility applied: MythicMobs[0m
[04:40:38 INFO]: [Essentials] Enabling Essentials v2.22.0-dev+57-7775662
[04:40:38 ERROR]: [Essentials] You are running an unsupported server version!
[04:40:38 INFO]: [Essentials] Attempting to convert old kits in config.yml to new kits.yml
[04:40:38 INFO]: [Essentials] No kits found to migrate.
[04:40:39 INFO]: [Essentials] Selected 1.17.1+ World Info Provider as the provider for WorldInfoProvider
[04:40:39 INFO]: [Essentials] Selected 1.11+ Item Unbreakable Provider as the provider for ItemUnbreakableProvider
[04:40:39 INFO]: [Essentials] Selected 1.13+ Spawn Egg Provider as the provider for SpawnEggProvider
[04:40:39 INFO]: [Essentials] Selected 1.12.2+ Player Locale Provider as the provider for PlayerLocaleProvider
[04:40:39 INFO]: [Essentials] Selected 1.21.4+ Sync Commands Provider as the provider for SyncCommandsProvider
[04:40:39 INFO]: [Essentials] Selected Paper Server State Provider as the provider for ServerStateProvider
[04:40:39 INFO]: [Essentials] Selected Paper Container Provider as the provider for ContainerProvider
[04:40:39 INFO]: [Essentials] Selected Legacy Biome Name Provider as the provider for BiomeNameProvider
[04:40:39 INFO]: [Essentials] Selected 1.14.4+ Persistent Data Container Provider as the provider for PersistentDataProvider
[04:40:39 INFO]: [Essentials] Selected 1.12+ Spawner Block Provider as the provider for SpawnerBlockProvider
[04:40:39 INFO]: [Essentials] Selected Paper Serialization Provider as the provider for SerializationProvider
[04:40:39 INFO]: [Essentials] Selected 1.20.5+ Banner Data Provider as the provider for BannerDataProvider
[04:40:39 INFO]: [Essentials] Selected Reflection Formatted Command Alias Provider as the provider for FormattedCommandAliasProvider
[04:40:39 INFO]: [Essentials] Selected 1.20.6+ Potion Meta Provider as the provider for PotionMetaProvider
[04:40:39 INFO]: [Essentials] Selected 1.8.3+ Spawner Item Provider as the provider for SpawnerItemProvider
[04:40:39 INFO]: [Essentials] Selected Reflection Online Mode Provider as the provider for OnlineModeProvider
[04:40:39 INFO]: [Essentials] Selected Paper Known Commands Provider as the provider for KnownCommandsProvider
[04:40:39 INFO]: [Essentials] Selected 1.21+ InventoryView Interface ABI Provider as the provider for InventoryViewProvider
[04:40:39 INFO]: [Essentials] Selected Paper Biome Key Provider as the provider for BiomeKeyProvider
[04:40:39 INFO]: [Essentials] Selected Paper Material Tag Provider as the provider for MaterialTagProvider
[04:40:39 INFO]: [Essentials] Selected 1.14+ Sign Data Provider as the provider for SignDataProvider
[04:40:39 INFO]: [Essentials] Selected 1.20.4+ Damage Event Provider as the provider for DamageEventProvider
[04:40:39 INFO]: [Essentials] Selected Paper Tick Count Provider as the provider for TickCountProvider
[04:40:39 INFO]: [Essentials] Loaded 46309 items from items.json.
[04:40:39 INFO]: [Essentials] Using locale en
[04:40:39 INFO]: [Essentials] ServerListPingEvent: Spigot iterator API
[04:40:40 INFO]: [Essentials] Starting Metrics. Opt-out using the global bStats config.
[04:40:40 INFO]: [Vault] [Economy] Essentials Economy hooked.
[04:40:40 INFO]: [Essentials] Using Vault based permissions (LuckPerms)
[04:40:40 INFO]: [GHolo] Enabling GHolo v2.2.6
[04:40:40 INFO]: [38;2;170;170;170m[[38;2;255;170;0mGHolo[38;2;170;170;170m][38;2;85;255;85m The plugin was successfully enabled.[0m
[04:40:40 INFO]: [38;2;170;170;170m[[38;2;255;170;0mGHolo[38;2;170;170;170m][38;2;85;255;85m Link with[38;2;255;170;0m PlaceholderAPI[38;2;85;255;85m successful![0m
[04:40:40 INFO]: [SpawnerMeta] Enabling SpawnerMeta v25.5
[04:40:40 INFO]: [38;2;170;0;170m[[38;2;255;85;255mSpawnerMeta [38;2;85;255;255mv25.4[38;2;170;0;170m][38;2;85;255;85m enabled![0m
[04:40:40 INFO]: [38;2;170;0;170m[[38;2;255;85;255mSpawnerMeta[38;2;170;0;170m] [38;2;170;170;170mVault has been found, economy enabled![0m
[04:40:41 INFO]: [EssentialsChat] Enabling EssentialsChat v2.22.0-dev+57-7775662
[04:40:41 INFO]: [EssentialsChat] Starting Metrics. Opt-out using the global bStats config.
[04:40:41 INFO]: [ProtectionStones] Enabling ProtectionStones v2.10.5
[04:40:41 INFO]: [WorldGuard] Registering session handler dev.espi.protectionstones.flags.GreetingFlagHandler
[04:40:41 INFO]: [WorldGuard] Registering session handler dev.espi.protectionstones.flags.FarewellFlagHandler
[04:40:41 INFO]: [ProtectionStones] PlaceholderAPI support enabled!
[04:40:41 INFO]: [PlaceholderAPI] Successfully registered internal expansion: protectionstones [2.10.5]
[04:40:41 INFO]: [ProtectionStones] LuckPerms support enabled!
[04:40:41 INFO]: [ProtectionStones] Protection Stone Blocks:
[04:40:41 INFO]: [ProtectionStones] - EMERALD_ORE (64)
[04:40:42 INFO]: [ProtectionStones] Building region cache...
[04:40:42 INFO]: [ProtectionStones] Building UUID cache... (if slow change async-load-uuid-cache in the config to true)
[04:40:42 INFO]: [ProtectionStones] Checking if PS regions have been updated to UUIDs...
[04:40:42 INFO]: [ProtectionStones] §fProtectionStones has successfully started!
[04:40:42 INFO]: [AuraSkills] Enabling AuraSkills v2.3.10
[04:40:44 INFO]: [AuraSkills] Loaded 21 message files
[04:40:45 INFO]: [AuraSkills] Successfully registered hook LuckPerms
[04:40:45 INFO]: [PlaceholderAPI] Successfully registered internal expansion: auraskills [2.3.10]
[04:40:45 INFO]: [PlaceholderAPI] Successfully registered internal expansion: aureliumskills [2.3.10]
[04:40:45 INFO]: [AuraSkills] Successfully registered hook PlaceholderAPI
[04:40:45 INFO]: [AuraSkills] Successfully registered hook ProtocolLib
[04:40:45 INFO]: [AuraSkills] Successfully registered hook Vault
[04:40:45 INFO]: [AuraSkills] Successfully registered hook WorldGuard
[04:40:45 INFO]: [AuraSkills] Successfully registered hook MythicMobs
[04:40:45 INFO]: [AuraSkills] Loaded 160 config options in 100 ms
[04:40:45 INFO]: [NBTAPI] [NBTAPI] Found Minecraft: 1.21.10! Trying to find NMS support
[04:40:45 INFO]: [NBTAPI] [NBTAPI] NMS support 'MC1_21_R6' loaded!
[04:40:45 INFO]: [NBTAPI] [NBTAPI] Using the plugin 'AuraSkills' to create a bStats instance!
[04:40:45 INFO]: [AuraSkills] Loaded 3 blocked/disabled worlds
[04:40:45 INFO]: [AuraSkills] [ACF] Enabled Asynchronous Tab Completion Support!
[04:40:46 INFO]: [EconomyShopGUI] Enabling EconomyShopGUI v6.16.2
[04:40:46 INFO]: [38;2;85;85;85m[[38;2;0;170;170mEconomyShopGUI[38;2;85;85;85m][0m [38;2;85;85;85m[[38;2;170;170;170mINFO[38;2;85;85;85m][0m: Initializing paper meta...
[04:40:46 INFO]: [38;2;85;85;85m[[38;2;0;170;170mEconomyShopGUI[38;2;85;85;85m] [[38;2;170;170;170mINFO[38;2;85;85;85m][0m: Using lang-en.yml as language file
[04:40:46 INFO]: [38;2;85;85;85m[[38;2;0;170;170mEconomyShopGUI[38;2;85;85;85m][0m [38;2;85;85;85m[[38;2;170;170;170mINFO[38;2;85;85;85m][0m: Completed loading 16 section configs from /sections/
[04:40:46 INFO]: [38;2;85;85;85m[[38;2;0;170;170mEconomyShopGUI[38;2;85;85;85m][0m [38;2;85;85;85m[[38;2;170;170;170mINFO[38;2;85;85;85m][0m: Completed loading 16 shop configs from /shops/
[04:40:46 INFO]: [38;2;85;85;85m[[38;2;0;170;170mEconomyShopGUI[38;2;85;85;85m][0m [38;2;85;85;85m[[38;2;170;170;170mINFO[38;2;85;85;85m][0m: Updating Shop settings...
[04:40:46 INFO]: [38;2;85;85;85m[[38;2;0;170;170mEconomyShopGUI[38;2;85;85;85m][0m [38;2;85;85;85m[[38;2;170;170;170mINFO[38;2;85;85;85m][0m: Successfully hooked into Vault and using EssentialsX Economy as economy provider
[04:40:46 INFO]: [38;2;85;85;85m[[38;2;0;170;170mEconomyShopGUI[38;2;85;85;85m][0m [38;2;85;85;85m[[38;2;170;170;170mINFO[38;2;85;85;85m][0m: Completed loading 1 economy provider(s) for all 14 shop sections.
[04:40:46 INFO]: [38;2;85;85;85m[[38;2;0;170;170mEconomyShopGUI[38;2;85;85;85m][0m [38;2;85;85;85m[[38;2;170;170;170mINFO[38;2;85;85;85m][0m: Using minecraft version 1.21.10...
[04:40:46 INFO]: [38;2;85;85;85m[[38;2;0;170;170mEconomyShopGUI[38;2;85;85;85m][0m [38;2;85;85;85m[[38;2;170;170;170mINFO[38;2;85;85;85m][0m: Spawner provider set to AUTO in config
[04:40:46 INFO]: [38;2;85;85;85m[[38;2;0;170;170mEconomyShopGUI[38;2;85;85;85m][0m [38;2;85;85;85m[[38;2;170;170;170mINFO[38;2;85;85;85m][0m: Automatically searching for compatible spawner provider....
[04:40:46 INFO]: [38;2;85;85;85m[[38;2;0;170;170mEconomyShopGUI[38;2;85;85;85m][0m [38;2;85;85;85m[[38;2;170;170;170mINFO[38;2;85;85;85m][0m: SpawnerMeta found, integrating...
[04:40:46 INFO]: [38;2;85;85;85m[[38;2;0;170;170mEconomyShopGUI[38;2;85;85;85m][0m [38;2;85;85;85m[[38;2;170;170;170mINFO[38;2;85;85;85m][0m: Using SpawnerMeta as spawner provider.
[04:40:46 INFO]: [PlaceholderAPI] Successfully registered internal expansion: esgui [1.1.0]
[04:40:46 INFO]: [38;2;85;85;85m[[38;2;0;170;170mEconomyShopGUI[38;2;85;85;85m][0m [38;2;85;85;85m[[38;2;170;170;170mINFO[38;2;85;85;85m][0m: Debug mode is enabled.
[04:40:46 INFO]: [38;2;85;85;85m[[38;2;0;170;170mEconomyShopGUI[38;2;85;85;85m][0m [38;2;85;85;85m[[38;2;170;170;170mINFO[38;2;85;85;85m][0m: Loading all items...
[04:40:48 INFO]: [38;2;85;85;85m[[38;2;0;170;170mEconomyShopGUI[38;2;85;85;85m][0m [38;2;85;85;85m[[38;2;170;170;170mINFO[38;2;85;85;85m][0m: Initialized - Took 1676ms to complete
[04:40:48 INFO]: [38;2;85;85;85m[[38;2;0;170;170mEconomyShopGUI[38;2;85;85;85m][0m [38;2;85;85;85m[[38;2;170;170;170mINFO[38;2;85;85;85m][0m: There is an update available for EconomyShopGUI, you are running v6.16.2 but found v6.16.3.
[04:40:48 INFO]: [38;2;85;85;85m[[38;2;0;170;170mEconomyShopGUI[38;2;85;85;85m][0m [38;2;85;85;85m[[38;2;170;170;170mINFO[38;2;85;85;85m][0m: Download at: https://www.spigotmc.org/resources/economyshopgui.69927/
[04:40:48 INFO]: [ItemEdit] Enabling ItemEdit v3.7.8
[04:40:48 INFO]: [38;2;0;0;170m[[38;2;255;255;255mItemEdit[38;2;0;0;170m] [38;2;255;255;255mHooking into [38;2;255;0;0mM[38;2;255;109;0mi[38;2;255;218;0mn[38;2;182;255;0mi[38;2;72;255;0mM[38;2;0;255;36me[38;2;0;255;145ms[38;2;0;255;255ms[38;2;0;145;255ma[38;2;0;36;255mg[38;2;72;0;255me[38;2;182;0;255mA[38;2;255;0;218mP[38;2;255;0;109mI[38;2;255;255;255m see https://webui.advntr.dev/[0m
[04:40:48 INFO]: [38;2;0;0;170m[[38;2;255;255;255mItemEdit[38;2;0;0;170m] [38;2;255;255;255mSelected Storage Type: YAML[0m
[04:40:48 INFO]: [38;2;0;0;170m[[38;2;255;255;255mItemEdit[38;2;0;0;170m] [38;2;255;255;255mHooking into Vault[0m
[04:40:48 INFO]: [38;2;0;0;170m[[38;2;255;255;255mItemEdit[38;2;0;0;170m] [38;2;255;255;255mHooking into PlaceHolderAPI[0m
[04:40:48 INFO]: [38;2;0;0;170m[[38;2;255;255;255mItemEdit[38;2;0;0;170m] [38;2;255;255;255mplaceholders:[0m
[04:40:48 INFO]: [38;2;0;0;170m[[38;2;255;255;255mItemEdit[38;2;0;0;170m] [38;2;255;255;255m  [38;2;255;255;85m%itemedit_amount_[38;2;255;170;0m<{itemid}>[38;2;255;255;85m_[38;2;255;170;0m[{slot}][38;2;255;255;85m_[38;2;255;170;0m[{player}][38;2;255;255;85m%[0m
[04:40:48 INFO]: [38;2;0;0;170m[[38;2;255;255;255mItemEdit[38;2;0;0;170m] [38;2;255;255;255m    shows how many [38;2;255;170;0mitemid player [38;2;255;255;255mhas on [38;2;255;170;0mslot[0m
[04:40:48 INFO]: [38;2;0;0;170m[[38;2;255;255;255mItemEdit[38;2;0;0;170m] [38;2;255;255;255m    <{itemid}> for item id on serveritem[0m
[04:40:48 INFO]: [38;2;0;0;170m[[38;2;255;255;255mItemEdit[38;2;0;0;170m] [38;2;255;255;255m    [{slot}] for the slot where the item should be counted, by default [38;2;85;255;85minventory[0m
[04:40:48 INFO]: [38;2;0;0;170m[[38;2;255;255;255mItemEdit[38;2;0;0;170m] [38;2;255;255;255m      Values: [38;2;255;255;85minventory[38;2;255;255;255m (include offhand), [38;2;255;255;85mequip[38;2;255;255;255m (include offhand), [38;2;255;255;85minventoryandequip[38;2;255;255;255m (include offhand), [38;2;255;255;85mhand[38;2;255;255;255m, [38;2;255;255;85moffhand[38;2;255;255;255m, [38;2;255;255;85mhead[38;2;255;255;255m, [38;2;255;255;85mchest[38;2;255;255;255m, [38;2;255;255;85mlegs[38;2;255;255;255m, [38;2;255;255;85mfeet[0m
[04:40:48 INFO]: [38;2;0;0;170m[[38;2;255;255;255mItemEdit[38;2;0;0;170m] [38;2;255;255;255m    [{player}] for the player, by default [38;2;85;255;85mself[0m
[04:40:48 INFO]: [38;2;0;0;170m[[38;2;255;255;255mItemEdit[38;2;0;0;170m] [38;2;255;255;255m    example: %itemedit_amount_{[38;2;255;170;0mmy_item_id[38;2;255;255;255m}_{[38;2;255;170;0mhand[38;2;255;255;255m}%[0m
[04:40:48 INFO]: [PlaceholderAPI] Successfully registered internal expansion: itemedit [1.0]
[04:40:48 INFO]: [38;2;0;0;170m[[38;2;255;255;255mItemEdit[38;2;0;0;170m] [38;2;255;255;255mHooking into MythicMobs[0m
[04:40:48 INFO]: [38;2;0;0;170m[[38;2;255;255;255mItemEdit[38;2;0;0;170m] [38;2;85;255;85m# [38;2;255;255;255mEnabled (took [38;2;255;255;85m466[38;2;255;255;255m ms)[0m
[04:40:48 INFO]: [Skulls] Enabling Skulls v3.28.0
[04:40:48 INFO]:  
[04:40:48 INFO]: [38;2;0;168;127m=============================[0m
[04:40:48 INFO]: [38;2;0;206;116mSkulls [38;2;255;255;255mv[38;2;255;255;85m3.28.0 [38;2;203;203;203mby [38;2;0;206;116mTweetzy[0m
[04:40:48 INFO]: [38;2;0;206;116mDeveloper[38;2;203;203;203m: [38;2;255;255;85mKiran Hart[0m
[04:40:49 INFO]: [Skulls] Initializing SQLite connection pool for Skulls
[04:40:49 INFO]: [ca.tweetzy.skulls.flight.third_party.com.zaxxer.HikariDataSource] HikariPool-1 - Starting...
[04:40:49 INFO]: [ca.tweetzy.skulls.flight.third_party.com.zaxxer.HikariDataSource] HikariPool-1 - Start completed.
[04:40:49 INFO]: [Skulls] SQLite connection pool initialized successfully
[04:40:49 INFO]: [1m[38;2;221;94;137mS[38;2;227;115;152mk[38;2;233;136;167mu[38;2;239;157;182ml[38;2;245;178;197ml[38;2;251;199;212ms[0m [38;2;85;85;85m» [38;2;85;255;85mSetting up vault economy provider[0m
[04:40:49 INFO]: [38;2;85;85;85m[[38;2;0;206;116mFlightCore[38;2;85;85;85m][38;2;203;203;203m Enabling metrics for [38;2;0;206;116mSkulls[0m
[04:40:49 INFO]: [38;2;0;168;127m=============================[0m
[04:40:49 INFO]:  
[04:40:49 INFO]: [AdvancedEnchantments] Enabling AdvancedEnchantments v9.22.7
[04:40:49 INFO]: [AdvancedEnchantments] Loading Minecraft Version MC1_21_R7
[04:40:50 INFO]: [AdvancedEnchantments] Loaded 7 armor sets.
[04:40:50 INFO]: [AdvancedEnchantments] Loaded 5 weapons.
[04:40:51 INFO]: [AdvancedEnchantments] Successfully hooked into economy plugin (Vault)
[04:40:51 INFO]: [PlaceholderAPI] Successfully registered internal expansion: advancedenchantments [1.0.0]
[04:40:51 INFO]: [zMenu] Enabling zMenu v1.1.0.7
[04:40:51 INFO]: [38;2;85;85;85m[[38;2;255;255;85mzMenu v1.1.0.7[38;2;85;85;85m] [38;2;255;255;85m=== ENABLE START ===[0m
[04:40:51 INFO]: [38;2;85;85;85m[[38;2;255;255;85mzMenu v1.1.0.7[38;2;85;85;85m] [38;2;170;170;170mPlugin Version V[38;2;255;85;85m1.1.0.7[0m
[04:40:51 INFO]: [PlaceholderAPI] Successfully registered internal expansion: zmenu [1.1.0.7]
[04:40:51 INFO]: [zMenu] The database connection is valid ! (SQLITE)
[04:40:52 INFO]: [zMenu] Use ComponentMeta
[04:40:52 INFO]: [38;2;85;85;85m[[38;2;255;255;85mzMenu v1.1.0.7[38;2;85;85;85m] [38;2;170;170;170mPaper server detected, loading Dialogs support[0m
[04:40:52 INFO]: [38;2;85;85;85m[[38;2;255;255;85mzMenu v1.1.0.7[38;2;85;85;85m] [38;2;170;170;170mzMenu Config[0m
[04:40:52 INFO]: [zMenu] Registered Eco material loader
[04:40:52 INFO]: [zMenu] Registered MythicMobs material loader and listener
[04:40:52 INFO]: [38;2;85;85;85m[[38;2;255;255;85mzMenu v1.1.0.7[38;2;85;85;85m] [38;2;170;170;170mplugins/zMenu/patterns/pattern_example.yml loaded successfully ![0m
[04:40:52 INFO]: [38;2;85;85;85m[[38;2;255;255;85mzMenu v1.1.0.7[38;2;85;85;85m] [38;2;170;170;170mplugins/zMenu/inventories/examples/cookies.yml loaded successfully ![0m
[04:40:52 INFO]: [38;2;85;85;85m[[38;2;255;255;85mzMenu v1.1.0.7[38;2;85;85;85m] [38;2;170;170;170mplugins/zMenu/inventories/examples/switch.yml loaded successfully ![0m
[04:40:53 INFO]: [38;2;85;85;85m[[38;2;255;255;85mzMenu v1.1.0.7[38;2;85;85;85m] [38;2;170;170;170mplugins/zMenu/inventories/examples/playtimes.yml loaded successfully ![0m
[04:40:53 INFO]: [38;2;85;85;85m[[38;2;255;255;85mzMenu v1.1.0.7[38;2;85;85;85m] [38;2;170;170;170mplugins/zMenu/inventories/advanced_inventory.yml loaded successfully ![0m
[04:40:53 INFO]: [38;2;85;85;85m[[38;2;255;255;85mzMenu v1.1.0.7[38;2;85;85;85m] [38;2;170;170;170mplugins/zMenu/inventories/basic_inventory.yml loaded successfully ![0m
[04:40:53 INFO]: [38;2;85;85;85m[[38;2;255;255;85mzMenu v1.1.0.7[38;2;85;85;85m] [38;2;170;170;170mplugins/zMenu/inventories/pro_inventory.yml loaded successfully ![0m
[04:40:53 INFO]: [38;2;85;85;85m[[38;2;255;255;85mzMenu v1.1.0.7[38;2;85;85;85m] [38;2;170;170;170mplugins/zMenu/inventories/INVENTORY-WARPS.yml loaded successfully ![0m
[04:40:53 INFO]: [38;2;85;85;85m[[38;2;255;255;85mzMenu v1.1.0.7[38;2;85;85;85m] [38;2;170;170;170mplugins/zMenu/inventories/recompensas.yml loaded successfully ![0m
[04:40:53 INFO]: [38;2;85;85;85m[[38;2;255;255;85mzMenu v1.1.0.7[38;2;85;85;85m] [38;2;170;170;170mplugins/zMenu/inventories/example_punish.yml loaded successfully ![0m
[04:40:53 INFO]: [38;2;85;85;85m[[38;2;255;255;85mzMenu v1.1.0.7[38;2;85;85;85m] [38;2;170;170;170mplugins/zMenu/website/inventories.yml loaded successfully ![0m
[04:40:53 INFO]: [38;2;85;85;85m[[38;2;255;255;85mzMenu v1.1.0.7[38;2;85;85;85m] [38;2;170;170;170mplugins/zMenu/dialogs/confirmation-dialog.yml loaded successfully![0m
[04:40:53 INFO]: [38;2;85;85;85m[[38;2;255;255;85mzMenu v1.1.0.7[38;2;85;85;85m] [38;2;170;170;170mplugins/zMenu/dialogs/multi_action-dialog.yml loaded successfully![0m
[04:40:53 INFO]: [38;2;85;85;85m[[38;2;255;255;85mzMenu v1.1.0.7[38;2;85;85;85m] [38;2;170;170;170mplugins/zMenu/dialogs/default-dialog.yml loaded successfully![0m
[04:40:53 INFO]: [38;2;85;85;85m[[38;2;255;255;85mzMenu v1.1.0.7[38;2;85;85;85m] [38;2;170;170;170mplugins/zMenu/dialogs/server_link-dialog.yml loaded successfully![0m
[04:40:53 INFO]: [38;2;85;85;85m[[38;2;255;255;85mzMenu v1.1.0.7[38;2;85;85;85m] [38;2;0;170;0mCommand /basic_command successfully register.[0m
[04:40:53 INFO]: [38;2;85;85;85m[[38;2;255;255;85mzMenu v1.1.0.7[38;2;85;85;85m] [38;2;0;170;0mCommand /advanced_command successfully register.[0m
[04:40:53 INFO]: [38;2;85;85;85m[[38;2;255;255;85mzMenu v1.1.0.7[38;2;85;85;85m] [38;2;0;170;0mCommand /pro_command successfully register.[0m
[04:40:53 INFO]: [38;2;85;85;85m[[38;2;255;255;85mzMenu v1.1.0.7[38;2;85;85;85m] [38;2;0;170;0mCommand /openbook successfully register.[0m
[04:40:53 INFO]: [38;2;85;85;85m[[38;2;255;255;85mzMenu v1.1.0.7[38;2;85;85;85m] [38;2;0;170;0mCommand /punish successfully register.[0m
[04:40:53 INFO]: [38;2;85;85;85m[[38;2;255;255;85mzMenu v1.1.0.7[38;2;85;85;85m] [38;2;170;170;170m[0m
[04:40:53 INFO]: [38;2;85;85;85m[[38;2;255;255;85mzMenu v1.1.0.7[38;2;85;85;85m] [38;2;170;170;170mYou can support zMenu by upgrading your account here: https://minecraft-inventory-builder.com/account-upgrade[0m
[04:40:53 INFO]: [38;2;85;85;85m[[38;2;255;255;85mzMenu v1.1.0.7[38;2;85;85;85m] [38;2;170;170;170mzMenu’s site includes an inventory editor (under development), a marketplace (already available) is a forum (under development)[0m
[04:40:53 INFO]: [38;2;85;85;85m[[38;2;255;255;85mzMenu v1.1.0.7[38;2;85;85;85m] [38;2;170;170;170m[0m
[04:40:53 INFO]: [38;2;85;85;85m[[38;2;255;255;85mzMenu v1.1.0.7[38;2;85;85;85m] [38;2;0;170;0mLoading 6 commands[0m
[04:40:53 INFO]: [38;2;85;85;85m[[38;2;255;255;85mzMenu v1.1.0.7[38;2;85;85;85m] [38;2;255;255;85m=== ENABLE DONE [38;2;170;170;170m([38;2;255;170;0m1742ms[38;2;170;170;170m) [38;2;255;255;85m===[0m
[04:40:53 INFO]: [VotifierPlus] Enabling VotifierPlus v1.4.3
[04:40:53 INFO]: [VotifierPlus] Votifier enabled.
[04:40:53 INFO]: [EcoItems] Enabling EcoItems v5.66.0
[04:40:53 INFO]: [EcoItems] Loading [38;2;255;0;0mEcoItems[0m
[04:40:53 INFO]: [PlaceholderAPI] Successfully registered internal expansion: ecoitems [5.66.0]
[04:40:54 INFO]: [AxSellwands] Enabling AxSellwands v1.12.0
[04:40:54 INFO]: [38;2;51;255;51m[AxSellwands] Hooked into Vault![0m
[04:40:54 INFO]: [38;2;51;255;51m[AxSellwands] Using builtin prices![0m
[04:40:54 INFO]: [PlaceholderAPI] Successfully registered internal expansion: axsellwands [1.0.0]
[04:40:54 INFO]: [38;2;51;255;51m[AxSellwands] Hooked into WorldGuard![0m
[04:40:55 INFO]: [38;2;255;85;0m[AxSellwands] Loaded plugin![0m
[04:40:55 INFO]: [AdvancedKits] Enabling AdvancedKits v1.21.29
[04:40:55 INFO]: [AdvancedKits] Bootstrapping runtime (libraries & configuration)...
[04:40:55 INFO]: [AdvancedKits] Loading library boosted-yaml
[04:40:55 INFO]: [AdvancedKits] Loading library YamlAssist
[04:40:56 INFO]: [AdvancedKits] Loading library gson
[04:40:56 INFO]: [AdvancedKits] Loading library XSeries
[04:40:56 INFO]: [AdvancedKits] Loading library fast-uuid
[04:40:56 INFO]: [AdvancedKits] Loading library bstats-bukkit
[04:40:57 INFO]: [AdvancedKits] Loading library bstats-base
[04:40:57 INFO]: [AdvancedKits] Loading library adventure-api
[04:40:57 INFO]: [AdvancedKits] Loading library adventure-key
[04:40:57 INFO]: [AdvancedKits] Loading library examination-api
[04:40:57 INFO]: [AdvancedKits] Loading library examination-string
[04:40:57 INFO]: [AdvancedKits] Loading library adventure-text-serializer-legacy
[04:40:57 INFO]: [AdvancedKits] Loading library adventure-text-minimessage
[04:40:57 INFO]: [AdvancedKits] Bootstrap completed successfully in 1,361 ms!
[04:40:57 INFO]: [AdvancedKits] [NBTAPI] Found Minecraft: 1.21.10! Trying to find NMS support
[04:40:57 INFO]: [AdvancedKits] [NBTAPI] NMS support 'MC1_21_R6' loaded!
[04:40:57 INFO]: [AdvancedKits] [NBTAPI] Using the plugin 'AdvancedKits' to create a bStats instance!
[04:40:57 INFO]: [AdvancedKits] Successfully connected to the YAML database!
[04:40:57 INFO]: [AdvancedKits] Successfully registered economy with ID EXP!
[04:40:57 INFO]: [PlaceholderAPI] Successfully registered internal expansion: advancedkits [1.21.29]
[04:40:57 INFO]: [AdvancedKits] Successfully hooked into PlaceholderAPI (EXPANSION)!
[04:40:57 INFO]: [AdvancedKits] Successfully hooked into PlaceholderAPI (PLACEHOLDER)!
[04:40:57 INFO]: [AdvancedKits] Successfully registered economy with ID VAULT!
[04:40:57 INFO]: [AdvancedKits] Successfully hooked into Vault (ECONOMY) [EssentialsX Economy]!
[04:40:57 INFO]: [AdvancedKits] Successfully hooked into ItemEdit (ITEM)!
[04:40:57 INFO]: [AdvancedKits] Successfully registered economy with ID ESSENTIALS!
[04:40:57 INFO]: [AdvancedKits] Successfully hooked into Essentials (ECONOMY)!
[04:40:57 INFO]: [AdvancedKits] Successfully hooked into Skulls (ITEM)!
[04:40:57 INFO]: [AdvancedKits] Successfully hooked into MythicMobs (ITEM)!
[04:40:57 INFO]: [AdvancedKits] Enabled asynchronous tab completion support with PaperSpigot!
[04:40:57 INFO]: [AdvancedKits] Successfully enabled in 2,057 ms!
[04:40:57 INFO]: [AdvancedKits] There is a new update available.
[04:40:57 INFO]: [AdvancedKits] Current installed version: v1.21.29
[04:40:57 INFO]: [AdvancedKits] Latest available version: v1.22.8
[04:40:57 INFO]: [AdvancedKits] Download link: https://www.spigotmc.org/resources/90054/
[04:40:57 INFO]: [EcoJobs] Enabling EcoJobs v3.72.0
[04:40:57 INFO]: [EcoJobs] Loading [38;2;150;75;0mEcoJobs[0m
[04:40:57 INFO]: [PlaceholderAPI] Successfully registered internal expansion: ecojobs [3.72.0]
[04:40:58 INFO]: [VoidTeleport] Enabling VoidTeleport v2.4.5
[04:40:58 INFO]: 

                [1m[9m[38;2;85;85;85m===================================================
                [0m[1m[38;2;85;85;255m                    VoidTeleport
                [0m[1m[9m[38;2;85;85;85m===================================================

                [0m[38;2;85;255;85m              Current version: 2.4.5
                        You are running the latest version!

                [1m[9m[38;2;85;85;85m===================================================
[0m
[04:40:58 INFO]: [1m[38;2;85;85;85m[[38;2;0;170;170mVoidTeleport[38;2;85;85;85m] [0m[38;2;85;255;85mDeveloped by EndlessGames.[0m
[04:40:58 INFO]: [DeepVoid] Enabling DeepVoid v2.22.0
[04:40:58 INFO]: [DeepVoid] Database tables initialized
[04:40:58 INFO]: [DeepVoid] Loaded 3 managed worlds and 0 DeepVoid worlds from database
[04:40:58 INFO]: [DeepVoid] Saved world data to database
[04:40:58 INFO]: [DeepVoid] Saved world data to database
[04:40:58 INFO]: [DeepVoid] DeepVoid successfully enabled.
[04:40:58 INFO]: [zAuctionHouseV3] Enabling zAuctionHouseV3 v3.2.4.0
[04:40:58 INFO]: [PlaceholderAPI] Successfully registered internal expansion: zauctionhouse [3.2.4.0]
[04:40:58 INFO]: [38;2;85;85;85m[[38;2;255;255;85mzAuctionHouseV3 v3.2.4.0[38;2;85;85;85m] [38;2;255;255;85m=== ENABLE START ===[0m
[04:40:58 INFO]: [38;2;85;85;85m[[38;2;255;255;85mzAuctionHouseV3 v3.2.4.0[38;2;85;85;85m] [38;2;170;170;170mPlugin Version V[38;2;255;85;85m3.2.4.0[0m
[04:40:58 INFO]: [38;2;85;85;85m[[38;2;255;255;85mzAuctionHouseV3 v3.2.4.0[38;2;85;85;85m] [38;2;170;170;170mLoading of 4 price items[0m
[04:40:58 INFO]: [38;2;85;85;85m[[38;2;255;255;85mzAuctionHouseV3 v3.2.4.0[38;2;85;85;85m] [38;2;0;170;0m/workspaces/Solarking-network/servidor_minecraft/plugins/zAuctionHouseV3/blacklistplayers.json loaded successfully ![0m
[04:40:58 INFO]: [38;2;85;85;85m[[38;2;255;255;85mzAuctionHouseV3 v3.2.4.0[38;2;85;85;85m] [38;2;170;170;170mLoaded config.yml[0m
[04:40:58 INFO]: [38;2;85;85;85m[[38;2;255;255;85mzAuctionHouseV3 v3.2.4.0[38;2;85;85;85m] [38;2;170;170;170mLoading of 3 tax items[0m
[04:40:58 INFO]: [38;2;85;85;85m[[38;2;255;255;85mzAuctionHouseV3 v3.2.4.0[38;2;85;85;85m] [38;2;170;170;170mLoaded 4 blacklist items[0m
[04:40:58 INFO]: [38;2;85;85;85m[[38;2;255;255;85mzAuctionHouseV3 v3.2.4.0[38;2;85;85;85m] [38;2;170;170;170mLoaded 0 whitelist items[0m
[04:40:58 INFO]: [38;2;85;85;85m[[38;2;255;255;85mzAuctionHouseV3 v3.2.4.0[38;2;85;85;85m] [38;2;170;170;170mLoading the Examples category with 4 materials[0m
[04:40:58 INFO]: [38;2;85;85;85m[[38;2;255;255;85mzAuctionHouseV3 v3.2.4.0[38;2;85;85;85m] [38;2;170;170;170mLoading the Blocks category with 1166 materials[0m
[04:40:58 INFO]: [38;2;85;85;85m[[38;2;255;255;85mzAuctionHouseV3 v3.2.4.0[38;2;85;85;85m] [38;2;170;170;170mLoading the Potions category with 17 materials[0m
[04:40:58 INFO]: [38;2;85;85;85m[[38;2;255;255;85mzAuctionHouseV3 v3.2.4.0[38;2;85;85;85m] [38;2;170;170;170mLoading the Tools category with 20 materials[0m
[04:40:58 INFO]: [38;2;85;85;85m[[38;2;255;255;85mzAuctionHouseV3 v3.2.4.0[38;2;85;85;85m] [38;2;170;170;170mLoading the Weapons category with 13 materials[0m
[04:40:58 INFO]: [38;2;85;85;85m[[38;2;255;255;85mzAuctionHouseV3 v3.2.4.0[38;2;85;85;85m] [38;2;0;170;0mLoading 3 inventories[0m
[04:40:58 INFO]: [38;2;85;85;85m[[38;2;255;255;85mzAuctionHouseV3 v3.2.4.0[38;2;85;85;85m] [38;2;0;170;0mLoading 0 commands[0m
[04:40:58 INFO]: [zAuctionHouseV3] Using SQLITE for storage
[04:40:59 INFO]: [38;2;85;85;85m[[38;2;255;255;85mzAuctionHouseV3 v3.2.4.0[38;2;85;85;85m] [38;2;170;170;170mLoad SQL...[0m
[04:40:59 INFO]: [38;2;85;85;85m[[38;2;255;255;85mzMenu v1.1.0.7[38;2;85;85;85m] [38;2;170;170;170mplugins/zAuctionHouseV3/patterns/pagination.yml loaded successfully ![0m
[04:40:59 INFO]: [38;2;85;85;85m[[38;2;255;255;85mzMenu v1.1.0.7[38;2;85;85;85m] [38;2;170;170;170mplugins/zAuctionHouseV3/patterns/auction.yml loaded successfully ![0m
[04:40:59 INFO]: [38;2;85;85;85m[[38;2;255;255;85mzMenu v1.1.0.7[38;2;85;85;85m] [38;2;170;170;170mplugins/zAuctionHouseV3/patterns/back.yml loaded successfully ![0m
[04:40:59 INFO]: [38;2;85;85;85m[[38;2;255;255;85mzMenu v1.1.0.7[38;2;85;85;85m] [38;2;170;170;170mplugins/zAuctionHouseV3/patterns/decoration.yml loaded successfully ![0m
[04:40:59 INFO]: [38;2;85;85;85m[[38;2;255;255;85mzMenu v1.1.0.7[38;2;85;85;85m] [38;2;170;170;170mplugins/zAuctionHouseV3/inventories/category.yml loaded successfully ![0m
[04:40:59 INFO]: [38;2;85;85;85m[[38;2;255;255;85mzMenu v1.1.0.7[38;2;85;85;85m] [38;2;170;170;170mplugins/zAuctionHouseV3/inventories/economy.yml loaded successfully ![0m
[04:40:59 INFO]: [38;2;85;85;85m[[38;2;255;255;85mzMenu v1.1.0.7[38;2;85;85;85m] [38;2;170;170;170mplugins/zAuctionHouseV3/inventories/buyconfirminventory.yml loaded successfully ![0m
[04:40:59 INFO]: [38;2;85;85;85m[[38;2;255;255;85mzMenu v1.1.0.7[38;2;85;85;85m] [38;2;170;170;170mplugins/zAuctionHouseV3/inventories/categories.yml loaded successfully ![0m
[04:40:59 INFO]: [38;2;85;85;85m[[38;2;255;255;85mzMenu v1.1.0.7[38;2;85;85;85m] [38;2;170;170;170mplugins/zAuctionHouseV3/inventories/sellshow.yml loaded successfully ![0m
[04:40:59 INFO]: [38;2;85;85;85m[[38;2;255;255;85mzMenu v1.1.0.7[38;2;85;85;85m] [38;2;170;170;170mplugins/zAuctionHouseV3/inventories/adminremove.yml loaded successfully ![0m
[04:40:59 INFO]: [38;2;85;85;85m[[38;2;255;255;85mzMenu v1.1.0.7[38;2;85;85;85m] [38;2;170;170;170mplugins/zAuctionHouseV3/inventories/buying.yml loaded successfully ![0m
[04:40:59 INFO]: [38;2;85;85;85m[[38;2;255;255;85mzMenu v1.1.0.7[38;2;85;85;85m] [38;2;170;170;170mplugins/zAuctionHouseV3/inventories/removeconfirm.yml loaded successfully ![0m
[04:40:59 INFO]: [38;2;85;85;85m[[38;2;255;255;85mzMenu v1.1.0.7[38;2;85;85;85m] [38;2;170;170;170mplugins/zAuctionHouseV3/inventories/search.yml loaded successfully ![0m
[04:40:59 INFO]: [38;2;85;85;85m[[38;2;255;255;85mzMenu v1.1.0.7[38;2;85;85;85m] [38;2;170;170;170mplugins/zAuctionHouseV3/inventories/expire.yml loaded successfully ![0m
[04:40:59 INFO]: [38;2;85;85;85m[[38;2;255;255;85mzMenu v1.1.0.7[38;2;85;85;85m] [38;2;170;170;170mplugins/zAuctionHouseV3/inventories/auction.yml loaded successfully ![0m
[04:40:59 INFO]: [38;2;85;85;85m[[38;2;255;255;85mzMenu v1.1.0.7[38;2;85;85;85m] [38;2;170;170;170mplugins/zAuctionHouseV3/inventories/buyconfirm.yml loaded successfully ![0m
[04:40:59 INFO]: [38;2;85;85;85m[[38;2;255;255;85mzMenu v1.1.0.7[38;2;85;85;85m] [38;2;170;170;170mplugins/zAuctionHouseV3/inventories/sell.yml loaded successfully ![0m
[04:40:59 INFO]: [38;2;85;85;85m[[38;2;255;255;85mzMenu v1.1.0.7[38;2;85;85;85m] [38;2;170;170;170mplugins/zAuctionHouseV3/inventories/show.yml loaded successfully ![0m
[04:40:59 INFO]: [38;2;85;85;85m[[38;2;255;255;85mzMenu v1.1.0.7[38;2;85;85;85m] [38;2;170;170;170mplugins/zAuctionHouseV3/inventories/items.yml loaded successfully ![0m
[04:40:59 WARN]: [CurrenciesAPI] The framework is not up to date, the latest version is 1.0.11
[04:40:59 INFO]: [38;2;85;85;85m[[38;2;255;255;85mzAuctionHouseV3 v3.2.4.0[38;2;85;85;85m] [38;2;170;170;170mRegister VAULT economy with name vault[0m
[04:40:59 INFO]: [38;2;85;85;85m[[38;2;255;255;85mzAuctionHouseV3 v3.2.4.0[38;2;85;85;85m] [38;2;170;170;170mRegister ProtocolLib implementation[0m
[04:40:59 INFO]: [38;2;85;85;85m[[38;2;255;255;85mzAuctionHouseV3 v3.2.4.0[38;2;85;85;85m] [38;2;255;255;85m=== ENABLE DONE [38;2;170;170;170m([38;2;255;170;0m900ms[38;2;170;170;170m) [38;2;255;255;85m===[0m
[04:40:59 INFO]: [DeluxeMenus] Enabling DeluxeMenus v1.14.1-Release
[04:40:59 INFO]: [DeluxeMenus] Successfully hooked into PlaceholderAPI!
[04:40:59 INFO]: [DeluxeMenus] Successfully hooked into Vault!
[04:41:00 WARN]: [DeluxeMenus] Found 'data' option for item: fill in menu: ranks. This option is deprecated and will be removed soon. Please use 'damage' instead.
[04:41:00 INFO]: [DeluxeMenus] 1 GUI menus loaded!
[04:41:00 INFO]: [PlaceholderAPI] Successfully registered internal expansion: deluxemenus [1.14.1-Release]
[04:41:00 INFO]: [DeluxeMenus] You are running the latest version of DeluxeMenus!
[04:41:00 INFO]: [AxRewards] Enabling AxRewards v3.7.0
[04:41:01 INFO]: [PlaceholderAPI] Successfully registered internal expansion: axrewards [1.0.0]
[04:41:01 INFO]: [38;2;255;238;0m[AxRewards] Hooked into PlaceholderAPI![0m
[04:41:02 INFO]: [38;2;255;238;0m[AxRewards] Loaded plugin! Using [38;2;255;255;255mH2 [38;2;255;238;0mdatabase to store data![0m
[04:41:02 INFO]: [FancyNpcs] Enabling FancyNpcs v2.9.1
[04:41:02 WARN]: [org.mineskin.MineSkinClient] Creating MineSkinClient without API key
[04:41:02 WARN]: [FancyNpcs] 
-------------------------------------------------------
You are not using the latest version of the FancyNpcs plugin.
Please update to the newest version (2.9.2).
https://modrinth.com/plugin/FancyNpcs
-------------------------------------------------------

[04:41:02 INFO]: [FancyNpcs] (ForkJoinPool.commonPool-worker-1) WARN: You are not using the latest version of the FancyNpcs plugin.
[04:41:03 INFO]: [FancyNpcs] (Server thread) INFO: FancyNpcs (2.9.1) has been enabled.
[04:41:03 INFO]: [InfiniteGUI] Enabling InfiniteGUI v1.1.10
[04:41:03 INFO]: [InfiniteGUI]    
   ####   ###  ##  ### ###    ####   ###  ##    ####   #### ##  ### ###            ## ##   ##  ###    ####   
    ##      ## ##   ##  ##     ##      ## ##     ##    # ## ##   ##  ##           ##   ##  ##   ##     ##    
    ##     # ## #   ##         ##     # ## #     ##      ##      ##               ##       ##   ##     ##    
    ##     ## ##    ## ##      ##     ## ##      ##      ##      ## ##            ##  ###  ##   ##     ##    
    ##     ##  ##   ##         ##     ##  ##     ##      ##      ##               ##   ##  ##   ##     ##    
    ##     ##  ##   ##         ##     ##  ##     ##      ##      ##  ##           ##   ##  ##   ##     ##    
   ####   ###  ##  ####       ####   ###  ##    ####    ####    ### ###            ## ##    ## ##     ####
 
[04:41:03 INFO]: [NBTAPI] [NBTAPI] Found Minecraft: 1.21.10! Trying to find NMS support
[04:41:03 WARN]: [NBTAPI] [NBTAPI] This Server-Version(1.21.10-R0.1-SNAPSHOT) is not supported by this NBT-API Version(2.13.1) located in InfiniteGUI. The NBT-API will try to work as good as it can! Some functions may not work!
[04:41:03 INFO]: [NBTAPI] [NBTAPI] Using the plugin 'InfiniteGUI' to create a bStats instance!
[04:41:03 INFO]: [PlaceholderAPI] Successfully registered internal expansion: infinitegui [1.1.1]
[04:41:03 INFO]: [ExcellentCrates] Enabling ExcellentCrates v6.6.1
[04:41:03 INFO]: [ExcellentCrates] Powered by nightcore
[04:41:03 INFO]: [com.zaxxer.hikari.HikariDataSource] ExcellentCratesPool - Starting...
[04:41:03 INFO]: [com.zaxxer.hikari.pool.HikariPool] ExcellentCratesPool - Added connection org.sqlite.jdbc4.JDBC4Connection@6012f73a
[04:41:03 INFO]: [com.zaxxer.hikari.HikariDataSource] ExcellentCratesPool - Start completed.
[04:41:04 INFO]: [ExcellentCrates] Loaded 8 crate openings.
[04:41:04 INFO]: [ExcellentCrates] Loaded 9 crate keys.
[04:41:04 INFO]: [ExcellentCrates] Loaded 3 rarities!
[04:41:05 INFO]: [ExcellentCrates] Loaded 9 crates.
[04:41:05 INFO]: [PlaceholderAPI] Successfully registered internal expansion: excellentcrates [6.6.1]
[04:41:06 INFO]: [ExcellentCrates] Plugin loaded in 2468 ms!
[04:41:06 INFO]: [EssentialsSpawn] Enabling EssentialsSpawn v2.22.0-dev+57-7775662
[04:41:06 INFO]: [EssentialsSpawn] Starting Metrics. Opt-out using the global bStats config.
[04:41:06 INFO]: [CommandPanels] Enabling CommandPanels v3.23.4
[04:41:06 INFO]: [CommandPanels] RockyHawk's CommandPanels v3.23.4 Plugin Loading...
[04:41:06 INFO]: [NBTAPI] [NBTAPI] Found Minecraft: 1.21.10! Trying to find NMS support
[04:41:06 WARN]: [NBTAPI] [NBTAPI] This Server-Version(1.21.10-R0.1-SNAPSHOT) is not supported by this NBT-API Version(2.15.1-SNAPSHOT) located in CommandPanels. The NBT-API will try to work as good as it can! Some functions may not work!
[04:41:06 INFO]: [NBTAPI] [NBTAPI] Using the plugin 'CommandPanels' to create a bStats instance!
[04:41:06 INFO]: [PlaceholderAPI] Successfully registered internal expansion: commandpanels [3.23.4]
[04:41:06 INFO]: [CommandPanels] RockyHawk's CommandPanels v3.23.4 Plugin Loaded!
[04:41:06 INFO]: [EconomyX] Enabling EconomyX v2.8.3-FINAL*
[04:41:06 INFO]: [EconomyX] Vault found, Economy has been registered.
[04:41:06 INFO]: [PinataParty] Enabling PinataParty v2.69.3
[04:41:06 INFO]: [PinataParty] Loading data...
[04:41:06 INFO]: [PinataParty] Registering hooks...
[04:41:06 INFO]: [PlaceholderAPI] Successfully registered internal expansion: pinataparty [2.69.3]
[04:41:06 INFO]: [PinataParty] [38;2;85;255;85mHooked into PlaceholderAPI[0m
[04:41:06 INFO]: [PinataParty] [38;2;85;255;85mHooked into VotifierPlus[0m
[04:41:06 INFO]: [PinataParty] [38;2;85;255;85mHooked into Vault[0m
[04:41:06 INFO]: [PinataParty] Registering commands...
[04:41:06 INFO]: [PinataParty] Registering listeners...
[04:41:06 INFO]: [PinataParty] Starting tasks...
[04:41:06 INFO]: [PinataParty] Starting metrics...
[04:41:06 INFO]: [PinataParty] [38;2;85;255;85mPlugin registered to 429752 | 1390746895[0m
[04:41:06 INFO]: [PinataParty] [38;2;85;255;85mDone and enabled in 62.64ms[0m
[04:41:06 INFO]: [RavenWelcome] Enabling RavenWelcome v1.0
[04:41:06 INFO]: [PlaceholderAPI] Successfully registered internal expansion: ravenwelcome [1.0]
[04:41:06 INFO]: [RavenWelcome] PlaceholderAPI expansion registered!
[04:41:06 INFO]: [RealMines] Enabling RealMines v1.8.8
[04:41:06 INFO]: [RealMines] [38;2;85;85;255m   _____           ____  ____[0m
[04:41:06 INFO]: [RealMines] [38;2;85;85;255m  | ___ \         | |  \/  (_)  [38;2;85;85;85mVersion: [38;2;85;85;255m1.8.8[0m
[04:41:06 INFO]: [RealMines] [38;2;85;85;255m  | |_/ /___  __ _| | .  . |_ _ __   ___  ___[0m
[04:41:06 INFO]: [RealMines] [38;2;85;85;255m  |    // _ \/ _` | | |\/| | | '_ \ / _ \/ __|[0m
[04:41:06 INFO]: [RealMines] [38;2;85;85;255m  | |\ \  __/ (_| | | |  | | | | | |  __/\__ \[0m
[04:41:06 INFO]: [RealMines] [38;2;85;85;255m  \_| \_\___|\__,_|_\_|  |_/_|_| |_|\___||___/[0m
[04:41:06 INFO]: [RealMines] [38;2;85;85;255m                         [38;2;85;85;85mMade by: [38;2;85;85;255mJoseGamer_PT[0m
[04:41:06 INFO]: [RealMines] Hooked into Vault!
[04:41:06 INFO]: [RealMines] Loading Mines.
[04:41:08 INFO]: [RealMines] Loaded 2 mines and 0 mine signs.
[04:41:08 INFO]: [RealMines] Loaded 0 mine tasks.
[04:41:08 INFO]: [PlaceholderAPI] Successfully registered internal expansion: realmines [1.8.8]
[04:41:08 INFO]: [RealMines] Hooked onto PlaceholderAPI!
[04:41:08 INFO]: [RealMines] Using FAWE/WorldEdit for block placement.
[04:41:08 INFO]: [RealMines] Finished loading in 2.006 seconds.
[04:41:08 INFO]: [RealMines] <------------------ RealMines v1.8.8 ------------------>
[04:41:08 INFO]: [EcoMobs] Enabling EcoMobs v10.24.0
[04:41:08 INFO]: [EcoMobs] Loading [38;2;85;85;255mEcoMobs[0m
[04:41:08 INFO]: [PlaceholderAPI] Successfully registered internal expansion: ecomobs [10.24.0]
[04:41:08 INFO]: [EcoMobs] Loaded integrations: ModelEngine
[04:41:08 INFO]: [MiniMOTD] Enabling MiniMOTD v2.2.2
[04:41:08 INFO]: [PlayerVaults] Enabling PlayerVaults v3.6.0-bSNAPSHOT*
[04:41:09 INFO]: [Shopkeepers] Enabling Shopkeepers v2.25.0
[04:41:09 INFO]: [Shopkeepers] Loading the data of 30 shopkeepers ...
[04:41:11 INFO]: [Simple_RTP] Enabling Simple_RTP v1.0.2-BETA
[04:41:11 INFO]: [Simple_RTP] [32mPlugin has been enabled![0m
[04:41:11 INFO]: [Simple_RTP] [32mThank you for using RTP plugin! by Jaeden[0m
[04:41:11 INFO]: [RealScoreboard] Enabling RealScoreboard v1.5.7
[04:41:11 INFO]: [RealScoreboard] [38;2;255;85;255m   ____            _ ____                     _                         _[0m
[04:41:11 INFO]: [RealScoreboard] [38;2;255;85;255m  |  _ \ ___  __ _| / ___|  ___ ___  _ __ ___| |__   ___   __ _ _ __ __| |[0m
[04:41:11 INFO]: [RealScoreboard] [38;2;255;85;255m  | |_) / _ \/ _` | \___ \ / __/ _ \| '__/ _ \ '_ \ / _ \ / _` | '__/ _` |[0m
[04:41:11 INFO]: [RealScoreboard] [38;2;255;85;255m  |  _ <  __/ (_| | |___) | (_| (_) | | |  __/ |_) | (_) | (_| | | | (_| |[0m
[04:41:11 INFO]: [RealScoreboard] [38;2;255;85;255m  |_| \_\___|\__,_|_|____/ \___\___/|_|  \___|_.__/ \___/ \__,_|_|  \__,_|[0m
[04:41:11 INFO]: [RealScoreboard]   [38;2;85;85;85mMade by: [38;2;85;85;255mJoseGamer_PT 		                      [38;2;85;85;85mVersion: [38;2;85;85;255m1.5.7[0m
[04:41:11 INFO]: [RealScoreboard] 
[04:41:12 INFO]: [RealScoreboard] Loaded 2 conditions.
[04:41:12 INFO]: [RealScoreboard] Loaded 1 scoreboards.
[04:41:12 INFO]: [RealScoreboard] Server version: 1.21.10-R0.1-SNAPSHOT
[04:41:12 INFO]: [RealScoreboard] Finished loading in 0.653 seconds.
[04:41:12 INFO]: [RealScoreboard] <------------------ RealScoreboard v1.5.7 ------------------>
[04:41:12 INFO]: [XVaults] Enabling XVaults v2.1.2
[04:41:12 INFO]: [TAB] Enabling TAB v5.4.0
[04:41:12 INFO]: [38;2;255;85;85m[TAB] [WARN] [config.yml] playerlist-objective: Playerlist objective value is set to be empty, but the configured value must evaluate to a number. Using 0.[0m
[04:41:13 INFO]: [38;2;255;85;85m[TAB] [WARN] Found a total of 1 issues.[0m
[04:41:13 INFO]: [TAB] [38;2;85;255;85mEnabled in 436ms[0m
[04:41:13 INFO]: [EcoPets] Enabling EcoPets v2.77.1*
[04:41:13 INFO]: [EcoPets] Loading [38;2;217;119;194mEcoPets[0m
[04:41:13 INFO]: [PlaceholderAPI] Successfully registered internal expansion: ecopets [2.77.1]
[04:41:13 INFO]: [EcoPets] Loaded integrations: ModelEngine
[04:41:13 INFO]: [Talismans] Enabling Talismans v6.77.0*
[04:41:13 INFO]: [Talismans] Loading [38;2;255;170;0mTalismans[0m
[04:41:13 INFO]: [PlaceholderAPI] Successfully registered internal expansion: talismans [6.77.0]
[04:41:13 INFO]: [EcoArmor] Enabling EcoArmor v8.78.0*
[04:41:13 INFO]: [EcoArmor] Loading [38;2;255;85;85mEcoArmor[0m
[04:41:13 INFO]: [PlaceholderAPI] Successfully registered internal expansion: ecoarmor [8.78.0]
[04:41:13 INFO]: [Rankup] Enabling Rankup v3.15.2
[04:41:13 INFO]: [PlaceholderAPI] Successfully registered internal expansion: rankup [3.15.2]
[04:41:13 INFO]: [BattlePass] Enabling BattlePass v5.0.3
[04:41:14 INFO]: [BattlePass] Finished loading the week-2 quests. All quests loaded successfully.
[04:41:14 INFO]: [BattlePass] Finished loading the event-easter quests. All quests loaded successfully.
[04:41:14 INFO]: [BattlePass] Finished loading the week-1 quests. All quests loaded successfully.
[04:41:14 INFO]: [BattlePass] Finished loading the week-4 quests. All quests loaded successfully.
[04:41:14 INFO]: [BattlePass] Finished loading the week-3 quests. All quests loaded successfully.
[04:41:14 INFO]: [BattlePass] Finished loading the week-pool quests. All quests loaded successfully.
[04:41:14 INFO]: [BattlePass] Finished loading the daily quests. All quests loaded successfully.
[04:41:14 INFO]: [BattlePass] Successfully loaded the pass type with the id: free
[04:41:14 INFO]: [BattlePass] Successfully loaded the pass type with the id: premium
[04:41:14 INFO]: [BattlePass] Register PlaceholderAPI placeholders
[04:41:14 INFO]: [PlaceholderAPI] Successfully registered internal expansion: battlepass [1.1]
[04:41:14 INFO]: [AnimaBossBar] Enabling AnimaBossBar v${project.version}
[04:41:14 INFO]: [AnimaBossBar] AnimaBossBar enabled.
[04:41:14 INFO]: [MobsToEggs] Enabling MobsToEggs v1.7.22
[04:41:14 INFO]: [MobsToEggs] Loading files for MobsToEggs...
[04:41:15 INFO]: [MobsToEggs] Loading language: es
[04:41:15 INFO]: [MobsToEggs] Using Dependencies:
[04:41:15 INFO]: [MobsToEggs] ✔️ [Vault, WorldGuard, MythicMobs]
[04:41:15 INFO]: [MobsToEggs] ❌ [NBTAPI, StackMob, Towny]
[04:41:15 INFO]: [libreforge] Enabling libreforge v4.79.0
[04:41:15 INFO]: [libreforge] Loading [38;2;180;255;51mlibreforge[0m
[04:41:15 INFO]: [PlaceholderAPI] Successfully registered internal expansion: libreforge [4.79.0]
[04:41:15 INFO]: [libreforge] Loaded integrations: AuraSkills, TAB, FancyNpcs, MythicMobs, ModelEngine, Vault, WorldGuard
[04:41:15 INFO]: [libreforge] 
[04:41:15 INFO]: [libreforge] Hey, what's this plugin doing here? I didn't install it!
[04:41:15 INFO]: [libreforge] libreforge is the effects system for plugins like EcoEnchants,
[04:41:15 INFO]: [libreforge] EcoJobs, EcoItems, etc. If you're looking for config options for
[04:41:15 INFO]: [libreforge] things like cooldown messages, lrcdb, and stuff like that, you'll
[04:41:15 INFO]: [libreforge] find it under /plugins/libreforge
[04:41:15 INFO]: [libreforge] 
[04:41:15 INFO]: [libreforge] Don't worry about updating libreforge, it's handled automatically!
[04:41:15 INFO]: [libreforge] 
[04:41:16 INFO]: [spark] Starting background profiler...
[04:41:17 INFO]: [PlaceholderAPI] Placeholder expansion registration initializing...
[04:41:17 INFO]: Running delayed init tasks
[04:41:17 INFO]: [Essentials] [38;2;255;170;0mFetching version information...[0m
[04:41:17 INFO]: [zAuctionHouseV3] The database connection is valid ! (192.168.10.10)
[04:41:17 INFO]: [PlayerVaults] We didn't find an update!
[04:41:17 INFO]: [RealMines] The plugin is updated to the latest version.
[04:41:17 INFO]: [Vault] Checking for Updates ... 
[04:41:17 INFO]: [Essentials] Essentials found a compatible payment resolution method: Vault Compatibility Layer (v1.7.3-b131)!
[04:41:17 INFO]: [zAuctionHouseV3] Executing SQL: PRAGMA table_info(zauctionhouse_options)
[04:41:17 INFO]: [38;2;85;85;85m[[38;2;255;255;85mzAuctionHouseV3 v3.2.4.0[38;2;85;85;85m] [38;2;170;170;170mLoading items[0m
[04:41:17 INFO]: [38;2;85;85;85m[[38;2;255;255;85mzAuctionHouseV3 v3.2.4.0[38;2;85;85;85m] [38;2;170;170;170mLoading transactions[0m
[04:41:17 INFO]: [RealScoreboard] The plugin is updated to the latest version.
[04:41:17 INFO]: [Vault] No new version available
[04:41:17 INFO]: [38;2;85;85;85m[[38;2;255;255;85mzAuctionHouseV3 v3.2.4.0[38;2;85;85;85m] [38;2;170;170;170mLoading of items successfully completed.[0m
[04:41:17 INFO]: [38;2;85;85;85m[[38;2;255;255;85mzAuctionHouseV3 v3.2.4.0[38;2;85;85;85m] [38;2;170;170;170mLoading of transactions successfully completed.[0m
[04:41:17 WARN]: [EcoPets] EcoPets is out of date! (Version 2.77.1)
[04:41:17 WARN]: [EcoPets] The newest version is 2.77.2
[04:41:17 WARN]: [EcoPets] Download the new version!
[04:41:17 WARN]: [EcoJobs] EcoJobs is out of date! (Version 3.72.0)
[04:41:17 WARN]: [EcoJobs] The newest version is 3.77.2
[04:41:17 WARN]: [EcoJobs] Download the new version!
[04:41:17 INFO]: [38;2;85;85;85m[[38;2;255;255;85mzMenu v1.1.0.7[38;2;85;85;85m] [38;2;170;170;170mNew update available. Your version: 1.1.0.7, latest version: 1.1.0.8[0m
[04:41:17 INFO]: [38;2;85;85;85m[[38;2;255;255;85mzMenu v1.1.0.7[38;2;85;85;85m] [38;2;170;170;170mDownload plugin here: https://groupez.dev/resources/253[0m
[04:41:17 INFO]: [38;2;85;85;85m[[38;2;255;255;85mzAuctionHouseV3 v3.2.4.0[38;2;85;85;85m] [38;2;170;170;170mNew update available. Your version: 3.2.4.0, latest version: 3.2.4.3[0m
[04:41:17 INFO]: [38;2;85;85;85m[[38;2;255;255;85mzAuctionHouseV3 v3.2.4.0[38;2;85;85;85m] [38;2;170;170;170mDownload plugin here: https://groupez.dev/resources/1[0m
[04:41:17 INFO]: [ModelEngine] [A] [0m
[04:41:17 INFO]: [ModelEngine] [A] [1m[36m[Importing models][0m
[04:41:17 INFO]: [ModelEngine] [A] [38;5;46mLoading cache version: R4.0.8[0m
[04:41:17 INFO]: [1m[38;2;221;94;137mS[38;2;227;115;152mk[38;2;233;136;167mu[38;2;239;157;182ml[38;2;245;178;197ml[38;2;251;199;212ms[0m [38;2;85;85;85m» [38;2;85;255;85mLoaded [38;2;255;255;85m102792 [38;2;85;255;85mskulls in [38;2;255;255;255m28,518.543[38;2;85;255;85mms[0m
[04:41:17 WARN]: [ExcellentCrates] 
[93m********** PROBLEM REPORT **********[0m
[37m> Subject: [0m<gradient:#047600:#047600>ᴄᴀᴊ</gradient><gradient:#047600:#5FE270>ᴀ ᴠᴏᴛᴇ</gradient>
[37m> Path: [0mplugins/ExcellentCrates/crates/vote.yml
[37m> Found Problems (1):[0m
[90m└── [0m[93mOpening is invalid![0m[0m
[93m***********************************[0m

[04:41:17 WARN]: [ExcellentCrates] 
[93m********** PROBLEM REPORT **********[0m
[37m> Subject: [0m<gradient:#441A99:#5FFC5C>ᴄᴀᴊᴀ ᴏɴʏx</gradient>
[37m> Path: [0mplugins/ExcellentCrates/crates/onyx.yml
[37m> Found Problems (1):[0m
[90m└── [0m[93mOpening is invalid![0m[0m
[93m***********************************[0m

[04:41:17 WARN]: [ExcellentCrates] 
[93m********** PROBLEM REPORT **********[0m
[37m> Subject: [0m<gradient:#991A1A:#5CFCC7>ᴄᴀᴊᴀ ᴠᴏɪᴅ</gradient>
[37m> Path: [0mplugins/ExcellentCrates/crates/void.yml
[37m> Found Problems (1):[0m
[90m└── [0m[93mOpening is invalid![0m[0m
[93m***********************************[0m

[04:41:17 WARN]: [ExcellentCrates] 
[93m********** PROBLEM REPORT **********[0m
[37m> Subject: [0m<gradient:#00D441:#78A541>ᴄᴀᴊᴀ ᴅɪɴᴇʀᴏ</gradient>
[37m> Path: [0mplugins/ExcellentCrates/crates/dinero.yml
[37m> Found Problems (1):[0m
[90m└── [0m[93mOpening is invalid![0m[0m
[93m***********************************[0m

[04:41:17 WARN]: [ExcellentCrates] 
[93m********** PROBLEM REPORT **********[0m
[37m> Subject: [0m<gradient:#491AB8:#FCD05C>ᴄᴀᴊᴀ ᴢᴇɴɪᴛʜ</gradient>
[37m> Path: [0mplugins/ExcellentCrates/crates/zenit.yml
[37m> Found Problems (1):[0m
[90m└── [0m[93mOpening is invalid![0m[0m
[93m***********************************[0m

[04:41:17 WARN]: [ExcellentCrates] 
[93m********** PROBLEM REPORT **********[0m
[37m> Subject: [0m<gradient:#FF0000:#FCB65C>ᴄᴀᴊᴀ ᴋᴏᴛʜ</gradient>
[37m> Path: [0mplugins/ExcellentCrates/crates/gradientff0000fcb65cᴄᴀᴊᴀ_ᴋ.yml
[37m> Found Problems (1):[0m
[90m└── [0m[93mOpening is invalid![0m[0m
[93m***********************************[0m

[04:41:17 WARN]: [ExcellentCrates] 
[93m********** PROBLEM REPORT **********[0m
[37m> Subject: [0m<gradient:#59B4DE:#E43A96>ᴄᴀᴊᴀ ʀᴜꜱᴛ</gradient>
[37m> Path: [0mplugins/ExcellentCrates/crates/rust.yml
[37m> Found Problems (1):[0m
[90m└── [0m[93mOpening is invalid![0m[0m
[93m***********************************[0m

[04:41:17 WARN]: [ExcellentCrates] 
[93m********** PROBLEM REPORT **********[0m
[37m> Subject: [0m<gradient:#FF9A00:#FFED8A>ᴄᴀᴊᴀ ꜱᴏʟᴀʀ</gradient>
[37m> Path: [0mplugins/ExcellentCrates/crates/solar.yml
[37m> Found Problems (1):[0m
[90m└── [0m[93mOpening is invalid![0m[0m
[93m***********************************[0m

[04:41:17 INFO]: [PlayerVaults] ** Vaults have already been converted to UUIDs. If this is incorrect, shutdown your server and rename the plugins/PlayerVaults/uuidvaults directory.
[04:41:18 INFO]: [ModelEngine] [A] [0m
[04:41:18 INFO]: [ModelEngine] [A] [36mImporting combo_first.bbmodel.[0m
[04:41:18 WARN]: [ModelEngine] [A] [33m--Warning: Missing hitbox.[0m
[04:41:18 INFO]: [ModelEngine] [A] [0m
[04:41:18 INFO]: [ModelEngine] [A] [36mImporting black_star_field.bbmodel.[0m
[04:41:18 WARN]: [ModelEngine] [A] [33m--Warning: Missing hitbox.[0m
[04:41:18 INFO]: [ModelEngine] [A] [0m
[04:41:18 INFO]: [ModelEngine] [A] [36mImporting combo_third.bbmodel.[0m
[04:41:18 WARN]: [ModelEngine] [A] [33m--Warning: Missing hitbox.[0m
[04:41:18 INFO]: [ModelEngine] [A] [0m
[04:41:18 INFO]: [ModelEngine] [A] [36mImporting black_hole.bbmodel.[0m
[04:41:18 WARN]: [ModelEngine] [A] [33m--Warning: Missing hitbox.[0m
[04:41:18 INFO]: [ModelEngine] [A] [0m
[04:41:18 INFO]: [ModelEngine] [A] [36mImporting combo_x.bbmodel.[0m
[04:41:18 WARN]: [ModelEngine] [A] [33m--Warning: Missing hitbox.[0m
[04:41:18 INFO]: [ModelEngine] [A] [0m
[04:41:18 INFO]: [ModelEngine] [A] [36mImporting combo_second.bbmodel.[0m
[04:41:18 WARN]: [ModelEngine] [A] [33m--Warning: Missing hitbox.[0m
[04:41:18 INFO]: [ModelEngine] [A] [0m
[04:41:18 INFO]: [ModelEngine] [A] [36mImporting buildings_collapse.bbmodel.[0m
[04:41:18 WARN]: [ModelEngine] [A] [33m--Warning: Missing hitbox.[0m
[04:41:18 INFO]: [ModelEngine] [A] [0m
[04:41:18 INFO]: [ModelEngine] [A] [36mImporting beam.bbmodel.[0m
[04:41:18 WARN]: [ModelEngine] [A] [33m--Warning: Missing hitbox.[0m
[04:41:18 INFO]: [ModelEngine] [A] [0m
[04:41:18 INFO]: [ModelEngine] [A] [36mImporting internal_fire.bbmodel.[0m
[04:41:18 INFO]: [ModelEngine] [A] [0m
[04:41:18 INFO]: [ModelEngine] [A] [36mImporting white_void.bbmodel.[0m
[04:41:18 WARN]: [ModelEngine] [A] [33m--Warning: Missing hitbox.[0m
[04:41:18 INFO]: [ModelEngine] [A] [0m
[04:41:18 INFO]: [ModelEngine] [A] [36mImporting apocalypse_type_a.bbmodel.[0m
[04:41:18 INFO]: [ModelEngine] [A] [0m
[04:41:18 INFO]: [ModelEngine] [A] [36mImporting void_storm.bbmodel.[0m
[04:41:18 WARN]: [ModelEngine] [A] [33m--Warning: Missing hitbox.[0m
[04:41:18 INFO]: [BattlePass] [STDOUT] Leaderboards reloaded in 82 ms
[04:41:18 WARN]: Nag author(s): '[]' of 'BattlePass v5.0.3' about their usage of System.out/err.print. Please use your plugin's logger instead (JavaPlugin#getLogger).
[04:41:18 INFO]: [ModelEngine] [A] [0m
[04:41:18 INFO]: [ModelEngine] [A] [36mImporting blackbox.bbmodel.[0m
[04:41:18 WARN]: [ModelEngine] [A] [33m--Warning: Missing hitbox.[0m
[04:41:19 INFO]: [AuraSkills] Loaded 11 skills with 319 total sources
[04:41:20 INFO]: [AuraSkills] Loaded 9 stats and 17 traits
[04:41:20 INFO]: [AuraSkills] Loaded 22 pattern rewards and 0 level rewards
[04:41:20 INFO]: [AuraSkills] Loaded 53 loot entries in 4 pools and 2 tables
[04:41:20 INFO]: [ModelEngine] [A] [0m
[04:41:20 INFO]: [ModelEngine] [A] [38;5;46mResource pack zipped.[0m
[04:41:20 INFO]: [ModelEngine] [A] [38;5;46mGenerator Profiled:[0m
[04:41:20 INFO]: [ModelEngine] [A] [38;5;46m - Import Phase: 696.9ms[0m
[04:41:20 INFO]: [ModelEngine] [A] [38;5;46m - Assets Phase: 668.6ms[0m
[04:41:20 INFO]: [ModelEngine] [A] [38;5;46m - Zipping Phase: 1,484.5ms[0m
[04:41:21 INFO]: [AuraSkills] Loaded 7 menus
[04:41:24 INFO]: [PlaceholderAPI] An update for PlaceholderAPI (v2.11.7) is available at:
[04:41:24 INFO]: [PlaceholderAPI] https://www.spigotmc.org/resources/placeholderapi.6245/
[04:41:24 INFO]: [PlaceholderAPI] Successfully registered external expansion: vault [1.8.3]
[04:41:24 INFO]: [PlaceholderAPI] Successfully registered external expansion: server [2.6.2]
[04:41:24 INFO]: [PlaceholderAPI] Successfully registered external expansion: statistic [2.0.1]
[04:41:24 INFO]: [PlaceholderAPI] Successfully registered external expansion: player [2.0.8]
[04:41:24 INFO]: [PlaceholderAPI] Successfully registered external expansion: luckperms [5.4-R2]
[04:41:24 INFO]: [PlaceholderAPI] Successfully registered external expansion: essentials [1.5.2]
[04:41:24 INFO]: [PlaceholderAPI] Successfully registered external expansion: localtime [1.2]
[04:41:24 INFO]: [38;2;85;255;85m7 placeholder hook(s) registered! [38;2;255;170;0m3 placeholder hook(s) have an update available.[0m
[04:41:25 INFO]: Done (143.443s)! For help, type "help"
[04:41:25 INFO]: [1m[38;2;221;94;137mS[38;2;227;115;152mk[38;2;233;136;167mu[38;2;239;157;182ml[38;2;245;178;197ml[38;2;251;199;212ms[0m [38;2;85;85;85m» [38;2;85;255;85mRunning database check :)[0m
[04:41:25 INFO]: [eco] Loaded [38;2;85;255;85meco[0m
[04:41:25 INFO]: [EcoItems] Loaded [38;2;255;0;0mEcoItems[0m
[04:41:25 INFO]: [EcoJobs] Loaded [38;2;150;75;0mEcoJobs[0m
[04:41:25 INFO]: [EcoMobs] Loaded [38;2;85;85;255mEcoMobs[0m
[04:41:26 INFO]: [EcoPets] Loaded [38;2;217;119;194mEcoPets[0m
[04:41:27 INFO]: [Talismans] Loaded [38;2;255;170;0mTalismans[0m
[04:41:28 INFO]: [EcoArmor] Loaded [38;2;255;85;85mEcoArmor[0m
[04:41:28 INFO]: [libreforge] Loaded [38;2;180;255;51mlibreforge[0m
[04:41:30 INFO]: [AdvancedEnchantments] Successfully hooked into ProtocolLib, AuraSkills, AdvancedEnchantments, WorldGuard, PlaceholderAPI, MythicMobs, ProtectionStones, Essentials, Vault, LuckPerms.
[04:41:30 INFO]: [AdvancedEnchantments] Hooked into AdvancedEnchantments
[04:41:31 INFO]: [ExcellentCrates] Hooked into ExcellentCrates
[04:41:31 INFO]: [EconomyShopGUI] Hooked into EconomyShopGUI
[04:41:31 INFO]: [MythicMobs] Using internal version as PluginVersion{major=5, minor=11, bugfix=0} for loading MythicMobs.
[04:41:31 INFO]: [MythicMobs] Hooked into MythicMobs
[04:41:31 INFO]: [Shopkeepers] Hooked into Shopkeepers
[04:41:31 INFO]: [VotifierPlus] Hooked into VotifierPlus
[04:41:32 INFO]: [1m[38;2;221;94;137mS[38;2;227;115;152mk[38;2;233;136;167mu[38;2;239;157;182ml[38;2;245;178;197ml[38;2;251;199;212ms[0m [38;2;85;85;85m» [38;2;85;255;85mEverything looks up-to-date, no issues found. Enjoy![0m
[04:41:32 INFO]: [38;2;170;0;170m[[38;2;255;85;255mSpawner Meta [38;2;85;255;255mv25.4[38;2;170;0;170m] [38;2;255;255;85mNew version is available: v25.5! [38;2;255;170;0mTo download visit: https://www.spigotmc.org/resources/spawnermeta.74188/[0m
[04:41:35 INFO]: [VotifierPlus] VotifierPlus is up to date! Version: 1.4.3
[04:51:30 INFO]: [BattlePass] [STDOUT] Leaderboards reloaded in 24 ms
[04:51:30 WARN]: Nag author(s): '[]' of 'BattlePass v5.0.3' about their usage of System.out/err.print. Please use your plugin's logger instead (JavaPlugin#getLogger).
[04:54:44 INFO]: UUID of player apolofs is 9e9c9df8-57aa-3ef3-8bb9-b85629a1c59c
[04:54:44 INFO]: [HorriblePlayerLoginEventHack] You have plugins listening to the PlayerLoginEvent, this will cause re-configuration APIs to be unavailable: [eco, LuckPerms, Skulls, DeluxeMenus, ProtocolLib, WorldGuard]
[04:54:55 INFO]: [38;2;0;255;0mWelcome apolofs to the server![0m
[04:54:55 INFO]: apolofs[/192.168.194.149:61146] logged in with entity id 43 at ([minas1]-236.96434361050373, 91.0, 51.403440262973696)
[04:54:56 INFO]: [nLogin] The user apolofs has successfully logged in.
[04:54:59 INFO]: apolofs issued server command: /spawn
[04:55:08 INFO]: apolofs issued server command: /jobs
[04:55:08 ERROR]: Command exception: /jobs
org.bukkit.command.CommandException: Unhandled exception executing command 'jobs' in plugin EcoJobs v3.72.0
	at org.bukkit.command.PluginCommand.execute(PluginCommand.java:47) ~[paper-api-1.21.10-R0.1-SNAPSHOT.jar:?]
	at io.papermc.paper.command.brigadier.bukkit.BukkitCommandNode$BukkitBrigCommand.run(BukkitCommandNode.java:83) ~[paper-1.21.10.jar:1.21.10-117-df4b668]
	at com.mojang.brigadier.context.ContextChain.runExecutable(ContextChain.java:73) ~[brigadier-1.3.10.jar:?]
	at net.minecraft.commands.execution.tasks.ExecuteCommand.execute(ExecuteCommand.java:30) ~[paper-1.21.10.jar:1.21.10-117-df4b668]
	at net.minecraft.commands.execution.tasks.ExecuteCommand.execute(ExecuteCommand.java:13) ~[paper-1.21.10.jar:1.21.10-117-df4b668]
	at net.minecraft.commands.execution.UnboundEntryAction.lambda$bind$0(UnboundEntryAction.java:8) ~[paper-1.21.10.jar:1.21.10-117-df4b668]
	at net.minecraft.commands.execution.CommandQueueEntry.execute(CommandQueueEntry.java:5) ~[paper-1.21.10.jar:1.21.10-117-df4b668]
	at net.minecraft.commands.execution.ExecutionContext.runCommandQueue(ExecutionContext.java:105) ~[paper-1.21.10.jar:1.21.10-117-df4b668]
	at net.minecraft.commands.Commands.executeCommandInContext(Commands.java:458) ~[paper-1.21.10.jar:1.21.10-117-df4b668]
	at net.minecraft.commands.Commands.performCommand(Commands.java:364) ~[paper-1.21.10.jar:1.21.10-117-df4b668]
	at net.minecraft.commands.Commands.performCommand(Commands.java:352) ~[paper-1.21.10.jar:1.21.10-117-df4b668]
	at net.minecraft.server.network.ServerGamePacketListenerImpl.performUnsignedChatCommand(ServerGamePacketListenerImpl.java:2321) ~[paper-1.21.10.jar:1.21.10-117-df4b668]
	at net.minecraft.server.network.ServerGamePacketListenerImpl.lambda$handleChatCommand$12(ServerGamePacketListenerImpl.java:2294) ~[paper-1.21.10.jar:1.21.10-117-df4b668]
	at net.minecraft.server.TickTask.run(TickTask.java:18) ~[paper-1.21.10.jar:1.21.10-117-df4b668]
	at net.minecraft.util.thread.BlockableEventLoop.doRunTask(BlockableEventLoop.java:176) ~[paper-1.21.10.jar:1.21.10-117-df4b668]
	at net.minecraft.util.thread.ReentrantBlockableEventLoop.doRunTask(ReentrantBlockableEventLoop.java:24) ~[paper-1.21.10.jar:1.21.10-117-df4b668]
	at net.minecraft.server.MinecraftServer.doRunTask(MinecraftServer.java:1537) ~[paper-1.21.10.jar:1.21.10-117-df4b668]
	at net.minecraft.server.MinecraftServer.doRunTask(MinecraftServer.java:180) ~[paper-1.21.10.jar:1.21.10-117-df4b668]
	at net.minecraft.util.thread.BlockableEventLoop.pollTask(BlockableEventLoop.java:150) ~[paper-1.21.10.jar:1.21.10-117-df4b668]
	at net.minecraft.server.MinecraftServer.pollTaskInternal(MinecraftServer.java:1517) ~[paper-1.21.10.jar:1.21.10-117-df4b668]
	at net.minecraft.server.MinecraftServer.pollTask(MinecraftServer.java:1511) ~[paper-1.21.10.jar:1.21.10-117-df4b668]
	at net.minecraft.server.MinecraftServer.recordTaskExecutionTimeWhileWaiting(MinecraftServer.java:1229) ~[paper-1.21.10.jar:1.21.10-117-df4b668]
	at net.minecraft.server.MinecraftServer.runServer(MinecraftServer.java:1352) ~[paper-1.21.10.jar:1.21.10-117-df4b668]
	at net.minecraft.server.MinecraftServer.lambda$spin$2(MinecraftServer.java:384) ~[paper-1.21.10.jar:1.21.10-117-df4b668]
	at java.base/java.lang.Thread.run(Thread.java:1474) ~[?:?]
Caused by: kotlin.UninitializedPropertyAccessException: lateinit property menu has not been initialized
	at EcoJobs v3.72.0.jar/com.willfp.ecojobs.jobs.JobsGUI.open(JobsGUI.kt:235) ~[EcoJobs v3.72.0.jar:?]
	at EcoJobs v3.72.0.jar/com.willfp.ecojobs.commands.CommandJobs.onExecute(CommandJobs.kt:19) ~[EcoJobs v3.72.0.jar:?]
	at eco-6.77.2-all.jar/com.willfp.eco.internal.command.HandledCommand.onExecute(HandledCommand.kt:73) ~[eco-6.77.2-all.jar:?]
	at eco-6.77.2-all.jar/com.willfp.eco.internal.command.HandledCommand.handleExecution(HandledCommand.kt:111) ~[eco-6.77.2-all.jar:?]
	at eco-6.77.2-all.jar/com.willfp.eco.internal.command.HandledCommand.onCommand(HandledCommand.kt:40) ~[eco-6.77.2-all.jar:?]
	at org.bukkit.command.PluginCommand.execute(PluginCommand.java:45) ~[paper-api-1.21.10-R0.1-SNAPSHOT.jar:?]
	... 24 more
[04:55:32 INFO]: apolofs issued server command: /ci
[04:55:51 INFO]: apolofs issued server command: /plugins
[04:56:32 INFO]: XVaults Data Auto-Saved.
[04:56:51 INFO]: apolofs issued server command: /cp
[04:57:04 INFO]: apolofs issued server command: /cpg 6
[04:57:45 INFO]: apolofs issued server command: /skulls
[04:57:45 INFO]: [NBTAPI] [NBTAPI] Found Minecraft: 1.21.10! Trying to find NMS support
[04:57:45 INFO]: [NBTAPI] [NBTAPI] NMS support 'MC1_21_R6' loaded!
[04:57:45 INFO]: [NBTAPI] [NBTAPI] Using the plugin 'Skulls' to create a bStats instance!
[04:59:57 INFO]: apolofs issued server command: /skulls
[05:01:32 INFO]: [BattlePass] [STDOUT] Leaderboards reloaded in 9 ms
[05:01:32 WARN]: Nag author(s): '[]' of 'BattlePass v5.0.3' about their usage of System.out/err.print. Please use your plugin's logger instead (JavaPlugin#getLogger).
[05:01:35 INFO]: apolofs issued server command: /cpg 5
[05:02:03 INFO]: apolofs issued server command: /cpg 5
[05:04:45 WARN]: java.lang.NullPointerException
[05:04:45 WARN]: 	at java.base/java.util.Objects.requireNonNull(Objects.java:220)
[05:04:45 WARN]: 	at CommandPanels.jar//me.rockyhawk.commandpanels.generate.GenItemUtils.generatePanelFile(GenItemUtils.java:121)
[05:04:45 WARN]: 	at CommandPanels.jar//me.rockyhawk.commandpanels.generate.GenUtils.generatePanel(GenUtils.java:111)
[05:04:45 WARN]: 	at CommandPanels.jar//me.rockyhawk.commandpanels.generate.GenUtils.onInventoryClose(GenUtils.java:46)
[05:04:45 WARN]: 	at co.aikar.timings.TimedEventExecutor.execute(TimedEventExecutor.java:80)
[05:04:45 WARN]: 	at org.bukkit.plugin.RegisteredListener.callEvent(RegisteredListener.java:71)
[05:04:45 WARN]: 	at io.papermc.paper.plugin.manager.PaperEventManager.callEvent(PaperEventManager.java:54)
[05:04:45 WARN]: 	at io.papermc.paper.plugin.manager.PaperPluginManagerImpl.callEvent(PaperPluginManagerImpl.java:131)
[05:04:45 WARN]: 	at org.bukkit.plugin.SimplePluginManager.callEvent(SimplePluginManager.java:628)
[05:04:45 WARN]: 	at org.bukkit.craftbukkit.event.CraftEventFactory.handleInventoryCloseEvent(CraftEventFactory.java:1464)
[05:04:45 WARN]: 	at net.minecraft.server.network.ServerGamePacketListenerImpl.handleContainerClose(ServerGamePacketListenerImpl.java:2924)
[05:04:45 WARN]: 	at net.minecraft.server.network.ServerGamePacketListenerImpl.handleContainerClose(ServerGamePacketListenerImpl.java:2916)
[05:04:45 WARN]: 	at net.minecraft.network.protocol.game.ServerboundContainerClosePacket.handle(ServerboundContainerClosePacket.java:33)
[05:04:45 WARN]: 	at net.minecraft.network.protocol.game.ServerboundContainerClosePacket.handle(ServerboundContainerClosePacket.java:8)
[05:04:45 WARN]: 	at net.minecraft.network.PacketProcessor$ListenerAndPacket.handle(PacketProcessor.java:99)
[05:04:45 WARN]: 	at net.minecraft.network.PacketProcessor.executeSinglePacket(PacketProcessor.java:33)
[05:04:45 WARN]: 	at net.minecraft.server.MinecraftServer.pollTask(MinecraftServer.java:1511)
[05:04:45 WARN]: 	at net.minecraft.server.MinecraftServer.recordTaskExecutionTimeWhileWaiting(MinecraftServer.java:1229)
[05:04:45 WARN]: 	at net.minecraft.server.MinecraftServer.runServer(MinecraftServer.java:1352)
[05:04:45 WARN]: 	at net.minecraft.server.MinecraftServer.lambda$spin$2(MinecraftServer.java:384)
[05:04:45 WARN]: 	at java.base/java.lang.Thread.run(Thread.java:1474)
[05:04:45 WARN]: java.lang.NullPointerException
[05:04:45 WARN]: 	at java.base/java.util.Objects.requireNonNull(Objects.java:220)
[05:04:45 WARN]: 	at CommandPanels.jar//me.rockyhawk.commandpanels.generate.GenItemUtils.generatePanelFile(GenItemUtils.java:121)
[05:04:45 WARN]: 	at CommandPanels.jar//me.rockyhawk.commandpanels.generate.GenUtils.generatePanel(GenUtils.java:111)
[05:04:45 WARN]: 	at CommandPanels.jar//me.rockyhawk.commandpanels.generate.GenUtils.onInventoryClose(GenUtils.java:46)
[05:04:45 WARN]: 	at co.aikar.timings.TimedEventExecutor.execute(TimedEventExecutor.java:80)
[05:04:45 WARN]: 	at org.bukkit.plugin.RegisteredListener.callEvent(RegisteredListener.java:71)
[05:04:45 WARN]: 	at io.papermc.paper.plugin.manager.PaperEventManager.callEvent(PaperEventManager.java:54)
[05:04:45 WARN]: 	at io.papermc.paper.plugin.manager.PaperPluginManagerImpl.callEvent(PaperPluginManagerImpl.java:131)
[05:04:45 WARN]: 	at org.bukkit.plugin.SimplePluginManager.callEvent(SimplePluginManager.java:628)
[05:04:45 WARN]: 	at org.bukkit.craftbukkit.event.CraftEventFactory.handleInventoryCloseEvent(CraftEventFactory.java:1464)
[05:04:45 WARN]: 	at net.minecraft.server.network.ServerGamePacketListenerImpl.handleContainerClose(ServerGamePacketListenerImpl.java:2924)
[05:04:45 WARN]: 	at net.minecraft.server.network.ServerGamePacketListenerImpl.handleContainerClose(ServerGamePacketListenerImpl.java:2916)
[05:04:45 WARN]: 	at net.minecraft.network.protocol.game.ServerboundContainerClosePacket.handle(ServerboundContainerClosePacket.java:33)
[05:04:45 WARN]: 	at net.minecraft.network.protocol.game.ServerboundContainerClosePacket.handle(ServerboundContainerClosePacket.java:8)
[05:04:45 WARN]: 	at net.minecraft.network.PacketProcessor$ListenerAndPacket.handle(PacketProcessor.java:99)
[05:04:45 WARN]: 	at net.minecraft.network.PacketProcessor.executeSinglePacket(PacketProcessor.java:33)
[05:04:45 WARN]: 	at net.minecraft.server.MinecraftServer.pollTask(MinecraftServer.java:1511)
[05:04:45 WARN]: 	at net.minecraft.server.MinecraftServer.recordTaskExecutionTimeWhileWaiting(MinecraftServer.java:1229)
[05:04:45 WARN]: 	at net.minecraft.server.MinecraftServer.runServer(MinecraftServer.java:1352)
[05:04:45 WARN]: 	at net.minecraft.server.MinecraftServer.lambda$spin$2(MinecraftServer.java:384)
[05:04:45 WARN]: 	at java.base/java.lang.Thread.run(Thread.java:1474)
[05:04:45 WARN]: java.lang.NullPointerException
[05:04:45 WARN]: 	at java.base/java.util.Objects.requireNonNull(Objects.java:220)
[05:04:45 WARN]: 	at CommandPanels.jar//me.rockyhawk.commandpanels.generate.GenItemUtils.generatePanelFile(GenItemUtils.java:121)
[05:04:45 WARN]: 	at CommandPanels.jar//me.rockyhawk.commandpanels.generate.GenUtils.generatePanel(GenUtils.java:111)
[05:04:45 WARN]: 	at CommandPanels.jar//me.rockyhawk.commandpanels.generate.GenUtils.onInventoryClose(GenUtils.java:46)
[05:04:45 WARN]: 	at co.aikar.timings.TimedEventExecutor.execute(TimedEventExecutor.java:80)
[05:04:45 WARN]: 	at org.bukkit.plugin.RegisteredListener.callEvent(RegisteredListener.java:71)
[05:04:45 WARN]: 	at io.papermc.paper.plugin.manager.PaperEventManager.callEvent(PaperEventManager.java:54)
[05:04:45 WARN]: 	at io.papermc.paper.plugin.manager.PaperPluginManagerImpl.callEvent(PaperPluginManagerImpl.java:131)
[05:04:45 WARN]: 	at org.bukkit.plugin.SimplePluginManager.callEvent(SimplePluginManager.java:628)
[05:04:45 WARN]: 	at org.bukkit.craftbukkit.event.CraftEventFactory.handleInventoryCloseEvent(CraftEventFactory.java:1464)
[05:04:45 WARN]: 	at net.minecraft.server.network.ServerGamePacketListenerImpl.handleContainerClose(ServerGamePacketListenerImpl.java:2924)
[05:04:45 WARN]: 	at net.minecraft.server.network.ServerGamePacketListenerImpl.handleContainerClose(ServerGamePacketListenerImpl.java:2916)
[05:04:45 WARN]: 	at net.minecraft.network.protocol.game.ServerboundContainerClosePacket.handle(ServerboundContainerClosePacket.java:33)
[05:04:45 WARN]: 	at net.minecraft.network.protocol.game.ServerboundContainerClosePacket.handle(ServerboundContainerClosePacket.java:8)
[05:04:45 WARN]: 	at net.minecraft.network.PacketProcessor$ListenerAndPacket.handle(PacketProcessor.java:99)
[05:04:45 WARN]: 	at net.minecraft.network.PacketProcessor.executeSinglePacket(PacketProcessor.java:33)
[05:04:45 WARN]: 	at net.minecraft.server.MinecraftServer.pollTask(MinecraftServer.java:1511)
[05:04:45 WARN]: 	at net.minecraft.server.MinecraftServer.recordTaskExecutionTimeWhileWaiting(MinecraftServer.java:1229)
[05:04:45 WARN]: 	at net.minecraft.server.MinecraftServer.runServer(MinecraftServer.java:1352)
[05:04:45 WARN]: 	at net.minecraft.server.MinecraftServer.lambda$spin$2(MinecraftServer.java:384)
[05:04:45 WARN]: 	at java.base/java.lang.Thread.run(Thread.java:1474)
[05:04:45 WARN]: java.lang.NullPointerException
[05:04:45 WARN]: 	at java.base/java.util.Objects.requireNonNull(Objects.java:220)
[05:04:45 WARN]: 	at CommandPanels.jar//me.rockyhawk.commandpanels.generate.GenItemUtils.generatePanelFile(GenItemUtils.java:121)
[05:04:45 WARN]: 	at CommandPanels.jar//me.rockyhawk.commandpanels.generate.GenUtils.generatePanel(GenUtils.java:111)
[05:04:45 WARN]: 	at CommandPanels.jar//me.rockyhawk.commandpanels.generate.GenUtils.onInventoryClose(GenUtils.java:46)
[05:04:45 WARN]: 	at co.aikar.timings.TimedEventExecutor.execute(TimedEventExecutor.java:80)
[05:04:45 WARN]: 	at org.bukkit.plugin.RegisteredListener.callEvent(RegisteredListener.java:71)
[05:04:45 WARN]: 	at io.papermc.paper.plugin.manager.PaperEventManager.callEvent(PaperEventManager.java:54)
[05:04:45 WARN]: 	at io.papermc.paper.plugin.manager.PaperPluginManagerImpl.callEvent(PaperPluginManagerImpl.java:131)
[05:04:45 WARN]: 	at org.bukkit.plugin.SimplePluginManager.callEvent(SimplePluginManager.java:628)
[05:04:45 WARN]: 	at org.bukkit.craftbukkit.event.CraftEventFactory.handleInventoryCloseEvent(CraftEventFactory.java:1464)
[05:04:45 WARN]: 	at net.minecraft.server.network.ServerGamePacketListenerImpl.handleContainerClose(ServerGamePacketListenerImpl.java:2924)
[05:04:45 WARN]: 	at net.minecraft.server.network.ServerGamePacketListenerImpl.handleContainerClose(ServerGamePacketListenerImpl.java:2916)
[05:04:45 WARN]: 	at net.minecraft.network.protocol.game.ServerboundContainerClosePacket.handle(ServerboundContainerClosePacket.java:33)
[05:04:45 WARN]: 	at net.minecraft.network.protocol.game.ServerboundContainerClosePacket.handle(ServerboundContainerClosePacket.java:8)
[05:04:45 WARN]: 	at net.minecraft.network.PacketProcessor$ListenerAndPacket.handle(PacketProcessor.java:99)
[05:04:45 WARN]: 	at net.minecraft.network.PacketProcessor.executeSinglePacket(PacketProcessor.java:33)
[05:04:45 WARN]: 	at net.minecraft.server.MinecraftServer.pollTask(MinecraftServer.java:1511)
[05:04:45 WARN]: 	at net.minecraft.server.MinecraftServer.recordTaskExecutionTimeWhileWaiting(MinecraftServer.java:1229)
[05:04:45 WARN]: 	at net.minecraft.server.MinecraftServer.runServer(MinecraftServer.java:1352)
[05:04:45 WARN]: 	at net.minecraft.server.MinecraftServer.lambda$spin$2(MinecraftServer.java:384)
[05:04:45 WARN]: 	at java.base/java.lang.Thread.run(Thread.java:1474)
[05:04:45 WARN]: java.lang.NullPointerException
[05:04:45 WARN]: 	at java.base/java.util.Objects.requireNonNull(Objects.java:220)
[05:04:45 WARN]: 	at CommandPanels.jar//me.rockyhawk.commandpanels.generate.GenItemUtils.generatePanelFile(GenItemUtils.java:121)
[05:04:45 WARN]: 	at CommandPanels.jar//me.rockyhawk.commandpanels.generate.GenUtils.generatePanel(GenUtils.java:111)
[05:04:45 WARN]: 	at CommandPanels.jar//me.rockyhawk.commandpanels.generate.GenUtils.onInventoryClose(GenUtils.java:46)
[05:04:45 WARN]: 	at co.aikar.timings.TimedEventExecutor.execute(TimedEventExecutor.java:80)
[05:04:45 WARN]: 	at org.bukkit.plugin.RegisteredListener.callEvent(RegisteredListener.java:71)
[05:04:45 WARN]: 	at io.papermc.paper.plugin.manager.PaperEventManager.callEvent(PaperEventManager.java:54)
[05:04:45 WARN]: 	at io.papermc.paper.plugin.manager.PaperPluginManagerImpl.callEvent(PaperPluginManagerImpl.java:131)
[05:04:45 WARN]: 	at org.bukkit.plugin.SimplePluginManager.callEvent(SimplePluginManager.java:628)
[05:04:45 WARN]: 	at org.bukkit.craftbukkit.event.CraftEventFactory.handleInventoryCloseEvent(CraftEventFactory.java:1464)
[05:04:45 WARN]: 	at net.minecraft.server.network.ServerGamePacketListenerImpl.handleContainerClose(ServerGamePacketListenerImpl.java:2924)
[05:04:45 WARN]: 	at net.minecraft.server.network.ServerGamePacketListenerImpl.handleContainerClose(ServerGamePacketListenerImpl.java:2916)
[05:04:45 WARN]: 	at net.minecraft.network.protocol.game.ServerboundContainerClosePacket.handle(ServerboundContainerClosePacket.java:33)
[05:04:45 WARN]: 	at net.minecraft.network.protocol.game.ServerboundContainerClosePacket.handle(ServerboundContainerClosePacket.java:8)
[05:04:45 WARN]: 	at net.minecraft.network.PacketProcessor$ListenerAndPacket.handle(PacketProcessor.java:99)
[05:04:45 WARN]: 	at net.minecraft.network.PacketProcessor.executeSinglePacket(PacketProcessor.java:33)
[05:04:45 WARN]: 	at net.minecraft.server.MinecraftServer.pollTask(MinecraftServer.java:1511)
[05:04:45 WARN]: 	at net.minecraft.server.MinecraftServer.recordTaskExecutionTimeWhileWaiting(MinecraftServer.java:1229)
[05:04:45 WARN]: 	at net.minecraft.server.MinecraftServer.runServer(MinecraftServer.java:1352)
[05:04:45 WARN]: 	at net.minecraft.server.MinecraftServer.lambda$spin$2(MinecraftServer.java:384)
[05:04:45 WARN]: 	at java.base/java.lang.Thread.run(Thread.java:1474)
[05:04:45 WARN]: java.lang.NullPointerException
[05:04:45 WARN]: 	at java.base/java.util.Objects.requireNonNull(Objects.java:220)
[05:04:45 WARN]: 	at CommandPanels.jar//me.rockyhawk.commandpanels.generate.GenItemUtils.generatePanelFile(GenItemUtils.java:121)
[05:04:45 WARN]: 	at CommandPanels.jar//me.rockyhawk.commandpanels.generate.GenUtils.generatePanel(GenUtils.java:111)
[05:04:45 WARN]: 	at CommandPanels.jar//me.rockyhawk.commandpanels.generate.GenUtils.onInventoryClose(GenUtils.java:46)
[05:04:45 WARN]: 	at co.aikar.timings.TimedEventExecutor.execute(TimedEventExecutor.java:80)
[05:04:45 WARN]: 	at org.bukkit.plugin.RegisteredListener.callEvent(RegisteredListener.java:71)
[05:04:45 WARN]: 	at io.papermc.paper.plugin.manager.PaperEventManager.callEvent(PaperEventManager.java:54)
[05:04:45 WARN]: 	at io.papermc.paper.plugin.manager.PaperPluginManagerImpl.callEvent(PaperPluginManagerImpl.java:131)
[05:04:45 WARN]: 	at org.bukkit.plugin.SimplePluginManager.callEvent(SimplePluginManager.java:628)
[05:04:45 WARN]: 	at org.bukkit.craftbukkit.event.CraftEventFactory.handleInventoryCloseEvent(CraftEventFactory.java:1464)
[05:04:45 WARN]: 	at net.minecraft.server.network.ServerGamePacketListenerImpl.handleContainerClose(ServerGamePacketListenerImpl.java:2924)
[05:04:45 WARN]: 	at net.minecraft.server.network.ServerGamePacketListenerImpl.handleContainerClose(ServerGamePacketListenerImpl.java:2916)
[05:04:45 WARN]: 	at net.minecraft.network.protocol.game.ServerboundContainerClosePacket.handle(ServerboundContainerClosePacket.java:33)
[05:04:45 WARN]: 	at net.minecraft.network.protocol.game.ServerboundContainerClosePacket.handle(ServerboundContainerClosePacket.java:8)
[05:04:45 WARN]: 	at net.minecraft.network.PacketProcessor$ListenerAndPacket.handle(PacketProcessor.java:99)
[05:04:45 WARN]: 	at net.minecraft.network.PacketProcessor.executeSinglePacket(PacketProcessor.java:33)
[05:04:45 WARN]: 	at net.minecraft.server.MinecraftServer.pollTask(MinecraftServer.java:1511)
[05:04:45 WARN]: 	at net.minecraft.server.MinecraftServer.recordTaskExecutionTimeWhileWaiting(MinecraftServer.java:1229)
[05:04:45 WARN]: 	at net.minecraft.server.MinecraftServer.runServer(MinecraftServer.java:1352)
[05:04:45 WARN]: 	at net.minecraft.server.MinecraftServer.lambda$spin$2(MinecraftServer.java:384)
[05:04:45 WARN]: 	at java.base/java.lang.Thread.run(Thread.java:1474)
[05:04:45 WARN]: java.lang.NullPointerException
[05:04:45 WARN]: 	at java.base/java.util.Objects.requireNonNull(Objects.java:220)
[05:04:45 WARN]: 	at CommandPanels.jar//me.rockyhawk.commandpanels.generate.GenItemUtils.generatePanelFile(GenItemUtils.java:121)
[05:04:45 WARN]: 	at CommandPanels.jar//me.rockyhawk.commandpanels.generate.GenUtils.generatePanel(GenUtils.java:111)
[05:04:45 WARN]: 	at CommandPanels.jar//me.rockyhawk.commandpanels.generate.GenUtils.onInventoryClose(GenUtils.java:46)
[05:04:45 WARN]: 	at co.aikar.timings.TimedEventExecutor.execute(TimedEventExecutor.java:80)
[05:04:45 WARN]: 	at org.bukkit.plugin.RegisteredListener.callEvent(RegisteredListener.java:71)
[05:04:45 WARN]: 	at io.papermc.paper.plugin.manager.PaperEventManager.callEvent(PaperEventManager.java:54)
[05:04:45 WARN]: 	at io.papermc.paper.plugin.manager.PaperPluginManagerImpl.callEvent(PaperPluginManagerImpl.java:131)
[05:04:45 WARN]: 	at org.bukkit.plugin.SimplePluginManager.callEvent(SimplePluginManager.java:628)
[05:04:45 WARN]: 	at org.bukkit.craftbukkit.event.CraftEventFactory.handleInventoryCloseEvent(CraftEventFactory.java:1464)
[05:04:45 WARN]: 	at net.minecraft.server.network.ServerGamePacketListenerImpl.handleContainerClose(ServerGamePacketListenerImpl.java:2924)
[05:04:45 WARN]: 	at net.minecraft.server.network.ServerGamePacketListenerImpl.handleContainerClose(ServerGamePacketListenerImpl.java:2916)
[05:04:45 WARN]: 	at net.minecraft.network.protocol.game.ServerboundContainerClosePacket.handle(ServerboundContainerClosePacket.java:33)
[05:04:45 WARN]: 	at net.minecraft.network.protocol.game.ServerboundContainerClosePacket.handle(ServerboundContainerClosePacket.java:8)
[05:04:45 WARN]: 	at net.minecraft.network.PacketProcessor$ListenerAndPacket.handle(PacketProcessor.java:99)
[05:04:45 WARN]: 	at net.minecraft.network.PacketProcessor.executeSinglePacket(PacketProcessor.java:33)
[05:04:45 WARN]: 	at net.minecraft.server.MinecraftServer.pollTask(MinecraftServer.java:1511)
[05:04:45 WARN]: 	at net.minecraft.server.MinecraftServer.recordTaskExecutionTimeWhileWaiting(MinecraftServer.java:1229)
[05:04:45 WARN]: 	at net.minecraft.server.MinecraftServer.runServer(MinecraftServer.java:1352)
[05:04:45 WARN]: 	at net.minecraft.server.MinecraftServer.lambda$spin$2(MinecraftServer.java:384)
[05:04:45 WARN]: 	at java.base/java.lang.Thread.run(Thread.java:1474)
[05:04:45 WARN]: java.lang.NullPointerException
[05:04:45 WARN]: 	at java.base/java.util.Objects.requireNonNull(Objects.java:220)
[05:04:45 WARN]: 	at CommandPanels.jar//me.rockyhawk.commandpanels.generate.GenItemUtils.generatePanelFile(GenItemUtils.java:121)
[05:04:45 WARN]: 	at CommandPanels.jar//me.rockyhawk.commandpanels.generate.GenUtils.generatePanel(GenUtils.java:111)
[05:04:45 WARN]: 	at CommandPanels.jar//me.rockyhawk.commandpanels.generate.GenUtils.onInventoryClose(GenUtils.java:46)
[05:04:45 WARN]: 	at co.aikar.timings.TimedEventExecutor.execute(TimedEventExecutor.java:80)
[05:04:45 WARN]: 	at org.bukkit.plugin.RegisteredListener.callEvent(RegisteredListener.java:71)
[05:04:45 WARN]: 	at io.papermc.paper.plugin.manager.PaperEventManager.callEvent(PaperEventManager.java:54)
[05:04:45 WARN]: 	at io.papermc.paper.plugin.manager.PaperPluginManagerImpl.callEvent(PaperPluginManagerImpl.java:131)
[05:04:45 WARN]: 	at org.bukkit.plugin.SimplePluginManager.callEvent(SimplePluginManager.java:628)
[05:04:45 WARN]: 	at org.bukkit.craftbukkit.event.CraftEventFactory.handleInventoryCloseEvent(CraftEventFactory.java:1464)
[05:04:45 WARN]: 	at net.minecraft.server.network.ServerGamePacketListenerImpl.handleContainerClose(ServerGamePacketListenerImpl.java:2924)
[05:04:45 WARN]: 	at net.minecraft.server.network.ServerGamePacketListenerImpl.handleContainerClose(ServerGamePacketListenerImpl.java:2916)
[05:04:45 WARN]: 	at net.minecraft.network.protocol.game.ServerboundContainerClosePacket.handle(ServerboundContainerClosePacket.java:33)
[05:04:45 WARN]: 	at net.minecraft.network.protocol.game.ServerboundContainerClosePacket.handle(ServerboundContainerClosePacket.java:8)
[05:04:45 WARN]: 	at net.minecraft.network.PacketProcessor$ListenerAndPacket.handle(PacketProcessor.java:99)
[05:04:45 WARN]: 	at net.minecraft.network.PacketProcessor.executeSinglePacket(PacketProcessor.java:33)
[05:04:45 WARN]: 	at net.minecraft.server.MinecraftServer.pollTask(MinecraftServer.java:1511)
[05:04:45 WARN]: 	at net.minecraft.server.MinecraftServer.recordTaskExecutionTimeWhileWaiting(MinecraftServer.java:1229)
[05:04:45 WARN]: 	at net.minecraft.server.MinecraftServer.runServer(MinecraftServer.java:1352)
[05:04:45 WARN]: 	at net.minecraft.server.MinecraftServer.lambda$spin$2(MinecraftServer.java:384)
[05:04:45 WARN]: 	at java.base/java.lang.Thread.run(Thread.java:1474)
[05:04:45 WARN]: java.lang.NullPointerException
[05:04:45 WARN]: 	at java.base/java.util.Objects.requireNonNull(Objects.java:220)
[05:04:45 WARN]: 	at CommandPanels.jar//me.rockyhawk.commandpanels.generate.GenItemUtils.generatePanelFile(GenItemUtils.java:121)
[05:04:45 WARN]: 	at CommandPanels.jar//me.rockyhawk.commandpanels.generate.GenUtils.generatePanel(GenUtils.java:111)
[05:04:45 WARN]: 	at CommandPanels.jar//me.rockyhawk.commandpanels.generate.GenUtils.onInventoryClose(GenUtils.java:46)
[05:04:45 WARN]: 	at co.aikar.timings.TimedEventExecutor.execute(TimedEventExecutor.java:80)
[05:04:45 WARN]: 	at org.bukkit.plugin.RegisteredListener.callEvent(RegisteredListener.java:71)
[05:04:45 WARN]: 	at io.papermc.paper.plugin.manager.PaperEventManager.callEvent(PaperEventManager.java:54)
[05:04:45 WARN]: 	at io.papermc.paper.plugin.manager.PaperPluginManagerImpl.callEvent(PaperPluginManagerImpl.java:131)
[05:04:45 WARN]: 	at org.bukkit.plugin.SimplePluginManager.callEvent(SimplePluginManager.java:628)
[05:04:45 WARN]: 	at org.bukkit.craftbukkit.event.CraftEventFactory.handleInventoryCloseEvent(CraftEventFactory.java:1464)
[05:04:45 WARN]: 	at net.minecraft.server.network.ServerGamePacketListenerImpl.handleContainerClose(ServerGamePacketListenerImpl.java:2924)
[05:04:45 WARN]: 	at net.minecraft.server.network.ServerGamePacketListenerImpl.handleContainerClose(ServerGamePacketListenerImpl.java:2916)
[05:04:45 WARN]: 	at net.minecraft.network.protocol.game.ServerboundContainerClosePacket.handle(ServerboundContainerClosePacket.java:33)
[05:04:45 WARN]: 	at net.minecraft.network.protocol.game.ServerboundContainerClosePacket.handle(ServerboundContainerClosePacket.java:8)
[05:04:45 WARN]: 	at net.minecraft.network.PacketProcessor$ListenerAndPacket.handle(PacketProcessor.java:99)
[05:04:45 WARN]: 	at net.minecraft.network.PacketProcessor.executeSinglePacket(PacketProcessor.java:33)
[05:04:45 WARN]: 	at net.minecraft.server.MinecraftServer.pollTask(MinecraftServer.java:1511)
[05:04:45 WARN]: 	at net.minecraft.server.MinecraftServer.recordTaskExecutionTimeWhileWaiting(MinecraftServer.java:1229)
[05:04:45 WARN]: 	at net.minecraft.server.MinecraftServer.runServer(MinecraftServer.java:1352)
[05:04:45 WARN]: 	at net.minecraft.server.MinecraftServer.lambda$spin$2(MinecraftServer.java:384)
[05:04:45 WARN]: 	at java.base/java.lang.Thread.run(Thread.java:1474)
[05:04:45 WARN]: java.lang.NullPointerException
[05:04:45 WARN]: 	at java.base/java.util.Objects.requireNonNull(Objects.java:220)
[05:04:45 WARN]: 	at CommandPanels.jar//me.rockyhawk.commandpanels.generate.GenItemUtils.generatePanelFile(GenItemUtils.java:121)
[05:04:45 WARN]: 	at CommandPanels.jar//me.rockyhawk.commandpanels.generate.GenUtils.generatePanel(GenUtils.java:111)
[05:04:45 WARN]: 	at CommandPanels.jar//me.rockyhawk.commandpanels.generate.GenUtils.onInventoryClose(GenUtils.java:46)
[05:04:45 WARN]: 	at co.aikar.timings.TimedEventExecutor.execute(TimedEventExecutor.java:80)
[05:04:45 WARN]: 	at org.bukkit.plugin.RegisteredListener.callEvent(RegisteredListener.java:71)
[05:04:45 WARN]: 	at io.papermc.paper.plugin.manager.PaperEventManager.callEvent(PaperEventManager.java:54)
[05:04:45 WARN]: 	at io.papermc.paper.plugin.manager.PaperPluginManagerImpl.callEvent(PaperPluginManagerImpl.java:131)
[05:04:45 WARN]: 	at org.bukkit.plugin.SimplePluginManager.callEvent(SimplePluginManager.java:628)
[05:04:45 WARN]: 	at org.bukkit.craftbukkit.event.CraftEventFactory.handleInventoryCloseEvent(CraftEventFactory.java:1464)
[05:04:45 WARN]: 	at net.minecraft.server.network.ServerGamePacketListenerImpl.handleContainerClose(ServerGamePacketListenerImpl.java:2924)
[05:04:45 WARN]: 	at net.minecraft.server.network.ServerGamePacketListenerImpl.handleContainerClose(ServerGamePacketListenerImpl.java:2916)
[05:04:45 WARN]: 	at net.minecraft.network.protocol.game.ServerboundContainerClosePacket.handle(ServerboundContainerClosePacket.java:33)
[05:04:45 WARN]: 	at net.minecraft.network.protocol.game.ServerboundContainerClosePacket.handle(ServerboundContainerClosePacket.java:8)
[05:04:45 WARN]: 	at net.minecraft.network.PacketProcessor$ListenerAndPacket.handle(PacketProcessor.java:99)
[05:04:45 WARN]: 	at net.minecraft.network.PacketProcessor.executeSinglePacket(PacketProcessor.java:33)
[05:04:45 WARN]: 	at net.minecraft.server.MinecraftServer.pollTask(MinecraftServer.java:1511)
[05:04:45 WARN]: 	at net.minecraft.server.MinecraftServer.recordTaskExecutionTimeWhileWaiting(MinecraftServer.java:1229)
[05:04:45 WARN]: 	at net.minecraft.server.MinecraftServer.runServer(MinecraftServer.java:1352)
[05:04:45 WARN]: 	at net.minecraft.server.MinecraftServer.lambda$spin$2(MinecraftServer.java:384)
[05:04:45 WARN]: 	at java.base/java.lang.Thread.run(Thread.java:1474)
[05:04:45 WARN]: java.lang.NullPointerException
[05:04:45 WARN]: 	at java.base/java.util.Objects.requireNonNull(Objects.java:220)
[05:04:45 WARN]: 	at CommandPanels.jar//me.rockyhawk.commandpanels.generate.GenItemUtils.generatePanelFile(GenItemUtils.java:121)
[05:04:45 WARN]: 	at CommandPanels.jar//me.rockyhawk.commandpanels.generate.GenUtils.generatePanel(GenUtils.java:111)
[05:04:45 WARN]: 	at CommandPanels.jar//me.rockyhawk.commandpanels.generate.GenUtils.onInventoryClose(GenUtils.java:46)
[05:04:45 WARN]: 	at co.aikar.timings.TimedEventExecutor.execute(TimedEventExecutor.java:80)
[05:04:45 WARN]: 	at org.bukkit.plugin.RegisteredListener.callEvent(RegisteredListener.java:71)
[05:04:45 WARN]: 	at io.papermc.paper.plugin.manager.PaperEventManager.callEvent(PaperEventManager.java:54)
[05:04:45 WARN]: 	at io.papermc.paper.plugin.manager.PaperPluginManagerImpl.callEvent(PaperPluginManagerImpl.java:131)
[05:04:45 WARN]: 	at org.bukkit.plugin.SimplePluginManager.callEvent(SimplePluginManager.java:628)
[05:04:45 WARN]: 	at org.bukkit.craftbukkit.event.CraftEventFactory.handleInventoryCloseEvent(CraftEventFactory.java:1464)
[05:04:45 WARN]: 	at net.minecraft.server.network.ServerGamePacketListenerImpl.handleContainerClose(ServerGamePacketListenerImpl.java:2924)
[05:04:45 WARN]: 	at net.minecraft.server.network.ServerGamePacketListenerImpl.handleContainerClose(ServerGamePacketListenerImpl.java:2916)
[05:04:45 WARN]: 	at net.minecraft.network.protocol.game.ServerboundContainerClosePacket.handle(ServerboundContainerClosePacket.java:33)
[05:04:45 WARN]: 	at net.minecraft.network.protocol.game.ServerboundContainerClosePacket.handle(ServerboundContainerClosePacket.java:8)
[05:04:45 WARN]: 	at net.minecraft.network.PacketProcessor$ListenerAndPacket.handle(PacketProcessor.java:99)
[05:04:45 WARN]: 	at net.minecraft.network.PacketProcessor.executeSinglePacket(PacketProcessor.java:33)
[05:04:45 WARN]: 	at net.minecraft.server.MinecraftServer.pollTask(MinecraftServer.java:1511)
[05:04:45 WARN]: 	at net.minecraft.server.MinecraftServer.recordTaskExecutionTimeWhileWaiting(MinecraftServer.java:1229)
[05:04:45 WARN]: 	at net.minecraft.server.MinecraftServer.runServer(MinecraftServer.java:1352)
[05:04:45 WARN]: 	at net.minecraft.server.MinecraftServer.lambda$spin$2(MinecraftServer.java:384)
[05:04:45 WARN]: 	at java.base/java.lang.Thread.run(Thread.java:1474)
[05:04:45 WARN]: java.lang.NullPointerException
[05:04:45 WARN]: 	at java.base/java.util.Objects.requireNonNull(Objects.java:220)
[05:04:45 WARN]: 	at CommandPanels.jar//me.rockyhawk.commandpanels.generate.GenItemUtils.generatePanelFile(GenItemUtils.java:121)
[05:04:45 WARN]: 	at CommandPanels.jar//me.rockyhawk.commandpanels.generate.GenUtils.generatePanel(GenUtils.java:111)
[05:04:45 WARN]: 	at CommandPanels.jar//me.rockyhawk.commandpanels.generate.GenUtils.onInventoryClose(GenUtils.java:46)
[05:04:45 WARN]: 	at co.aikar.timings.TimedEventExecutor.execute(TimedEventExecutor.java:80)
[05:04:45 WARN]: 	at org.bukkit.plugin.RegisteredListener.callEvent(RegisteredListener.java:71)
[05:04:45 WARN]: 	at io.papermc.paper.plugin.manager.PaperEventManager.callEvent(PaperEventManager.java:54)
[05:04:45 WARN]: 	at io.papermc.paper.plugin.manager.PaperPluginManagerImpl.callEvent(PaperPluginManagerImpl.java:131)
[05:04:45 WARN]: 	at org.bukkit.plugin.SimplePluginManager.callEvent(SimplePluginManager.java:628)
[05:04:45 WARN]: 	at org.bukkit.craftbukkit.event.CraftEventFactory.handleInventoryCloseEvent(CraftEventFactory.java:1464)
[05:04:45 WARN]: 	at net.minecraft.server.network.ServerGamePacketListenerImpl.handleContainerClose(ServerGamePacketListenerImpl.java:2924)
[05:04:45 WARN]: 	at net.minecraft.server.network.ServerGamePacketListenerImpl.handleContainerClose(ServerGamePacketListenerImpl.java:2916)
[05:04:45 WARN]: 	at net.minecraft.network.protocol.game.ServerboundContainerClosePacket.handle(ServerboundContainerClosePacket.java:33)
[05:04:45 WARN]: 	at net.minecraft.network.protocol.game.ServerboundContainerClosePacket.handle(ServerboundContainerClosePacket.java:8)
[05:04:45 WARN]: 	at net.minecraft.network.PacketProcessor$ListenerAndPacket.handle(PacketProcessor.java:99)
[05:04:45 WARN]: 	at net.minecraft.network.PacketProcessor.executeSinglePacket(PacketProcessor.java:33)
[05:04:45 WARN]: 	at net.minecraft.server.MinecraftServer.pollTask(MinecraftServer.java:1511)
[05:04:45 WARN]: 	at net.minecraft.server.MinecraftServer.recordTaskExecutionTimeWhileWaiting(MinecraftServer.java:1229)
[05:04:45 WARN]: 	at net.minecraft.server.MinecraftServer.runServer(MinecraftServer.java:1352)
[05:04:45 WARN]: 	at net.minecraft.server.MinecraftServer.lambda$spin$2(MinecraftServer.java:384)
[05:04:45 WARN]: 	at java.base/java.lang.Thread.run(Thread.java:1474)
[05:04:45 WARN]: java.lang.NullPointerException
[05:04:45 WARN]: 	at java.base/java.util.Objects.requireNonNull(Objects.java:220)
[05:04:45 WARN]: 	at CommandPanels.jar//me.rockyhawk.commandpanels.generate.GenItemUtils.generatePanelFile(GenItemUtils.java:121)
[05:04:45 WARN]: 	at CommandPanels.jar//me.rockyhawk.commandpanels.generate.GenUtils.generatePanel(GenUtils.java:111)
[05:04:45 WARN]: 	at CommandPanels.jar//me.rockyhawk.commandpanels.generate.GenUtils.onInventoryClose(GenUtils.java:46)
[05:04:45 WARN]: 	at co.aikar.timings.TimedEventExecutor.execute(TimedEventExecutor.java:80)
[05:04:45 WARN]: 	at org.bukkit.plugin.RegisteredListener.callEvent(RegisteredListener.java:71)
[05:04:45 WARN]: 	at io.papermc.paper.plugin.manager.PaperEventManager.callEvent(PaperEventManager.java:54)
[05:04:45 WARN]: 	at io.papermc.paper.plugin.manager.PaperPluginManagerImpl.callEvent(PaperPluginManagerImpl.java:131)
[05:04:45 WARN]: 	at org.bukkit.plugin.SimplePluginManager.callEvent(SimplePluginManager.java:628)
[05:04:45 WARN]: 	at org.bukkit.craftbukkit.event.CraftEventFactory.handleInventoryCloseEvent(CraftEventFactory.java:1464)
[05:04:45 WARN]: 	at net.minecraft.server.network.ServerGamePacketListenerImpl.handleContainerClose(ServerGamePacketListenerImpl.java:2924)
[05:04:45 WARN]: 	at net.minecraft.server.network.ServerGamePacketListenerImpl.handleContainerClose(ServerGamePacketListenerImpl.java:2916)
[05:04:45 WARN]: 	at net.minecraft.network.protocol.game.ServerboundContainerClosePacket.handle(ServerboundContainerClosePacket.java:33)
[05:04:45 WARN]: 	at net.minecraft.network.protocol.game.ServerboundContainerClosePacket.handle(ServerboundContainerClosePacket.java:8)
[05:04:45 WARN]: 	at net.minecraft.network.PacketProcessor$ListenerAndPacket.handle(PacketProcessor.java:99)
[05:04:45 WARN]: 	at net.minecraft.network.PacketProcessor.executeSinglePacket(PacketProcessor.java:33)
[05:04:45 WARN]: 	at net.minecraft.server.MinecraftServer.pollTask(MinecraftServer.java:1511)
[05:04:45 WARN]: 	at net.minecraft.server.MinecraftServer.recordTaskExecutionTimeWhileWaiting(MinecraftServer.java:1229)
[05:04:45 WARN]: 	at net.minecraft.server.MinecraftServer.runServer(MinecraftServer.java:1352)
[05:04:45 WARN]: 	at net.minecraft.server.MinecraftServer.lambda$spin$2(MinecraftServer.java:384)
[05:04:45 WARN]: 	at java.base/java.lang.Thread.run(Thread.java:1474)
[05:04:45 WARN]: java.lang.NullPointerException
[05:04:45 WARN]: 	at java.base/java.util.Objects.requireNonNull(Objects.java:220)
[05:04:45 WARN]: 	at CommandPanels.jar//me.rockyhawk.commandpanels.generate.GenItemUtils.generatePanelFile(GenItemUtils.java:121)
[05:04:45 WARN]: 	at CommandPanels.jar//me.rockyhawk.commandpanels.generate.GenUtils.generatePanel(GenUtils.java:111)
[05:04:45 WARN]: 	at CommandPanels.jar//me.rockyhawk.commandpanels.generate.GenUtils.onInventoryClose(GenUtils.java:46)
[05:04:45 WARN]: 	at co.aikar.timings.TimedEventExecutor.execute(TimedEventExecutor.java:80)
[05:04:45 WARN]: 	at org.bukkit.plugin.RegisteredListener.callEvent(RegisteredListener.java:71)
[05:04:45 WARN]: 	at io.papermc.paper.plugin.manager.PaperEventManager.callEvent(PaperEventManager.java:54)
[05:04:45 WARN]: 	at io.papermc.paper.plugin.manager.PaperPluginManagerImpl.callEvent(PaperPluginManagerImpl.java:131)
[05:04:45 WARN]: 	at org.bukkit.plugin.SimplePluginManager.callEvent(SimplePluginManager.java:628)
[05:04:45 WARN]: 	at org.bukkit.craftbukkit.event.CraftEventFactory.handleInventoryCloseEvent(CraftEventFactory.java:1464)
[05:04:45 WARN]: 	at net.minecraft.server.network.ServerGamePacketListenerImpl.handleContainerClose(ServerGamePacketListenerImpl.java:2924)
[05:04:45 WARN]: 	at net.minecraft.server.network.ServerGamePacketListenerImpl.handleContainerClose(ServerGamePacketListenerImpl.java:2916)
[05:04:45 WARN]: 	at net.minecraft.network.protocol.game.ServerboundContainerClosePacket.handle(ServerboundContainerClosePacket.java:33)
[05:04:45 WARN]: 	at net.minecraft.network.protocol.game.ServerboundContainerClosePacket.handle(ServerboundContainerClosePacket.java:8)
[05:04:45 WARN]: 	at net.minecraft.network.PacketProcessor$ListenerAndPacket.handle(PacketProcessor.java:99)
[05:04:45 WARN]: 	at net.minecraft.network.PacketProcessor.executeSinglePacket(PacketProcessor.java:33)
[05:04:45 WARN]: 	at net.minecraft.server.MinecraftServer.pollTask(MinecraftServer.java:1511)
[05:04:45 WARN]: 	at net.minecraft.server.MinecraftServer.recordTaskExecutionTimeWhileWaiting(MinecraftServer.java:1229)
[05:04:45 WARN]: 	at net.minecraft.server.MinecraftServer.runServer(MinecraftServer.java:1352)
[05:04:45 WARN]: 	at net.minecraft.server.MinecraftServer.lambda$spin$2(MinecraftServer.java:384)
[05:04:45 WARN]: 	at java.base/java.lang.Thread.run(Thread.java:1474)
[05:04:45 WARN]: java.lang.NullPointerException
[05:04:45 WARN]: 	at java.base/java.util.Objects.requireNonNull(Objects.java:220)
[05:04:45 WARN]: 	at CommandPanels.jar//me.rockyhawk.commandpanels.generate.GenItemUtils.generatePanelFile(GenItemUtils.java:121)
[05:04:45 WARN]: 	at CommandPanels.jar//me.rockyhawk.commandpanels.generate.GenUtils.generatePanel(GenUtils.java:111)
[05:04:45 WARN]: 	at CommandPanels.jar//me.rockyhawk.commandpanels.generate.GenUtils.onInventoryClose(GenUtils.java:46)
[05:04:45 WARN]: 	at co.aikar.timings.TimedEventExecutor.execute(TimedEventExecutor.java:80)
[05:04:45 WARN]: 	at org.bukkit.plugin.RegisteredListener.callEvent(RegisteredListener.java:71)
[05:04:45 WARN]: 	at io.papermc.paper.plugin.manager.PaperEventManager.callEvent(PaperEventManager.java:54)
[05:04:45 WARN]: 	at io.papermc.paper.plugin.manager.PaperPluginManagerImpl.callEvent(PaperPluginManagerImpl.java:131)
[05:04:45 WARN]: 	at org.bukkit.plugin.SimplePluginManager.callEvent(SimplePluginManager.java:628)
[05:04:45 WARN]: 	at org.bukkit.craftbukkit.event.CraftEventFactory.handleInventoryCloseEvent(CraftEventFactory.java:1464)
[05:04:45 WARN]: 	at net.minecraft.server.network.ServerGamePacketListenerImpl.handleContainerClose(ServerGamePacketListenerImpl.java:2924)
[05:04:45 WARN]: 	at net.minecraft.server.network.ServerGamePacketListenerImpl.handleContainerClose(ServerGamePacketListenerImpl.java:2916)
[05:04:45 WARN]: 	at net.minecraft.network.protocol.game.ServerboundContainerClosePacket.handle(ServerboundContainerClosePacket.java:33)
[05:04:45 WARN]: 	at net.minecraft.network.protocol.game.ServerboundContainerClosePacket.handle(ServerboundContainerClosePacket.java:8)
[05:04:45 WARN]: 	at net.minecraft.network.PacketProcessor$ListenerAndPacket.handle(PacketProcessor.java:99)
[05:04:45 WARN]: 	at net.minecraft.network.PacketProcessor.executeSinglePacket(PacketProcessor.java:33)
[05:04:45 WARN]: 	at net.minecraft.server.MinecraftServer.pollTask(MinecraftServer.java:1511)
[05:04:45 WARN]: 	at net.minecraft.server.MinecraftServer.recordTaskExecutionTimeWhileWaiting(MinecraftServer.java:1229)
[05:04:45 WARN]: 	at net.minecraft.server.MinecraftServer.runServer(MinecraftServer.java:1352)
[05:04:45 WARN]: 	at net.minecraft.server.MinecraftServer.lambda$spin$2(MinecraftServer.java:384)
[05:04:45 WARN]: 	at java.base/java.lang.Thread.run(Thread.java:1474)
[05:04:45 WARN]: java.lang.NullPointerException
[05:04:45 WARN]: 	at java.base/java.util.Objects.requireNonNull(Objects.java:220)
[05:04:45 WARN]: 	at CommandPanels.jar//me.rockyhawk.commandpanels.generate.GenItemUtils.generatePanelFile(GenItemUtils.java:121)
[05:04:45 WARN]: 	at CommandPanels.jar//me.rockyhawk.commandpanels.generate.GenUtils.generatePanel(GenUtils.java:111)
[05:04:45 WARN]: 	at CommandPanels.jar//me.rockyhawk.commandpanels.generate.GenUtils.onInventoryClose(GenUtils.java:46)
[05:04:45 WARN]: 	at co.aikar.timings.TimedEventExecutor.execute(TimedEventExecutor.java:80)
[05:04:45 WARN]: 	at org.bukkit.plugin.RegisteredListener.callEvent(RegisteredListener.java:71)
[05:04:45 WARN]: 	at io.papermc.paper.plugin.manager.PaperEventManager.callEvent(PaperEventManager.java:54)
[05:04:45 WARN]: 	at io.papermc.paper.plugin.manager.PaperPluginManagerImpl.callEvent(PaperPluginManagerImpl.java:131)
[05:04:45 WARN]: 	at org.bukkit.plugin.SimplePluginManager.callEvent(SimplePluginManager.java:628)
[05:04:45 WARN]: 	at org.bukkit.craftbukkit.event.CraftEventFactory.handleInventoryCloseEvent(CraftEventFactory.java:1464)
[05:04:45 WARN]: 	at net.minecraft.server.network.ServerGamePacketListenerImpl.handleContainerClose(ServerGamePacketListenerImpl.java:2924)
[05:04:45 WARN]: 	at net.minecraft.server.network.ServerGamePacketListenerImpl.handleContainerClose(ServerGamePacketListenerImpl.java:2916)
[05:04:45 WARN]: 	at net.minecraft.network.protocol.game.ServerboundContainerClosePacket.handle(ServerboundContainerClosePacket.java:33)
[05:04:45 WARN]: 	at net.minecraft.network.protocol.game.ServerboundContainerClosePacket.handle(ServerboundContainerClosePacket.java:8)
[05:04:45 WARN]: 	at net.minecraft.network.PacketProcessor$ListenerAndPacket.handle(PacketProcessor.java:99)
[05:04:45 WARN]: 	at net.minecraft.network.PacketProcessor.executeSinglePacket(PacketProcessor.java:33)
[05:04:45 WARN]: 	at net.minecraft.server.MinecraftServer.pollTask(MinecraftServer.java:1511)
[05:04:45 WARN]: 	at net.minecraft.server.MinecraftServer.recordTaskExecutionTimeWhileWaiting(MinecraftServer.java:1229)
[05:04:45 WARN]: 	at net.minecraft.server.MinecraftServer.runServer(MinecraftServer.java:1352)
[05:04:45 WARN]: 	at net.minecraft.server.MinecraftServer.lambda$spin$2(MinecraftServer.java:384)
[05:04:45 WARN]: 	at java.base/java.lang.Thread.run(Thread.java:1474)
[05:04:45 WARN]: java.lang.NullPointerException
[05:04:45 WARN]: 	at java.base/java.util.Objects.requireNonNull(Objects.java:220)
[05:04:45 WARN]: 	at CommandPanels.jar//me.rockyhawk.commandpanels.generate.GenItemUtils.generatePanelFile(GenItemUtils.java:121)
[05:04:45 WARN]: 	at CommandPanels.jar//me.rockyhawk.commandpanels.generate.GenUtils.generatePanel(GenUtils.java:111)
[05:04:45 WARN]: 	at CommandPanels.jar//me.rockyhawk.commandpanels.generate.GenUtils.onInventoryClose(GenUtils.java:46)
[05:04:45 WARN]: 	at co.aikar.timings.TimedEventExecutor.execute(TimedEventExecutor.java:80)
[05:04:45 WARN]: 	at org.bukkit.plugin.RegisteredListener.callEvent(RegisteredListener.java:71)
[05:04:45 WARN]: 	at io.papermc.paper.plugin.manager.PaperEventManager.callEvent(PaperEventManager.java:54)
[05:04:45 WARN]: 	at io.papermc.paper.plugin.manager.PaperPluginManagerImpl.callEvent(PaperPluginManagerImpl.java:131)
[05:04:45 WARN]: 	at org.bukkit.plugin.SimplePluginManager.callEvent(SimplePluginManager.java:628)
[05:04:45 WARN]: 	at org.bukkit.craftbukkit.event.CraftEventFactory.handleInventoryCloseEvent(CraftEventFactory.java:1464)
[05:04:45 WARN]: 	at net.minecraft.server.network.ServerGamePacketListenerImpl.handleContainerClose(ServerGamePacketListenerImpl.java:2924)
[05:04:45 WARN]: 	at net.minecraft.server.network.ServerGamePacketListenerImpl.handleContainerClose(ServerGamePacketListenerImpl.java:2916)
[05:04:45 WARN]: 	at net.minecraft.network.protocol.game.ServerboundContainerClosePacket.handle(ServerboundContainerClosePacket.java:33)
[05:04:45 WARN]: 	at net.minecraft.network.protocol.game.ServerboundContainerClosePacket.handle(ServerboundContainerClosePacket.java:8)
[05:04:45 WARN]: 	at net.minecraft.network.PacketProcessor$ListenerAndPacket.handle(PacketProcessor.java:99)
[05:04:45 WARN]: 	at net.minecraft.network.PacketProcessor.executeSinglePacket(PacketProcessor.java:33)
[05:04:45 WARN]: 	at net.minecraft.server.MinecraftServer.pollTask(MinecraftServer.java:1511)
[05:04:45 WARN]: 	at net.minecraft.server.MinecraftServer.recordTaskExecutionTimeWhileWaiting(MinecraftServer.java:1229)
[05:04:45 WARN]: 	at net.minecraft.server.MinecraftServer.runServer(MinecraftServer.java:1352)
[05:04:45 WARN]: 	at net.minecraft.server.MinecraftServer.lambda$spin$2(MinecraftServer.java:384)
[05:04:45 WARN]: 	at java.base/java.lang.Thread.run(Thread.java:1474)
[05:04:45 WARN]: java.lang.NullPointerException
[05:04:45 WARN]: 	at java.base/java.util.Objects.requireNonNull(Objects.java:220)
[05:04:45 WARN]: 	at CommandPanels.jar//me.rockyhawk.commandpanels.generate.GenItemUtils.generatePanelFile(GenItemUtils.java:121)
[05:04:45 WARN]: 	at CommandPanels.jar//me.rockyhawk.commandpanels.generate.GenUtils.generatePanel(GenUtils.java:111)
[05:04:45 WARN]: 	at CommandPanels.jar//me.rockyhawk.commandpanels.generate.GenUtils.onInventoryClose(GenUtils.java:46)
[05:04:45 WARN]: 	at co.aikar.timings.TimedEventExecutor.execute(TimedEventExecutor.java:80)
[05:04:45 WARN]: 	at org.bukkit.plugin.RegisteredListener.callEvent(RegisteredListener.java:71)
[05:04:45 WARN]: 	at io.papermc.paper.plugin.manager.PaperEventManager.callEvent(PaperEventManager.java:54)
[05:04:45 WARN]: 	at io.papermc.paper.plugin.manager.PaperPluginManagerImpl.callEvent(PaperPluginManagerImpl.java:131)
[05:04:45 WARN]: 	at org.bukkit.plugin.SimplePluginManager.callEvent(SimplePluginManager.java:628)
[05:04:45 WARN]: 	at org.bukkit.craftbukkit.event.CraftEventFactory.handleInventoryCloseEvent(CraftEventFactory.java:1464)
[05:04:45 WARN]: 	at net.minecraft.server.network.ServerGamePacketListenerImpl.handleContainerClose(ServerGamePacketListenerImpl.java:2924)
[05:04:45 WARN]: 	at net.minecraft.server.network.ServerGamePacketListenerImpl.handleContainerClose(ServerGamePacketListenerImpl.java:2916)
[05:04:45 WARN]: 	at net.minecraft.network.protocol.game.ServerboundContainerClosePacket.handle(ServerboundContainerClosePacket.java:33)
[05:04:45 WARN]: 	at net.minecraft.network.protocol.game.ServerboundContainerClosePacket.handle(ServerboundContainerClosePacket.java:8)
[05:04:45 WARN]: 	at net.minecraft.network.PacketProcessor$ListenerAndPacket.handle(PacketProcessor.java:99)
[05:04:45 WARN]: 	at net.minecraft.network.PacketProcessor.executeSinglePacket(PacketProcessor.java:33)
[05:04:45 WARN]: 	at net.minecraft.server.MinecraftServer.pollTask(MinecraftServer.java:1511)
[05:04:45 WARN]: 	at net.minecraft.server.MinecraftServer.recordTaskExecutionTimeWhileWaiting(MinecraftServer.java:1229)
[05:04:45 WARN]: 	at net.minecraft.server.MinecraftServer.runServer(MinecraftServer.java:1352)
[05:04:45 WARN]: 	at net.minecraft.server.MinecraftServer.lambda$spin$2(MinecraftServer.java:384)
[05:04:45 WARN]: 	at java.base/java.lang.Thread.run(Thread.java:1474)
[05:04:45 WARN]: java.lang.NullPointerException
[05:04:45 WARN]: 	at java.base/java.util.Objects.requireNonNull(Objects.java:220)
[05:04:45 WARN]: 	at CommandPanels.jar//me.rockyhawk.commandpanels.generate.GenItemUtils.generatePanelFile(GenItemUtils.java:121)
[05:04:45 WARN]: 	at CommandPanels.jar//me.rockyhawk.commandpanels.generate.GenUtils.generatePanel(GenUtils.java:111)
[05:04:45 WARN]: 	at CommandPanels.jar//me.rockyhawk.commandpanels.generate.GenUtils.onInventoryClose(GenUtils.java:46)
[05:04:45 WARN]: 	at co.aikar.timings.TimedEventExecutor.execute(TimedEventExecutor.java:80)
[05:04:45 WARN]: 	at org.bukkit.plugin.RegisteredListener.callEvent(RegisteredListener.java:71)
[05:04:45 WARN]: 	at io.papermc.paper.plugin.manager.PaperEventManager.callEvent(PaperEventManager.java:54)
[05:04:45 WARN]: 	at io.papermc.paper.plugin.manager.PaperPluginManagerImpl.callEvent(PaperPluginManagerImpl.java:131)
[05:04:45 WARN]: 	at org.bukkit.plugin.SimplePluginManager.callEvent(SimplePluginManager.java:628)
[05:04:45 WARN]: 	at org.bukkit.craftbukkit.event.CraftEventFactory.handleInventoryCloseEvent(CraftEventFactory.java:1464)
[05:04:45 WARN]: 	at net.minecraft.server.network.ServerGamePacketListenerImpl.handleContainerClose(ServerGamePacketListenerImpl.java:2924)
[05:04:45 WARN]: 	at net.minecraft.server.network.ServerGamePacketListenerImpl.handleContainerClose(ServerGamePacketListenerImpl.java:2916)
[05:04:45 WARN]: 	at net.minecraft.network.protocol.game.ServerboundContainerClosePacket.handle(ServerboundContainerClosePacket.java:33)
[05:04:45 WARN]: 	at net.minecraft.network.protocol.game.ServerboundContainerClosePacket.handle(ServerboundContainerClosePacket.java:8)
[05:04:45 WARN]: 	at net.minecraft.network.PacketProcessor$ListenerAndPacket.handle(PacketProcessor.java:99)
[05:04:45 WARN]: 	at net.minecraft.network.PacketProcessor.executeSinglePacket(PacketProcessor.java:33)
[05:04:45 WARN]: 	at net.minecraft.server.MinecraftServer.pollTask(MinecraftServer.java:1511)
[05:04:45 WARN]: 	at net.minecraft.server.MinecraftServer.recordTaskExecutionTimeWhileWaiting(MinecraftServer.java:1229)
[05:04:45 WARN]: 	at net.minecraft.server.MinecraftServer.runServer(MinecraftServer.java:1352)
[05:04:45 WARN]: 	at net.minecraft.server.MinecraftServer.lambda$spin$2(MinecraftServer.java:384)
[05:04:45 WARN]: 	at java.base/java.lang.Thread.run(Thread.java:1474)
[05:04:45 WARN]: java.lang.NullPointerException
[05:04:45 WARN]: 	at java.base/java.util.Objects.requireNonNull(Objects.java:220)
[05:04:45 WARN]: 	at CommandPanels.jar//me.rockyhawk.commandpanels.generate.GenItemUtils.generatePanelFile(GenItemUtils.java:121)
[05:04:45 WARN]: 	at CommandPanels.jar//me.rockyhawk.commandpanels.generate.GenUtils.generatePanel(GenUtils.java:111)
[05:04:45 WARN]: 	at CommandPanels.jar//me.rockyhawk.commandpanels.generate.GenUtils.onInventoryClose(GenUtils.java:46)
[05:04:45 WARN]: 	at co.aikar.timings.TimedEventExecutor.execute(TimedEventExecutor.java:80)
[05:04:45 WARN]: 	at org.bukkit.plugin.RegisteredListener.callEvent(RegisteredListener.java:71)
[05:04:45 WARN]: 	at io.papermc.paper.plugin.manager.PaperEventManager.callEvent(PaperEventManager.java:54)
[05:04:45 WARN]: 	at io.papermc.paper.plugin.manager.PaperPluginManagerImpl.callEvent(PaperPluginManagerImpl.java:131)
[05:04:45 WARN]: 	at org.bukkit.plugin.SimplePluginManager.callEvent(SimplePluginManager.java:628)
[05:04:45 WARN]: 	at org.bukkit.craftbukkit.event.CraftEventFactory.handleInventoryCloseEvent(CraftEventFactory.java:1464)
[05:04:45 WARN]: 	at net.minecraft.server.network.ServerGamePacketListenerImpl.handleContainerClose(ServerGamePacketListenerImpl.java:2924)
[05:04:45 WARN]: 	at net.minecraft.server.network.ServerGamePacketListenerImpl.handleContainerClose(ServerGamePacketListenerImpl.java:2916)
[05:04:45 WARN]: 	at net.minecraft.network.protocol.game.ServerboundContainerClosePacket.handle(ServerboundContainerClosePacket.java:33)
[05:04:45 WARN]: 	at net.minecraft.network.protocol.game.ServerboundContainerClosePacket.handle(ServerboundContainerClosePacket.java:8)
[05:04:45 WARN]: 	at net.minecraft.network.PacketProcessor$ListenerAndPacket.handle(PacketProcessor.java:99)
[05:04:45 WARN]: 	at net.minecraft.network.PacketProcessor.executeSinglePacket(PacketProcessor.java:33)
[05:04:45 WARN]: 	at net.minecraft.server.MinecraftServer.pollTask(MinecraftServer.java:1511)
[05:04:45 WARN]: 	at net.minecraft.server.MinecraftServer.recordTaskExecutionTimeWhileWaiting(MinecraftServer.java:1229)
[05:04:45 WARN]: 	at net.minecraft.server.MinecraftServer.runServer(MinecraftServer.java:1352)
[05:04:45 WARN]: 	at net.minecraft.server.MinecraftServer.lambda$spin$2(MinecraftServer.java:384)
[05:04:45 WARN]: 	at java.base/java.lang.Thread.run(Thread.java:1474)
[05:04:45 WARN]: java.lang.NullPointerException
[05:04:45 WARN]: 	at java.base/java.util.Objects.requireNonNull(Objects.java:220)
[05:04:45 WARN]: 	at CommandPanels.jar//me.rockyhawk.commandpanels.generate.GenItemUtils.generatePanelFile(GenItemUtils.java:121)
[05:04:45 WARN]: 	at CommandPanels.jar//me.rockyhawk.commandpanels.generate.GenUtils.generatePanel(GenUtils.java:111)
[05:04:45 WARN]: 	at CommandPanels.jar//me.rockyhawk.commandpanels.generate.GenUtils.onInventoryClose(GenUtils.java:46)
[05:04:45 WARN]: 	at co.aikar.timings.TimedEventExecutor.execute(TimedEventExecutor.java:80)
[05:04:45 WARN]: 	at org.bukkit.plugin.RegisteredListener.callEvent(RegisteredListener.java:71)
[05:04:45 WARN]: 	at io.papermc.paper.plugin.manager.PaperEventManager.callEvent(PaperEventManager.java:54)
[05:04:45 WARN]: 	at io.papermc.paper.plugin.manager.PaperPluginManagerImpl.callEvent(PaperPluginManagerImpl.java:131)
[05:04:45 WARN]: 	at org.bukkit.plugin.SimplePluginManager.callEvent(SimplePluginManager.java:628)
[05:04:45 WARN]: 	at org.bukkit.craftbukkit.event.CraftEventFactory.handleInventoryCloseEvent(CraftEventFactory.java:1464)
[05:04:45 WARN]: 	at net.minecraft.server.network.ServerGamePacketListenerImpl.handleContainerClose(ServerGamePacketListenerImpl.java:2924)
[05:04:45 WARN]: 	at net.minecraft.server.network.ServerGamePacketListenerImpl.handleContainerClose(ServerGamePacketListenerImpl.java:2916)
[05:04:45 WARN]: 	at net.minecraft.network.protocol.game.ServerboundContainerClosePacket.handle(ServerboundContainerClosePacket.java:33)
[05:04:45 WARN]: 	at net.minecraft.network.protocol.game.ServerboundContainerClosePacket.handle(ServerboundContainerClosePacket.java:8)
[05:04:45 WARN]: 	at net.minecraft.network.PacketProcessor$ListenerAndPacket.handle(PacketProcessor.java:99)
[05:04:45 WARN]: 	at net.minecraft.network.PacketProcessor.executeSinglePacket(PacketProcessor.java:33)
[05:04:45 WARN]: 	at net.minecraft.server.MinecraftServer.pollTask(MinecraftServer.java:1511)
[05:04:45 WARN]: 	at net.minecraft.server.MinecraftServer.recordTaskExecutionTimeWhileWaiting(MinecraftServer.java:1229)
[05:04:45 WARN]: 	at net.minecraft.server.MinecraftServer.runServer(MinecraftServer.java:1352)
[05:04:45 WARN]: 	at net.minecraft.server.MinecraftServer.lambda$spin$2(MinecraftServer.java:384)
[05:04:45 WARN]: 	at java.base/java.lang.Thread.run(Thread.java:1474)
[05:04:45 WARN]: java.lang.NullPointerException
[05:04:45 WARN]: 	at java.base/java.util.Objects.requireNonNull(Objects.java:220)
[05:04:45 WARN]: 	at CommandPanels.jar//me.rockyhawk.commandpanels.generate.GenItemUtils.generatePanelFile(GenItemUtils.java:121)
[05:04:45 WARN]: 	at CommandPanels.jar//me.rockyhawk.commandpanels.generate.GenUtils.generatePanel(GenUtils.java:111)
[05:04:45 WARN]: 	at CommandPanels.jar//me.rockyhawk.commandpanels.generate.GenUtils.onInventoryClose(GenUtils.java:46)
[05:04:45 WARN]: 	at co.aikar.timings.TimedEventExecutor.execute(TimedEventExecutor.java:80)
[05:04:45 WARN]: 	at org.bukkit.plugin.RegisteredListener.callEvent(RegisteredListener.java:71)
[05:04:45 WARN]: 	at io.papermc.paper.plugin.manager.PaperEventManager.callEvent(PaperEventManager.java:54)
[05:04:45 WARN]: 	at io.papermc.paper.plugin.manager.PaperPluginManagerImpl.callEvent(PaperPluginManagerImpl.java:131)
[05:04:45 WARN]: 	at org.bukkit.plugin.SimplePluginManager.callEvent(SimplePluginManager.java:628)
[05:04:45 WARN]: 	at org.bukkit.craftbukkit.event.CraftEventFactory.handleInventoryCloseEvent(CraftEventFactory.java:1464)
[05:04:45 WARN]: 	at net.minecraft.server.network.ServerGamePacketListenerImpl.handleContainerClose(ServerGamePacketListenerImpl.java:2924)
[05:04:45 WARN]: 	at net.minecraft.server.network.ServerGamePacketListenerImpl.handleContainerClose(ServerGamePacketListenerImpl.java:2916)
[05:04:45 WARN]: 	at net.minecraft.network.protocol.game.ServerboundContainerClosePacket.handle(ServerboundContainerClosePacket.java:33)
[05:04:45 WARN]: 	at net.minecraft.network.protocol.game.ServerboundContainerClosePacket.handle(ServerboundContainerClosePacket.java:8)
[05:04:45 WARN]: 	at net.minecraft.network.PacketProcessor$ListenerAndPacket.handle(PacketProcessor.java:99)
[05:04:45 WARN]: 	at net.minecraft.network.PacketProcessor.executeSinglePacket(PacketProcessor.java:33)
[05:04:45 WARN]: 	at net.minecraft.server.MinecraftServer.pollTask(MinecraftServer.java:1511)
[05:04:45 WARN]: 	at net.minecraft.server.MinecraftServer.recordTaskExecutionTimeWhileWaiting(MinecraftServer.java:1229)
[05:04:45 WARN]: 	at net.minecraft.server.MinecraftServer.runServer(MinecraftServer.java:1352)
[05:04:45 WARN]: 	at net.minecraft.server.MinecraftServer.lambda$spin$2(MinecraftServer.java:384)
[05:04:45 WARN]: 	at java.base/java.lang.Thread.run(Thread.java:1474)
[05:04:45 WARN]: java.lang.NullPointerException
[05:04:45 WARN]: 	at java.base/java.util.Objects.requireNonNull(Objects.java:220)
[05:04:45 WARN]: 	at CommandPanels.jar//me.rockyhawk.commandpanels.generate.GenItemUtils.generatePanelFile(GenItemUtils.java:121)
[05:04:45 WARN]: 	at CommandPanels.jar//me.rockyhawk.commandpanels.generate.GenUtils.generatePanel(GenUtils.java:111)
[05:04:45 WARN]: 	at CommandPanels.jar//me.rockyhawk.commandpanels.generate.GenUtils.onInventoryClose(GenUtils.java:46)
[05:04:45 WARN]: 	at co.aikar.timings.TimedEventExecutor.execute(TimedEventExecutor.java:80)
[05:04:45 WARN]: 	at org.bukkit.plugin.RegisteredListener.callEvent(RegisteredListener.java:71)
[05:04:45 WARN]: 	at io.papermc.paper.plugin.manager.PaperEventManager.callEvent(PaperEventManager.java:54)
[05:04:45 WARN]: 	at io.papermc.paper.plugin.manager.PaperPluginManagerImpl.callEvent(PaperPluginManagerImpl.java:131)
[05:04:45 WARN]: 	at org.bukkit.plugin.SimplePluginManager.callEvent(SimplePluginManager.java:628)
[05:04:45 WARN]: 	at org.bukkit.craftbukkit.event.CraftEventFactory.handleInventoryCloseEvent(CraftEventFactory.java:1464)
[05:04:45 WARN]: 	at net.minecraft.server.network.ServerGamePacketListenerImpl.handleContainerClose(ServerGamePacketListenerImpl.java:2924)
[05:04:45 WARN]: 	at net.minecraft.server.network.ServerGamePacketListenerImpl.handleContainerClose(ServerGamePacketListenerImpl.java:2916)
[05:04:45 WARN]: 	at net.minecraft.network.protocol.game.ServerboundContainerClosePacket.handle(ServerboundContainerClosePacket.java:33)
[05:04:45 WARN]: 	at net.minecraft.network.protocol.game.ServerboundContainerClosePacket.handle(ServerboundContainerClosePacket.java:8)
[05:04:45 WARN]: 	at net.minecraft.network.PacketProcessor$ListenerAndPacket.handle(PacketProcessor.java:99)
[05:04:45 WARN]: 	at net.minecraft.network.PacketProcessor.executeSinglePacket(PacketProcessor.java:33)
[05:04:45 WARN]: 	at net.minecraft.server.MinecraftServer.pollTask(MinecraftServer.java:1511)
[05:04:45 WARN]: 	at net.minecraft.server.MinecraftServer.recordTaskExecutionTimeWhileWaiting(MinecraftServer.java:1229)
[05:04:45 WARN]: 	at net.minecraft.server.MinecraftServer.runServer(MinecraftServer.java:1352)
[05:04:45 WARN]: 	at net.minecraft.server.MinecraftServer.lambda$spin$2(MinecraftServer.java:384)
[05:04:45 WARN]: 	at java.base/java.lang.Thread.run(Thread.java:1474)
[05:04:45 WARN]: java.lang.NullPointerException
[05:04:45 WARN]: 	at java.base/java.util.Objects.requireNonNull(Objects.java:220)
[05:04:45 WARN]: 	at CommandPanels.jar//me.rockyhawk.commandpanels.generate.GenItemUtils.generatePanelFile(GenItemUtils.java:121)
[05:04:45 WARN]: 	at CommandPanels.jar//me.rockyhawk.commandpanels.generate.GenUtils.generatePanel(GenUtils.java:111)
[05:04:45 WARN]: 	at CommandPanels.jar//me.rockyhawk.commandpanels.generate.GenUtils.onInventoryClose(GenUtils.java:46)
[05:04:45 WARN]: 	at co.aikar.timings.TimedEventExecutor.execute(TimedEventExecutor.java:80)
[05:04:45 WARN]: 	at org.bukkit.plugin.RegisteredListener.callEvent(RegisteredListener.java:71)
[05:04:45 WARN]: 	at io.papermc.paper.plugin.manager.PaperEventManager.callEvent(PaperEventManager.java:54)
[05:04:45 WARN]: 	at io.papermc.paper.plugin.manager.PaperPluginManagerImpl.callEvent(PaperPluginManagerImpl.java:131)
[05:04:45 WARN]: 	at org.bukkit.plugin.SimplePluginManager.callEvent(SimplePluginManager.java:628)
[05:04:45 WARN]: 	at org.bukkit.craftbukkit.event.CraftEventFactory.handleInventoryCloseEvent(CraftEventFactory.java:1464)
[05:04:45 WARN]: 	at net.minecraft.server.network.ServerGamePacketListenerImpl.handleContainerClose(ServerGamePacketListenerImpl.java:2924)
[05:04:45 WARN]: 	at net.minecraft.server.network.ServerGamePacketListenerImpl.handleContainerClose(ServerGamePacketListenerImpl.java:2916)
[05:04:45 WARN]: 	at net.minecraft.network.protocol.game.ServerboundContainerClosePacket.handle(ServerboundContainerClosePacket.java:33)
[05:04:45 WARN]: 	at net.minecraft.network.protocol.game.ServerboundContainerClosePacket.handle(ServerboundContainerClosePacket.java:8)
[05:04:45 WARN]: 	at net.minecraft.network.PacketProcessor$ListenerAndPacket.handle(PacketProcessor.java:99)
[05:04:45 WARN]: 	at net.minecraft.network.PacketProcessor.executeSinglePacket(PacketProcessor.java:33)
[05:04:45 WARN]: 	at net.minecraft.server.MinecraftServer.pollTask(MinecraftServer.java:1511)
[05:04:45 WARN]: 	at net.minecraft.server.MinecraftServer.recordTaskExecutionTimeWhileWaiting(MinecraftServer.java:1229)
[05:04:45 WARN]: 	at net.minecraft.server.MinecraftServer.runServer(MinecraftServer.java:1352)
[05:04:45 WARN]: 	at net.minecraft.server.MinecraftServer.lambda$spin$2(MinecraftServer.java:384)
[05:04:45 WARN]: 	at java.base/java.lang.Thread.run(Thread.java:1474)
[05:04:45 WARN]: java.lang.NullPointerException
[05:04:45 WARN]: 	at java.base/java.util.Objects.requireNonNull(Objects.java:220)
[05:04:45 WARN]: 	at CommandPanels.jar//me.rockyhawk.commandpanels.generate.GenItemUtils.generatePanelFile(GenItemUtils.java:121)
[05:04:45 WARN]: 	at CommandPanels.jar//me.rockyhawk.commandpanels.generate.GenUtils.generatePanel(GenUtils.java:111)
[05:04:45 WARN]: 	at CommandPanels.jar//me.rockyhawk.commandpanels.generate.GenUtils.onInventoryClose(GenUtils.java:46)
[05:04:45 WARN]: 	at co.aikar.timings.TimedEventExecutor.execute(TimedEventExecutor.java:80)
[05:04:45 WARN]: 	at org.bukkit.plugin.RegisteredListener.callEvent(RegisteredListener.java:71)
[05:04:45 WARN]: 	at io.papermc.paper.plugin.manager.PaperEventManager.callEvent(PaperEventManager.java:54)
[05:04:45 WARN]: 	at io.papermc.paper.plugin.manager.PaperPluginManagerImpl.callEvent(PaperPluginManagerImpl.java:131)
[05:04:45 WARN]: 	at org.bukkit.plugin.SimplePluginManager.callEvent(SimplePluginManager.java:628)
[05:04:45 WARN]: 	at org.bukkit.craftbukkit.event.CraftEventFactory.handleInventoryCloseEvent(CraftEventFactory.java:1464)
[05:04:45 WARN]: 	at net.minecraft.server.network.ServerGamePacketListenerImpl.handleContainerClose(ServerGamePacketListenerImpl.java:2924)
[05:04:45 WARN]: 	at net.minecraft.server.network.ServerGamePacketListenerImpl.handleContainerClose(ServerGamePacketListenerImpl.java:2916)
[05:04:45 WARN]: 	at net.minecraft.network.protocol.game.ServerboundContainerClosePacket.handle(ServerboundContainerClosePacket.java:33)
[05:04:45 WARN]: 	at net.minecraft.network.protocol.game.ServerboundContainerClosePacket.handle(ServerboundContainerClosePacket.java:8)
[05:04:45 WARN]: 	at net.minecraft.network.PacketProcessor$ListenerAndPacket.handle(PacketProcessor.java:99)
[05:04:45 WARN]: 	at net.minecraft.network.PacketProcessor.executeSinglePacket(PacketProcessor.java:33)
[05:04:45 WARN]: 	at net.minecraft.server.MinecraftServer.pollTask(MinecraftServer.java:1511)
[05:04:45 WARN]: 	at net.minecraft.server.MinecraftServer.recordTaskExecutionTimeWhileWaiting(MinecraftServer.java:1229)
[05:04:45 WARN]: 	at net.minecraft.server.MinecraftServer.runServer(MinecraftServer.java:1352)
[05:04:45 WARN]: 	at net.minecraft.server.MinecraftServer.lambda$spin$2(MinecraftServer.java:384)
[05:04:45 WARN]: 	at java.base/java.lang.Thread.run(Thread.java:1474)
[05:04:45 WARN]: java.lang.NullPointerException
[05:04:45 WARN]: 	at java.base/java.util.Objects.requireNonNull(Objects.java:220)
[05:04:45 WARN]: 	at CommandPanels.jar//me.rockyhawk.commandpanels.generate.GenItemUtils.generatePanelFile(GenItemUtils.java:121)
[05:04:45 WARN]: 	at CommandPanels.jar//me.rockyhawk.commandpanels.generate.GenUtils.generatePanel(GenUtils.java:111)
[05:04:45 WARN]: 	at CommandPanels.jar//me.rockyhawk.commandpanels.generate.GenUtils.onInventoryClose(GenUtils.java:46)
[05:04:45 WARN]: 	at co.aikar.timings.TimedEventExecutor.execute(TimedEventExecutor.java:80)
[05:04:45 WARN]: 	at org.bukkit.plugin.RegisteredListener.callEvent(RegisteredListener.java:71)
[05:04:45 WARN]: 	at io.papermc.paper.plugin.manager.PaperEventManager.callEvent(PaperEventManager.java:54)
[05:04:45 WARN]: 	at io.papermc.paper.plugin.manager.PaperPluginManagerImpl.callEvent(PaperPluginManagerImpl.java:131)
[05:04:45 WARN]: 	at org.bukkit.plugin.SimplePluginManager.callEvent(SimplePluginManager.java:628)
[05:04:45 WARN]: 	at org.bukkit.craftbukkit.event.CraftEventFactory.handleInventoryCloseEvent(CraftEventFactory.java:1464)
[05:04:45 WARN]: 	at net.minecraft.server.network.ServerGamePacketListenerImpl.handleContainerClose(ServerGamePacketListenerImpl.java:2924)
[05:04:45 WARN]: 	at net.minecraft.server.network.ServerGamePacketListenerImpl.handleContainerClose(ServerGamePacketListenerImpl.java:2916)
[05:04:45 WARN]: 	at net.minecraft.network.protocol.game.ServerboundContainerClosePacket.handle(ServerboundContainerClosePacket.java:33)
[05:04:45 WARN]: 	at net.minecraft.network.protocol.game.ServerboundContainerClosePacket.handle(ServerboundContainerClosePacket.java:8)
[05:04:45 WARN]: 	at net.minecraft.network.PacketProcessor$ListenerAndPacket.handle(PacketProcessor.java:99)
[05:04:45 WARN]: 	at net.minecraft.network.PacketProcessor.executeSinglePacket(PacketProcessor.java:33)
[05:04:45 WARN]: 	at net.minecraft.server.MinecraftServer.pollTask(MinecraftServer.java:1511)
[05:04:45 WARN]: 	at net.minecraft.server.MinecraftServer.recordTaskExecutionTimeWhileWaiting(MinecraftServer.java:1229)
[05:04:45 WARN]: 	at net.minecraft.server.MinecraftServer.runServer(MinecraftServer.java:1352)
[05:04:45 WARN]: 	at net.minecraft.server.MinecraftServer.lambda$spin$2(MinecraftServer.java:384)
[05:04:45 WARN]: 	at java.base/java.lang.Thread.run(Thread.java:1474)
[05:04:45 WARN]: java.lang.NullPointerException
[05:04:45 WARN]: 	at java.base/java.util.Objects.requireNonNull(Objects.java:220)
[05:04:45 WARN]: 	at CommandPanels.jar//me.rockyhawk.commandpanels.generate.GenItemUtils.generatePanelFile(GenItemUtils.java:121)
[05:04:45 WARN]: 	at CommandPanels.jar//me.rockyhawk.commandpanels.generate.GenUtils.generatePanel(GenUtils.java:111)
[05:04:45 WARN]: 	at CommandPanels.jar//me.rockyhawk.commandpanels.generate.GenUtils.onInventoryClose(GenUtils.java:46)
[05:04:45 WARN]: 	at co.aikar.timings.TimedEventExecutor.execute(TimedEventExecutor.java:80)
[05:04:45 WARN]: 	at org.bukkit.plugin.RegisteredListener.callEvent(RegisteredListener.java:71)
[05:04:45 WARN]: 	at io.papermc.paper.plugin.manager.PaperEventManager.callEvent(PaperEventManager.java:54)
[05:04:45 WARN]: 	at io.papermc.paper.plugin.manager.PaperPluginManagerImpl.callEvent(PaperPluginManagerImpl.java:131)
[05:04:45 WARN]: 	at org.bukkit.plugin.SimplePluginManager.callEvent(SimplePluginManager.java:628)
[05:04:45 WARN]: 	at org.bukkit.craftbukkit.event.CraftEventFactory.handleInventoryCloseEvent(CraftEventFactory.java:1464)
[05:04:45 WARN]: 	at net.minecraft.server.network.ServerGamePacketListenerImpl.handleContainerClose(ServerGamePacketListenerImpl.java:2924)
[05:04:45 WARN]: 	at net.minecraft.server.network.ServerGamePacketListenerImpl.handleContainerClose(ServerGamePacketListenerImpl.java:2916)
[05:04:45 WARN]: 	at net.minecraft.network.protocol.game.ServerboundContainerClosePacket.handle(ServerboundContainerClosePacket.java:33)
[05:04:45 WARN]: 	at net.minecraft.network.protocol.game.ServerboundContainerClosePacket.handle(ServerboundContainerClosePacket.java:8)
[05:04:45 WARN]: 	at net.minecraft.network.PacketProcessor$ListenerAndPacket.handle(PacketProcessor.java:99)
[05:04:45 WARN]: 	at net.minecraft.network.PacketProcessor.executeSinglePacket(PacketProcessor.java:33)
[05:04:45 WARN]: 	at net.minecraft.server.MinecraftServer.pollTask(MinecraftServer.java:1511)
[05:04:45 WARN]: 	at net.minecraft.server.MinecraftServer.recordTaskExecutionTimeWhileWaiting(MinecraftServer.java:1229)
[05:04:45 WARN]: 	at net.minecraft.server.MinecraftServer.runServer(MinecraftServer.java:1352)
[05:04:45 WARN]: 	at net.minecraft.server.MinecraftServer.lambda$spin$2(MinecraftServer.java:384)
[05:04:45 WARN]: 	at java.base/java.lang.Thread.run(Thread.java:1474)
[05:04:45 WARN]: java.lang.NullPointerException
[05:04:45 WARN]: 	at java.base/java.util.Objects.requireNonNull(Objects.java:220)
[05:04:45 WARN]: 	at CommandPanels.jar//me.rockyhawk.commandpanels.generate.GenItemUtils.generatePanelFile(GenItemUtils.java:121)
[05:04:45 WARN]: 	at CommandPanels.jar//me.rockyhawk.commandpanels.generate.GenUtils.generatePanel(GenUtils.java:111)
[05:04:45 WARN]: 	at CommandPanels.jar//me.rockyhawk.commandpanels.generate.GenUtils.onInventoryClose(GenUtils.java:46)
[05:04:45 WARN]: 	at co.aikar.timings.TimedEventExecutor.execute(TimedEventExecutor.java:80)
[05:04:45 WARN]: 	at org.bukkit.plugin.RegisteredListener.callEvent(RegisteredListener.java:71)
[05:04:45 WARN]: 	at io.papermc.paper.plugin.manager.PaperEventManager.callEvent(PaperEventManager.java:54)
[05:04:45 WARN]: 	at io.papermc.paper.plugin.manager.PaperPluginManagerImpl.callEvent(PaperPluginManagerImpl.java:131)
[05:04:45 WARN]: 	at org.bukkit.plugin.SimplePluginManager.callEvent(SimplePluginManager.java:628)
[05:04:45 WARN]: 	at org.bukkit.craftbukkit.event.CraftEventFactory.handleInventoryCloseEvent(CraftEventFactory.java:1464)
[05:04:45 WARN]: 	at net.minecraft.server.network.ServerGamePacketListenerImpl.handleContainerClose(ServerGamePacketListenerImpl.java:2924)
[05:04:45 WARN]: 	at net.minecraft.server.network.ServerGamePacketListenerImpl.handleContainerClose(ServerGamePacketListenerImpl.java:2916)
[05:04:45 WARN]: 	at net.minecraft.network.protocol.game.ServerboundContainerClosePacket.handle(ServerboundContainerClosePacket.java:33)
[05:04:45 WARN]: 	at net.minecraft.network.protocol.game.ServerboundContainerClosePacket.handle(ServerboundContainerClosePacket.java:8)
[05:04:45 WARN]: 	at net.minecraft.network.PacketProcessor$ListenerAndPacket.handle(PacketProcessor.java:99)
[05:04:45 WARN]: 	at net.minecraft.network.PacketProcessor.executeSinglePacket(PacketProcessor.java:33)
[05:04:45 WARN]: 	at net.minecraft.server.MinecraftServer.pollTask(MinecraftServer.java:1511)
[05:04:45 WARN]: 	at net.minecraft.server.MinecraftServer.recordTaskExecutionTimeWhileWaiting(MinecraftServer.java:1229)
[05:04:45 WARN]: 	at net.minecraft.server.MinecraftServer.runServer(MinecraftServer.java:1352)
[05:04:45 WARN]: 	at net.minecraft.server.MinecraftServer.lambda$spin$2(MinecraftServer.java:384)
[05:04:45 WARN]: 	at java.base/java.lang.Thread.run(Thread.java:1474)
[05:04:45 WARN]: java.lang.NullPointerException
[05:04:45 WARN]: 	at java.base/java.util.Objects.requireNonNull(Objects.java:220)
[05:04:45 WARN]: 	at CommandPanels.jar//me.rockyhawk.commandpanels.generate.GenItemUtils.generatePanelFile(GenItemUtils.java:121)
[05:04:45 WARN]: 	at CommandPanels.jar//me.rockyhawk.commandpanels.generate.GenUtils.generatePanel(GenUtils.java:111)
[05:04:45 WARN]: 	at CommandPanels.jar//me.rockyhawk.commandpanels.generate.GenUtils.onInventoryClose(GenUtils.java:46)
[05:04:45 WARN]: 	at co.aikar.timings.TimedEventExecutor.execute(TimedEventExecutor.java:80)
[05:04:45 WARN]: 	at org.bukkit.plugin.RegisteredListener.callEvent(RegisteredListener.java:71)
[05:04:45 WARN]: 	at io.papermc.paper.plugin.manager.PaperEventManager.callEvent(PaperEventManager.java:54)
[05:04:45 WARN]: 	at io.papermc.paper.plugin.manager.PaperPluginManagerImpl.callEvent(PaperPluginManagerImpl.java:131)
[05:04:45 WARN]: 	at org.bukkit.plugin.SimplePluginManager.callEvent(SimplePluginManager.java:628)
[05:04:45 WARN]: 	at org.bukkit.craftbukkit.event.CraftEventFactory.handleInventoryCloseEvent(CraftEventFactory.java:1464)
[05:04:45 WARN]: 	at net.minecraft.server.network.ServerGamePacketListenerImpl.handleContainerClose(ServerGamePacketListenerImpl.java:2924)
[05:04:45 WARN]: 	at net.minecraft.server.network.ServerGamePacketListenerImpl.handleContainerClose(ServerGamePacketListenerImpl.java:2916)
[05:04:45 WARN]: 	at net.minecraft.network.protocol.game.ServerboundContainerClosePacket.handle(ServerboundContainerClosePacket.java:33)
[05:04:45 WARN]: 	at net.minecraft.network.protocol.game.ServerboundContainerClosePacket.handle(ServerboundContainerClosePacket.java:8)
[05:04:45 WARN]: 	at net.minecraft.network.PacketProcessor$ListenerAndPacket.handle(PacketProcessor.java:99)
[05:04:45 WARN]: 	at net.minecraft.network.PacketProcessor.executeSinglePacket(PacketProcessor.java:33)
[05:04:45 WARN]: 	at net.minecraft.server.MinecraftServer.pollTask(MinecraftServer.java:1511)
[05:04:45 WARN]: 	at net.minecraft.server.MinecraftServer.recordTaskExecutionTimeWhileWaiting(MinecraftServer.java:1229)
[05:04:45 WARN]: 	at net.minecraft.server.MinecraftServer.runServer(MinecraftServer.java:1352)
[05:04:45 WARN]: 	at net.minecraft.server.MinecraftServer.lambda$spin$2(MinecraftServer.java:384)
[05:04:45 WARN]: 	at java.base/java.lang.Thread.run(Thread.java:1474)
[05:04:45 WARN]: java.lang.NullPointerException
[05:04:45 WARN]: 	at java.base/java.util.Objects.requireNonNull(Objects.java:220)
[05:04:45 WARN]: 	at CommandPanels.jar//me.rockyhawk.commandpanels.generate.GenItemUtils.generatePanelFile(GenItemUtils.java:121)
[05:04:45 WARN]: 	at CommandPanels.jar//me.rockyhawk.commandpanels.generate.GenUtils.generatePanel(GenUtils.java:111)
[05:04:45 WARN]: 	at CommandPanels.jar//me.rockyhawk.commandpanels.generate.GenUtils.onInventoryClose(GenUtils.java:46)
[05:04:45 WARN]: 	at co.aikar.timings.TimedEventExecutor.execute(TimedEventExecutor.java:80)
[05:04:45 WARN]: 	at org.bukkit.plugin.RegisteredListener.callEvent(RegisteredListener.java:71)
[05:04:45 WARN]: 	at io.papermc.paper.plugin.manager.PaperEventManager.callEvent(PaperEventManager.java:54)
[05:04:45 WARN]: 	at io.papermc.paper.plugin.manager.PaperPluginManagerImpl.callEvent(PaperPluginManagerImpl.java:131)
[05:04:45 WARN]: 	at org.bukkit.plugin.SimplePluginManager.callEvent(SimplePluginManager.java:628)
[05:04:45 WARN]: 	at org.bukkit.craftbukkit.event.CraftEventFactory.handleInventoryCloseEvent(CraftEventFactory.java:1464)
[05:04:45 WARN]: 	at net.minecraft.server.network.ServerGamePacketListenerImpl.handleContainerClose(ServerGamePacketListenerImpl.java:2924)
[05:04:45 WARN]: 	at net.minecraft.server.network.ServerGamePacketListenerImpl.handleContainerClose(ServerGamePacketListenerImpl.java:2916)
[05:04:45 WARN]: 	at net.minecraft.network.protocol.game.ServerboundContainerClosePacket.handle(ServerboundContainerClosePacket.java:33)
[05:04:45 WARN]: 	at net.minecraft.network.protocol.game.ServerboundContainerClosePacket.handle(ServerboundContainerClosePacket.java:8)
[05:04:45 WARN]: 	at net.minecraft.network.PacketProcessor$ListenerAndPacket.handle(PacketProcessor.java:99)
[05:04:45 WARN]: 	at net.minecraft.network.PacketProcessor.executeSinglePacket(PacketProcessor.java:33)
[05:04:45 WARN]: 	at net.minecraft.server.MinecraftServer.pollTask(MinecraftServer.java:1511)
[05:04:45 WARN]: 	at net.minecraft.server.MinecraftServer.recordTaskExecutionTimeWhileWaiting(MinecraftServer.java:1229)
[05:04:45 WARN]: 	at net.minecraft.server.MinecraftServer.runServer(MinecraftServer.java:1352)
[05:04:45 WARN]: 	at net.minecraft.server.MinecraftServer.lambda$spin$2(MinecraftServer.java:384)
[05:04:45 WARN]: 	at java.base/java.lang.Thread.run(Thread.java:1474)
[05:04:45 WARN]: java.lang.NullPointerException
[05:04:45 WARN]: 	at java.base/java.util.Objects.requireNonNull(Objects.java:220)
[05:04:45 WARN]: 	at CommandPanels.jar//me.rockyhawk.commandpanels.generate.GenItemUtils.generatePanelFile(GenItemUtils.java:121)
[05:04:45 WARN]: 	at CommandPanels.jar//me.rockyhawk.commandpanels.generate.GenUtils.generatePanel(GenUtils.java:111)
[05:04:45 WARN]: 	at CommandPanels.jar//me.rockyhawk.commandpanels.generate.GenUtils.onInventoryClose(GenUtils.java:46)
[05:04:45 WARN]: 	at co.aikar.timings.TimedEventExecutor.execute(TimedEventExecutor.java:80)
[05:04:45 WARN]: 	at org.bukkit.plugin.RegisteredListener.callEvent(RegisteredListener.java:71)
[05:04:45 WARN]: 	at io.papermc.paper.plugin.manager.PaperEventManager.callEvent(PaperEventManager.java:54)
[05:04:45 WARN]: 	at io.papermc.paper.plugin.manager.PaperPluginManagerImpl.callEvent(PaperPluginManagerImpl.java:131)
[05:04:45 WARN]: 	at org.bukkit.plugin.SimplePluginManager.callEvent(SimplePluginManager.java:628)
[05:04:45 WARN]: 	at org.bukkit.craftbukkit.event.CraftEventFactory.handleInventoryCloseEvent(CraftEventFactory.java:1464)
[05:04:45 WARN]: 	at net.minecraft.server.network.ServerGamePacketListenerImpl.handleContainerClose(ServerGamePacketListenerImpl.java:2924)
[05:04:45 WARN]: 	at net.minecraft.server.network.ServerGamePacketListenerImpl.handleContainerClose(ServerGamePacketListenerImpl.java:2916)
[05:04:45 WARN]: 	at net.minecraft.network.protocol.game.ServerboundContainerClosePacket.handle(ServerboundContainerClosePacket.java:33)
[05:04:45 WARN]: 	at net.minecraft.network.protocol.game.ServerboundContainerClosePacket.handle(ServerboundContainerClosePacket.java:8)
[05:04:45 WARN]: 	at net.minecraft.network.PacketProcessor$ListenerAndPacket.handle(PacketProcessor.java:99)
[05:04:45 WARN]: 	at net.minecraft.network.PacketProcessor.executeSinglePacket(PacketProcessor.java:33)
[05:04:45 WARN]: 	at net.minecraft.server.MinecraftServer.pollTask(MinecraftServer.java:1511)
[05:04:45 WARN]: 	at net.minecraft.server.MinecraftServer.recordTaskExecutionTimeWhileWaiting(MinecraftServer.java:1229)
[05:04:45 WARN]: 	at net.minecraft.server.MinecraftServer.runServer(MinecraftServer.java:1352)
[05:04:45 WARN]: 	at net.minecraft.server.MinecraftServer.lambda$spin$2(MinecraftServer.java:384)
[05:04:45 WARN]: 	at java.base/java.lang.Thread.run(Thread.java:1474)
[05:04:45 WARN]: java.lang.NullPointerException
[05:04:45 WARN]: 	at java.base/java.util.Objects.requireNonNull(Objects.java:220)
[05:04:45 WARN]: 	at CommandPanels.jar//me.rockyhawk.commandpanels.generate.GenItemUtils.generatePanelFile(GenItemUtils.java:121)
[05:04:45 WARN]: 	at CommandPanels.jar//me.rockyhawk.commandpanels.generate.GenUtils.generatePanel(GenUtils.java:111)
[05:04:45 WARN]: 	at CommandPanels.jar//me.rockyhawk.commandpanels.generate.GenUtils.onInventoryClose(GenUtils.java:46)
[05:04:45 WARN]: 	at co.aikar.timings.TimedEventExecutor.execute(TimedEventExecutor.java:80)
[05:04:45 WARN]: 	at org.bukkit.plugin.RegisteredListener.callEvent(RegisteredListener.java:71)
[05:04:45 WARN]: 	at io.papermc.paper.plugin.manager.PaperEventManager.callEvent(PaperEventManager.java:54)
[05:04:45 WARN]: 	at io.papermc.paper.plugin.manager.PaperPluginManagerImpl.callEvent(PaperPluginManagerImpl.java:131)
[05:04:45 WARN]: 	at org.bukkit.plugin.SimplePluginManager.callEvent(SimplePluginManager.java:628)
[05:04:45 WARN]: 	at org.bukkit.craftbukkit.event.CraftEventFactory.handleInventoryCloseEvent(CraftEventFactory.java:1464)
[05:04:45 WARN]: 	at net.minecraft.server.network.ServerGamePacketListenerImpl.handleContainerClose(ServerGamePacketListenerImpl.java:2924)
[05:04:45 WARN]: 	at net.minecraft.server.network.ServerGamePacketListenerImpl.handleContainerClose(ServerGamePacketListenerImpl.java:2916)
[05:04:45 WARN]: 	at net.minecraft.network.protocol.game.ServerboundContainerClosePacket.handle(ServerboundContainerClosePacket.java:33)
[05:04:45 WARN]: 	at net.minecraft.network.protocol.game.ServerboundContainerClosePacket.handle(ServerboundContainerClosePacket.java:8)
[05:04:45 WARN]: 	at net.minecraft.network.PacketProcessor$ListenerAndPacket.handle(PacketProcessor.java:99)
[05:04:45 WARN]: 	at net.minecraft.network.PacketProcessor.executeSinglePacket(PacketProcessor.java:33)
[05:04:45 WARN]: 	at net.minecraft.server.MinecraftServer.pollTask(MinecraftServer.java:1511)
[05:04:45 WARN]: 	at net.minecraft.server.MinecraftServer.recordTaskExecutionTimeWhileWaiting(MinecraftServer.java:1229)
[05:04:45 WARN]: 	at net.minecraft.server.MinecraftServer.runServer(MinecraftServer.java:1352)
[05:04:45 WARN]: 	at net.minecraft.server.MinecraftServer.lambda$spin$2(MinecraftServer.java:384)
[05:04:45 WARN]: 	at java.base/java.lang.Thread.run(Thread.java:1474)
[05:04:45 WARN]: java.lang.NullPointerException
[05:04:45 WARN]: 	at java.base/java.util.Objects.requireNonNull(Objects.java:220)
[05:04:45 WARN]: 	at CommandPanels.jar//me.rockyhawk.commandpanels.generate.GenItemUtils.generatePanelFile(GenItemUtils.java:121)
[05:04:45 WARN]: 	at CommandPanels.jar//me.rockyhawk.commandpanels.generate.GenUtils.generatePanel(GenUtils.java:111)
[05:04:45 WARN]: 	at CommandPanels.jar//me.rockyhawk.commandpanels.generate.GenUtils.onInventoryClose(GenUtils.java:46)
[05:04:45 WARN]: 	at co.aikar.timings.TimedEventExecutor.execute(TimedEventExecutor.java:80)
[05:04:45 WARN]: 	at org.bukkit.plugin.RegisteredListener.callEvent(RegisteredListener.java:71)
[05:04:45 WARN]: 	at io.papermc.paper.plugin.manager.PaperEventManager.callEvent(PaperEventManager.java:54)
[05:04:45 WARN]: 	at io.papermc.paper.plugin.manager.PaperPluginManagerImpl.callEvent(PaperPluginManagerImpl.java:131)
[05:04:45 WARN]: 	at org.bukkit.plugin.SimplePluginManager.callEvent(SimplePluginManager.java:628)
[05:04:45 WARN]: 	at org.bukkit.craftbukkit.event.CraftEventFactory.handleInventoryCloseEvent(CraftEventFactory.java:1464)
[05:04:45 WARN]: 	at net.minecraft.server.network.ServerGamePacketListenerImpl.handleContainerClose(ServerGamePacketListenerImpl.java:2924)
[05:04:45 WARN]: 	at net.minecraft.server.network.ServerGamePacketListenerImpl.handleContainerClose(ServerGamePacketListenerImpl.java:2916)
[05:04:45 WARN]: 	at net.minecraft.network.protocol.game.ServerboundContainerClosePacket.handle(ServerboundContainerClosePacket.java:33)
[05:04:45 WARN]: 	at net.minecraft.network.protocol.game.ServerboundContainerClosePacket.handle(ServerboundContainerClosePacket.java:8)
[05:04:45 WARN]: 	at net.minecraft.network.PacketProcessor$ListenerAndPacket.handle(PacketProcessor.java:99)
[05:04:45 WARN]: 	at net.minecraft.network.PacketProcessor.executeSinglePacket(PacketProcessor.java:33)
[05:04:45 WARN]: 	at net.minecraft.server.MinecraftServer.pollTask(MinecraftServer.java:1511)
[05:04:45 WARN]: 	at net.minecraft.server.MinecraftServer.recordTaskExecutionTimeWhileWaiting(MinecraftServer.java:1229)
[05:04:45 WARN]: 	at net.minecraft.server.MinecraftServer.runServer(MinecraftServer.java:1352)
[05:04:45 WARN]: 	at net.minecraft.server.MinecraftServer.lambda$spin$2(MinecraftServer.java:384)
[05:04:45 WARN]: 	at java.base/java.lang.Thread.run(Thread.java:1474)
[05:04:45 WARN]: java.lang.NullPointerException
[05:04:45 WARN]: 	at java.base/java.util.Objects.requireNonNull(Objects.java:220)
[05:04:45 WARN]: 	at CommandPanels.jar//me.rockyhawk.commandpanels.generate.GenItemUtils.generatePanelFile(GenItemUtils.java:121)
[05:04:45 WARN]: 	at CommandPanels.jar//me.rockyhawk.commandpanels.generate.GenUtils.generatePanel(GenUtils.java:111)
[05:04:45 WARN]: 	at CommandPanels.jar//me.rockyhawk.commandpanels.generate.GenUtils.onInventoryClose(GenUtils.java:46)
[05:04:45 WARN]: 	at co.aikar.timings.TimedEventExecutor.execute(TimedEventExecutor.java:80)
[05:04:45 WARN]: 	at org.bukkit.plugin.RegisteredListener.callEvent(RegisteredListener.java:71)
[05:04:45 WARN]: 	at io.papermc.paper.plugin.manager.PaperEventManager.callEvent(PaperEventManager.java:54)
[05:04:45 WARN]: 	at io.papermc.paper.plugin.manager.PaperPluginManagerImpl.callEvent(PaperPluginManagerImpl.java:131)
[05:04:45 WARN]: 	at org.bukkit.plugin.SimplePluginManager.callEvent(SimplePluginManager.java:628)
[05:04:45 WARN]: 	at org.bukkit.craftbukkit.event.CraftEventFactory.handleInventoryCloseEvent(CraftEventFactory.java:1464)
[05:04:45 WARN]: 	at net.minecraft.server.network.ServerGamePacketListenerImpl.handleContainerClose(ServerGamePacketListenerImpl.java:2924)
[05:04:45 WARN]: 	at net.minecraft.server.network.ServerGamePacketListenerImpl.handleContainerClose(ServerGamePacketListenerImpl.java:2916)
[05:04:45 WARN]: 	at net.minecraft.network.protocol.game.ServerboundContainerClosePacket.handle(ServerboundContainerClosePacket.java:33)
[05:04:45 WARN]: 	at net.minecraft.network.protocol.game.ServerboundContainerClosePacket.handle(ServerboundContainerClosePacket.java:8)
[05:04:45 WARN]: 	at net.minecraft.network.PacketProcessor$ListenerAndPacket.handle(PacketProcessor.java:99)
[05:04:45 WARN]: 	at net.minecraft.network.PacketProcessor.executeSinglePacket(PacketProcessor.java:33)
[05:04:45 WARN]: 	at net.minecraft.server.MinecraftServer.pollTask(MinecraftServer.java:1511)
[05:04:45 WARN]: 	at net.minecraft.server.MinecraftServer.recordTaskExecutionTimeWhileWaiting(MinecraftServer.java:1229)
[05:04:45 WARN]: 	at net.minecraft.server.MinecraftServer.runServer(MinecraftServer.java:1352)
[05:04:45 WARN]: 	at net.minecraft.server.MinecraftServer.lambda$spin$2(MinecraftServer.java:384)
[05:04:45 WARN]: 	at java.base/java.lang.Thread.run(Thread.java:1474)
[05:04:45 WARN]: java.lang.NullPointerException
[05:04:45 WARN]: 	at java.base/java.util.Objects.requireNonNull(Objects.java:220)
[05:04:45 WARN]: 	at CommandPanels.jar//me.rockyhawk.commandpanels.generate.GenItemUtils.generatePanelFile(GenItemUtils.java:121)
[05:04:45 WARN]: 	at CommandPanels.jar//me.rockyhawk.commandpanels.generate.GenUtils.generatePanel(GenUtils.java:111)
[05:04:45 WARN]: 	at CommandPanels.jar//me.rockyhawk.commandpanels.generate.GenUtils.onInventoryClose(GenUtils.java:46)
[05:04:45 WARN]: 	at co.aikar.timings.TimedEventExecutor.execute(TimedEventExecutor.java:80)
[05:04:45 WARN]: 	at org.bukkit.plugin.RegisteredListener.callEvent(RegisteredListener.java:71)
[05:04:45 WARN]: 	at io.papermc.paper.plugin.manager.PaperEventManager.callEvent(PaperEventManager.java:54)
[05:04:45 WARN]: 	at io.papermc.paper.plugin.manager.PaperPluginManagerImpl.callEvent(PaperPluginManagerImpl.java:131)
[05:04:45 WARN]: 	at org.bukkit.plugin.SimplePluginManager.callEvent(SimplePluginManager.java:628)
[05:04:45 WARN]: 	at org.bukkit.craftbukkit.event.CraftEventFactory.handleInventoryCloseEvent(CraftEventFactory.java:1464)
[05:04:45 WARN]: 	at net.minecraft.server.network.ServerGamePacketListenerImpl.handleContainerClose(ServerGamePacketListenerImpl.java:2924)
[05:04:45 WARN]: 	at net.minecraft.server.network.ServerGamePacketListenerImpl.handleContainerClose(ServerGamePacketListenerImpl.java:2916)
[05:04:45 WARN]: 	at net.minecraft.network.protocol.game.ServerboundContainerClosePacket.handle(ServerboundContainerClosePacket.java:33)
[05:04:45 WARN]: 	at net.minecraft.network.protocol.game.ServerboundContainerClosePacket.handle(ServerboundContainerClosePacket.java:8)
[05:04:45 WARN]: 	at net.minecraft.network.PacketProcessor$ListenerAndPacket.handle(PacketProcessor.java:99)
[05:04:45 WARN]: 	at net.minecraft.network.PacketProcessor.executeSinglePacket(PacketProcessor.java:33)
[05:04:45 WARN]: 	at net.minecraft.server.MinecraftServer.pollTask(MinecraftServer.java:1511)
[05:04:45 WARN]: 	at net.minecraft.server.MinecraftServer.recordTaskExecutionTimeWhileWaiting(MinecraftServer.java:1229)
[05:04:45 WARN]: 	at net.minecraft.server.MinecraftServer.runServer(MinecraftServer.java:1352)
[05:04:45 WARN]: 	at net.minecraft.server.MinecraftServer.lambda$spin$2(MinecraftServer.java:384)
[05:04:45 WARN]: 	at java.base/java.lang.Thread.run(Thread.java:1474)
[05:04:45 WARN]: java.lang.NullPointerException
[05:04:45 WARN]: 	at java.base/java.util.Objects.requireNonNull(Objects.java:220)
[05:04:45 WARN]: 	at CommandPanels.jar//me.rockyhawk.commandpanels.generate.GenItemUtils.generatePanelFile(GenItemUtils.java:121)
[05:04:45 WARN]: 	at CommandPanels.jar//me.rockyhawk.commandpanels.generate.GenUtils.generatePanel(GenUtils.java:111)
[05:04:45 WARN]: 	at CommandPanels.jar//me.rockyhawk.commandpanels.generate.GenUtils.onInventoryClose(GenUtils.java:46)
[05:04:45 WARN]: 	at co.aikar.timings.TimedEventExecutor.execute(TimedEventExecutor.java:80)
[05:04:45 WARN]: 	at org.bukkit.plugin.RegisteredListener.callEvent(RegisteredListener.java:71)
[05:04:45 WARN]: 	at io.papermc.paper.plugin.manager.PaperEventManager.callEvent(PaperEventManager.java:54)
[05:04:45 WARN]: 	at io.papermc.paper.plugin.manager.PaperPluginManagerImpl.callEvent(PaperPluginManagerImpl.java:131)
[05:04:45 WARN]: 	at org.bukkit.plugin.SimplePluginManager.callEvent(SimplePluginManager.java:628)
[05:04:45 WARN]: 	at org.bukkit.craftbukkit.event.CraftEventFactory.handleInventoryCloseEvent(CraftEventFactory.java:1464)
[05:04:45 WARN]: 	at net.minecraft.server.network.ServerGamePacketListenerImpl.handleContainerClose(ServerGamePacketListenerImpl.java:2924)
[05:04:45 WARN]: 	at net.minecraft.server.network.ServerGamePacketListenerImpl.handleContainerClose(ServerGamePacketListenerImpl.java:2916)
[05:04:45 WARN]: 	at net.minecraft.network.protocol.game.ServerboundContainerClosePacket.handle(ServerboundContainerClosePacket.java:33)
[05:04:45 WARN]: 	at net.minecraft.network.protocol.game.ServerboundContainerClosePacket.handle(ServerboundContainerClosePacket.java:8)
[05:04:45 WARN]: 	at net.minecraft.network.PacketProcessor$ListenerAndPacket.handle(PacketProcessor.java:99)
[05:04:45 WARN]: 	at net.minecraft.network.PacketProcessor.executeSinglePacket(PacketProcessor.java:33)
[05:04:45 WARN]: 	at net.minecraft.server.MinecraftServer.pollTask(MinecraftServer.java:1511)
[05:04:45 WARN]: 	at net.minecraft.server.MinecraftServer.recordTaskExecutionTimeWhileWaiting(MinecraftServer.java:1229)
[05:04:45 WARN]: 	at net.minecraft.server.MinecraftServer.runServer(MinecraftServer.java:1352)
[05:04:45 WARN]: 	at net.minecraft.server.MinecraftServer.lambda$spin$2(MinecraftServer.java:384)
[05:04:45 WARN]: 	at java.base/java.lang.Thread.run(Thread.java:1474)
[05:04:45 WARN]: java.lang.NullPointerException
[05:04:45 WARN]: 	at java.base/java.util.Objects.requireNonNull(Objects.java:220)
[05:04:45 WARN]: 	at CommandPanels.jar//me.rockyhawk.commandpanels.generate.GenItemUtils.generatePanelFile(GenItemUtils.java:121)
[05:04:45 WARN]: 	at CommandPanels.jar//me.rockyhawk.commandpanels.generate.GenUtils.generatePanel(GenUtils.java:111)
[05:04:45 WARN]: 	at CommandPanels.jar//me.rockyhawk.commandpanels.generate.GenUtils.onInventoryClose(GenUtils.java:46)
[05:04:45 WARN]: 	at co.aikar.timings.TimedEventExecutor.execute(TimedEventExecutor.java:80)
[05:04:45 WARN]: 	at org.bukkit.plugin.RegisteredListener.callEvent(RegisteredListener.java:71)
[05:04:45 WARN]: 	at io.papermc.paper.plugin.manager.PaperEventManager.callEvent(PaperEventManager.java:54)
[05:04:45 WARN]: 	at io.papermc.paper.plugin.manager.PaperPluginManagerImpl.callEvent(PaperPluginManagerImpl.java:131)
[05:04:45 WARN]: 	at org.bukkit.plugin.SimplePluginManager.callEvent(SimplePluginManager.java:628)
[05:04:45 WARN]: 	at org.bukkit.craftbukkit.event.CraftEventFactory.handleInventoryCloseEvent(CraftEventFactory.java:1464)
[05:04:45 WARN]: 	at net.minecraft.server.network.ServerGamePacketListenerImpl.handleContainerClose(ServerGamePacketListenerImpl.java:2924)
[05:04:45 WARN]: 	at net.minecraft.server.network.ServerGamePacketListenerImpl.handleContainerClose(ServerGamePacketListenerImpl.java:2916)
[05:04:45 WARN]: 	at net.minecraft.network.protocol.game.ServerboundContainerClosePacket.handle(ServerboundContainerClosePacket.java:33)
[05:04:45 WARN]: 	at net.minecraft.network.protocol.game.ServerboundContainerClosePacket.handle(ServerboundContainerClosePacket.java:8)
[05:04:45 WARN]: 	at net.minecraft.network.PacketProcessor$ListenerAndPacket.handle(PacketProcessor.java:99)
[05:04:45 WARN]: 	at net.minecraft.network.PacketProcessor.executeSinglePacket(PacketProcessor.java:33)
[05:04:45 WARN]: 	at net.minecraft.server.MinecraftServer.pollTask(MinecraftServer.java:1511)
[05:04:45 WARN]: 	at net.minecraft.server.MinecraftServer.recordTaskExecutionTimeWhileWaiting(MinecraftServer.java:1229)
[05:04:45 WARN]: 	at net.minecraft.server.MinecraftServer.runServer(MinecraftServer.java:1352)
[05:04:45 WARN]: 	at net.minecraft.server.MinecraftServer.lambda$spin$2(MinecraftServer.java:384)
[05:04:45 WARN]: 	at java.base/java.lang.Thread.run(Thread.java:1474)
[05:04:45 WARN]: java.lang.NullPointerException
[05:04:45 WARN]: 	at java.base/java.util.Objects.requireNonNull(Objects.java:220)
[05:04:45 WARN]: 	at CommandPanels.jar//me.rockyhawk.commandpanels.generate.GenItemUtils.generatePanelFile(GenItemUtils.java:121)
[05:04:45 WARN]: 	at CommandPanels.jar//me.rockyhawk.commandpanels.generate.GenUtils.generatePanel(GenUtils.java:111)
[05:04:45 WARN]: 	at CommandPanels.jar//me.rockyhawk.commandpanels.generate.GenUtils.onInventoryClose(GenUtils.java:46)
[05:04:45 WARN]: 	at co.aikar.timings.TimedEventExecutor.execute(TimedEventExecutor.java:80)
[05:04:45 WARN]: 	at org.bukkit.plugin.RegisteredListener.callEvent(RegisteredListener.java:71)
[05:04:45 WARN]: 	at io.papermc.paper.plugin.manager.PaperEventManager.callEvent(PaperEventManager.java:54)
[05:04:45 WARN]: 	at io.papermc.paper.plugin.manager.PaperPluginManagerImpl.callEvent(PaperPluginManagerImpl.java:131)
[05:04:45 WARN]: 	at org.bukkit.plugin.SimplePluginManager.callEvent(SimplePluginManager.java:628)
[05:04:45 WARN]: 	at org.bukkit.craftbukkit.event.CraftEventFactory.handleInventoryCloseEvent(CraftEventFactory.java:1464)
[05:04:45 WARN]: 	at net.minecraft.server.network.ServerGamePacketListenerImpl.handleContainerClose(ServerGamePacketListenerImpl.java:2924)
[05:04:45 WARN]: 	at net.minecraft.server.network.ServerGamePacketListenerImpl.handleContainerClose(ServerGamePacketListenerImpl.java:2916)
[05:04:45 WARN]: 	at net.minecraft.network.protocol.game.ServerboundContainerClosePacket.handle(ServerboundContainerClosePacket.java:33)
[05:04:45 WARN]: 	at net.minecraft.network.protocol.game.ServerboundContainerClosePacket.handle(ServerboundContainerClosePacket.java:8)
[05:04:45 WARN]: 	at net.minecraft.network.PacketProcessor$ListenerAndPacket.handle(PacketProcessor.java:99)
[05:04:45 WARN]: 	at net.minecraft.network.PacketProcessor.executeSinglePacket(PacketProcessor.java:33)
[05:04:45 WARN]: 	at net.minecraft.server.MinecraftServer.pollTask(MinecraftServer.java:1511)
[05:04:45 WARN]: 	at net.minecraft.server.MinecraftServer.recordTaskExecutionTimeWhileWaiting(MinecraftServer.java:1229)
[05:04:45 WARN]: 	at net.minecraft.server.MinecraftServer.runServer(MinecraftServer.java:1352)
[05:04:45 WARN]: 	at net.minecraft.server.MinecraftServer.lambda$spin$2(MinecraftServer.java:384)
[05:04:45 WARN]: 	at java.base/java.lang.Thread.run(Thread.java:1474)
[05:04:45 WARN]: java.lang.NullPointerException
[05:04:45 WARN]: 	at java.base/java.util.Objects.requireNonNull(Objects.java:220)
[05:04:45 WARN]: 	at CommandPanels.jar//me.rockyhawk.commandpanels.generate.GenItemUtils.generatePanelFile(GenItemUtils.java:121)
[05:04:45 WARN]: 	at CommandPanels.jar//me.rockyhawk.commandpanels.generate.GenUtils.generatePanel(GenUtils.java:111)
[05:04:45 WARN]: 	at CommandPanels.jar//me.rockyhawk.commandpanels.generate.GenUtils.onInventoryClose(GenUtils.java:46)
[05:04:45 WARN]: 	at co.aikar.timings.TimedEventExecutor.execute(TimedEventExecutor.java:80)
[05:04:45 WARN]: 	at org.bukkit.plugin.RegisteredListener.callEvent(RegisteredListener.java:71)
[05:04:45 WARN]: 	at io.papermc.paper.plugin.manager.PaperEventManager.callEvent(PaperEventManager.java:54)
[05:04:45 WARN]: 	at io.papermc.paper.plugin.manager.PaperPluginManagerImpl.callEvent(PaperPluginManagerImpl.java:131)
[05:04:45 WARN]: 	at org.bukkit.plugin.SimplePluginManager.callEvent(SimplePluginManager.java:628)
[05:04:45 WARN]: 	at org.bukkit.craftbukkit.event.CraftEventFactory.handleInventoryCloseEvent(CraftEventFactory.java:1464)
[05:04:45 WARN]: 	at net.minecraft.server.network.ServerGamePacketListenerImpl.handleContainerClose(ServerGamePacketListenerImpl.java:2924)
[05:04:45 WARN]: 	at net.minecraft.server.network.ServerGamePacketListenerImpl.handleContainerClose(ServerGamePacketListenerImpl.java:2916)
[05:04:45 WARN]: 	at net.minecraft.network.protocol.game.ServerboundContainerClosePacket.handle(ServerboundContainerClosePacket.java:33)
[05:04:45 WARN]: 	at net.minecraft.network.protocol.game.ServerboundContainerClosePacket.handle(ServerboundContainerClosePacket.java:8)
[05:04:45 WARN]: 	at net.minecraft.network.PacketProcessor$ListenerAndPacket.handle(PacketProcessor.java:99)
[05:04:45 WARN]: 	at net.minecraft.network.PacketProcessor.executeSinglePacket(PacketProcessor.java:33)
[05:04:45 WARN]: 	at net.minecraft.server.MinecraftServer.pollTask(MinecraftServer.java:1511)
[05:04:45 WARN]: 	at net.minecraft.server.MinecraftServer.recordTaskExecutionTimeWhileWaiting(MinecraftServer.java:1229)
[05:04:45 WARN]: 	at net.minecraft.server.MinecraftServer.runServer(MinecraftServer.java:1352)
[05:04:45 WARN]: 	at net.minecraft.server.MinecraftServer.lambda$spin$2(MinecraftServer.java:384)
[05:04:45 WARN]: 	at java.base/java.lang.Thread.run(Thread.java:1474)
[05:04:45 WARN]: java.lang.NullPointerException
[05:04:45 WARN]: 	at java.base/java.util.Objects.requireNonNull(Objects.java:220)
[05:04:45 WARN]: 	at CommandPanels.jar//me.rockyhawk.commandpanels.generate.GenItemUtils.generatePanelFile(GenItemUtils.java:121)
[05:04:45 WARN]: 	at CommandPanels.jar//me.rockyhawk.commandpanels.generate.GenUtils.generatePanel(GenUtils.java:111)
[05:04:45 WARN]: 	at CommandPanels.jar//me.rockyhawk.commandpanels.generate.GenUtils.onInventoryClose(GenUtils.java:46)
[05:04:45 WARN]: 	at co.aikar.timings.TimedEventExecutor.execute(TimedEventExecutor.java:80)
[05:04:45 WARN]: 	at org.bukkit.plugin.RegisteredListener.callEvent(RegisteredListener.java:71)
[05:04:45 WARN]: 	at io.papermc.paper.plugin.manager.PaperEventManager.callEvent(PaperEventManager.java:54)
[05:04:45 WARN]: 	at io.papermc.paper.plugin.manager.PaperPluginManagerImpl.callEvent(PaperPluginManagerImpl.java:131)
[05:04:45 WARN]: 	at org.bukkit.plugin.SimplePluginManager.callEvent(SimplePluginManager.java:628)
[05:04:45 WARN]: 	at org.bukkit.craftbukkit.event.CraftEventFactory.handleInventoryCloseEvent(CraftEventFactory.java:1464)
[05:04:45 WARN]: 	at net.minecraft.server.network.ServerGamePacketListenerImpl.handleContainerClose(ServerGamePacketListenerImpl.java:2924)
[05:04:45 WARN]: 	at net.minecraft.server.network.ServerGamePacketListenerImpl.handleContainerClose(ServerGamePacketListenerImpl.java:2916)
[05:04:45 WARN]: 	at net.minecraft.network.protocol.game.ServerboundContainerClosePacket.handle(ServerboundContainerClosePacket.java:33)
[05:04:45 WARN]: 	at net.minecraft.network.protocol.game.ServerboundContainerClosePacket.handle(ServerboundContainerClosePacket.java:8)
[05:04:45 WARN]: 	at net.minecraft.network.PacketProcessor$ListenerAndPacket.handle(PacketProcessor.java:99)
[05:04:45 WARN]: 	at net.minecraft.network.PacketProcessor.executeSinglePacket(PacketProcessor.java:33)
[05:04:45 WARN]: 	at net.minecraft.server.MinecraftServer.pollTask(MinecraftServer.java:1511)
[05:04:45 WARN]: 	at net.minecraft.server.MinecraftServer.recordTaskExecutionTimeWhileWaiting(MinecraftServer.java:1229)
[05:04:45 WARN]: 	at net.minecraft.server.MinecraftServer.runServer(MinecraftServer.java:1352)
[05:04:45 WARN]: 	at net.minecraft.server.MinecraftServer.lambda$spin$2(MinecraftServer.java:384)
[05:04:45 WARN]: 	at java.base/java.lang.Thread.run(Thread.java:1474)
[05:04:45 WARN]: java.lang.NullPointerException
[05:04:45 WARN]: 	at java.base/java.util.Objects.requireNonNull(Objects.java:220)
[05:04:45 WARN]: 	at CommandPanels.jar//me.rockyhawk.commandpanels.generate.GenItemUtils.generatePanelFile(GenItemUtils.java:121)
[05:04:45 WARN]: 	at CommandPanels.jar//me.rockyhawk.commandpanels.generate.GenUtils.generatePanel(GenUtils.java:111)
[05:04:45 WARN]: 	at CommandPanels.jar//me.rockyhawk.commandpanels.generate.GenUtils.onInventoryClose(GenUtils.java:46)
[05:04:45 WARN]: 	at co.aikar.timings.TimedEventExecutor.execute(TimedEventExecutor.java:80)
[05:04:45 WARN]: 	at org.bukkit.plugin.RegisteredListener.callEvent(RegisteredListener.java:71)
[05:04:45 WARN]: 	at io.papermc.paper.plugin.manager.PaperEventManager.callEvent(PaperEventManager.java:54)
[05:04:45 WARN]: 	at io.papermc.paper.plugin.manager.PaperPluginManagerImpl.callEvent(PaperPluginManagerImpl.java:131)
[05:04:45 WARN]: 	at org.bukkit.plugin.SimplePluginManager.callEvent(SimplePluginManager.java:628)
[05:04:45 WARN]: 	at org.bukkit.craftbukkit.event.CraftEventFactory.handleInventoryCloseEvent(CraftEventFactory.java:1464)
[05:04:45 WARN]: 	at net.minecraft.server.network.ServerGamePacketListenerImpl.handleContainerClose(ServerGamePacketListenerImpl.java:2924)
[05:04:45 WARN]: 	at net.minecraft.server.network.ServerGamePacketListenerImpl.handleContainerClose(ServerGamePacketListenerImpl.java:2916)
[05:04:45 WARN]: 	at net.minecraft.network.protocol.game.ServerboundContainerClosePacket.handle(ServerboundContainerClosePacket.java:33)
[05:04:45 WARN]: 	at net.minecraft.network.protocol.game.ServerboundContainerClosePacket.handle(ServerboundContainerClosePacket.java:8)
[05:04:45 WARN]: 	at net.minecraft.network.PacketProcessor$ListenerAndPacket.handle(PacketProcessor.java:99)
[05:04:45 WARN]: 	at net.minecraft.network.PacketProcessor.executeSinglePacket(PacketProcessor.java:33)
[05:04:45 WARN]: 	at net.minecraft.server.MinecraftServer.pollTask(MinecraftServer.java:1511)
[05:04:45 WARN]: 	at net.minecraft.server.MinecraftServer.recordTaskExecutionTimeWhileWaiting(MinecraftServer.java:1229)
[05:04:45 WARN]: 	at net.minecraft.server.MinecraftServer.runServer(MinecraftServer.java:1352)
[05:04:45 WARN]: 	at net.minecraft.server.MinecraftServer.lambda$spin$2(MinecraftServer.java:384)
[05:04:45 WARN]: 	at java.base/java.lang.Thread.run(Thread.java:1474)
[05:04:45 WARN]: java.lang.NullPointerException
[05:04:45 WARN]: 	at java.base/java.util.Objects.requireNonNull(Objects.java:220)
[05:04:45 WARN]: 	at CommandPanels.jar//me.rockyhawk.commandpanels.generate.GenItemUtils.generatePanelFile(GenItemUtils.java:121)
[05:04:45 WARN]: 	at CommandPanels.jar//me.rockyhawk.commandpanels.generate.GenUtils.generatePanel(GenUtils.java:111)
[05:04:45 WARN]: 	at CommandPanels.jar//me.rockyhawk.commandpanels.generate.GenUtils.onInventoryClose(GenUtils.java:46)
[05:04:45 WARN]: 	at co.aikar.timings.TimedEventExecutor.execute(TimedEventExecutor.java:80)
[05:04:45 WARN]: 	at org.bukkit.plugin.RegisteredListener.callEvent(RegisteredListener.java:71)
[05:04:45 WARN]: 	at io.papermc.paper.plugin.manager.PaperEventManager.callEvent(PaperEventManager.java:54)
[05:04:45 WARN]: 	at io.papermc.paper.plugin.manager.PaperPluginManagerImpl.callEvent(PaperPluginManagerImpl.java:131)
[05:04:45 WARN]: 	at org.bukkit.plugin.SimplePluginManager.callEvent(SimplePluginManager.java:628)
[05:04:45 WARN]: 	at org.bukkit.craftbukkit.event.CraftEventFactory.handleInventoryCloseEvent(CraftEventFactory.java:1464)
[05:04:45 WARN]: 	at net.minecraft.server.network.ServerGamePacketListenerImpl.handleContainerClose(ServerGamePacketListenerImpl.java:2924)
[05:04:45 WARN]: 	at net.minecraft.server.network.ServerGamePacketListenerImpl.handleContainerClose(ServerGamePacketListenerImpl.java:2916)
[05:04:45 WARN]: 	at net.minecraft.network.protocol.game.ServerboundContainerClosePacket.handle(ServerboundContainerClosePacket.java:33)
[05:04:45 WARN]: 	at net.minecraft.network.protocol.game.ServerboundContainerClosePacket.handle(ServerboundContainerClosePacket.java:8)
[05:04:45 WARN]: 	at net.minecraft.network.PacketProcessor$ListenerAndPacket.handle(PacketProcessor.java:99)
[05:04:45 WARN]: 	at net.minecraft.network.PacketProcessor.executeSinglePacket(PacketProcessor.java:33)
[05:04:45 WARN]: 	at net.minecraft.server.MinecraftServer.pollTask(MinecraftServer.java:1511)
[05:04:45 WARN]: 	at net.minecraft.server.MinecraftServer.recordTaskExecutionTimeWhileWaiting(MinecraftServer.java:1229)
[05:04:45 WARN]: 	at net.minecraft.server.MinecraftServer.runServer(MinecraftServer.java:1352)
[05:04:45 WARN]: 	at net.minecraft.server.MinecraftServer.lambda$spin$2(MinecraftServer.java:384)
[05:04:45 WARN]: 	at java.base/java.lang.Thread.run(Thread.java:1474)
[05:04:45 WARN]: java.lang.NullPointerException
[05:04:45 WARN]: 	at java.base/java.util.Objects.requireNonNull(Objects.java:220)
[05:04:45 WARN]: 	at CommandPanels.jar//me.rockyhawk.commandpanels.generate.GenItemUtils.generatePanelFile(GenItemUtils.java:121)
[05:04:45 WARN]: 	at CommandPanels.jar//me.rockyhawk.commandpanels.generate.GenUtils.generatePanel(GenUtils.java:111)
[05:04:45 WARN]: 	at CommandPanels.jar//me.rockyhawk.commandpanels.generate.GenUtils.onInventoryClose(GenUtils.java:46)
[05:04:45 WARN]: 	at co.aikar.timings.TimedEventExecutor.execute(TimedEventExecutor.java:80)
[05:04:45 WARN]: 	at org.bukkit.plugin.RegisteredListener.callEvent(RegisteredListener.java:71)
[05:04:45 WARN]: 	at io.papermc.paper.plugin.manager.PaperEventManager.callEvent(PaperEventManager.java:54)
[05:04:45 WARN]: 	at io.papermc.paper.plugin.manager.PaperPluginManagerImpl.callEvent(PaperPluginManagerImpl.java:131)
[05:04:45 WARN]: 	at org.bukkit.plugin.SimplePluginManager.callEvent(SimplePluginManager.java:628)
[05:04:45 WARN]: 	at org.bukkit.craftbukkit.event.CraftEventFactory.handleInventoryCloseEvent(CraftEventFactory.java:1464)
[05:04:45 WARN]: 	at net.minecraft.server.network.ServerGamePacketListenerImpl.handleContainerClose(ServerGamePacketListenerImpl.java:2924)
[05:04:45 WARN]: 	at net.minecraft.server.network.ServerGamePacketListenerImpl.handleContainerClose(ServerGamePacketListenerImpl.java:2916)
[05:04:45 WARN]: 	at net.minecraft.network.protocol.game.ServerboundContainerClosePacket.handle(ServerboundContainerClosePacket.java:33)
[05:04:45 WARN]: 	at net.minecraft.network.protocol.game.ServerboundContainerClosePacket.handle(ServerboundContainerClosePacket.java:8)
[05:04:45 WARN]: 	at net.minecraft.network.PacketProcessor$ListenerAndPacket.handle(PacketProcessor.java:99)
[05:04:45 WARN]: 	at net.minecraft.network.PacketProcessor.executeSinglePacket(PacketProcessor.java:33)
[05:04:45 WARN]: 	at net.minecraft.server.MinecraftServer.pollTask(MinecraftServer.java:1511)
[05:04:45 WARN]: 	at net.minecraft.server.MinecraftServer.recordTaskExecutionTimeWhileWaiting(MinecraftServer.java:1229)
[05:04:45 WARN]: 	at net.minecraft.server.MinecraftServer.runServer(MinecraftServer.java:1352)
[05:04:45 WARN]: 	at net.minecraft.server.MinecraftServer.lambda$spin$2(MinecraftServer.java:384)
[05:04:45 WARN]: 	at java.base/java.lang.Thread.run(Thread.java:1474)
[05:04:45 WARN]: java.lang.NullPointerException
[05:04:45 WARN]: 	at java.base/java.util.Objects.requireNonNull(Objects.java:220)
[05:04:45 WARN]: 	at CommandPanels.jar//me.rockyhawk.commandpanels.generate.GenItemUtils.generatePanelFile(GenItemUtils.java:121)
[05:04:45 WARN]: 	at CommandPanels.jar//me.rockyhawk.commandpanels.generate.GenUtils.generatePanel(GenUtils.java:111)
[05:04:45 WARN]: 	at CommandPanels.jar//me.rockyhawk.commandpanels.generate.GenUtils.onInventoryClose(GenUtils.java:46)
[05:04:45 WARN]: 	at co.aikar.timings.TimedEventExecutor.execute(TimedEventExecutor.java:80)
[05:04:45 WARN]: 	at org.bukkit.plugin.RegisteredListener.callEvent(RegisteredListener.java:71)
[05:04:45 WARN]: 	at io.papermc.paper.plugin.manager.PaperEventManager.callEvent(PaperEventManager.java:54)
[05:04:45 WARN]: 	at io.papermc.paper.plugin.manager.PaperPluginManagerImpl.callEvent(PaperPluginManagerImpl.java:131)
[05:04:45 WARN]: 	at org.bukkit.plugin.SimplePluginManager.callEvent(SimplePluginManager.java:628)
[05:04:45 WARN]: 	at org.bukkit.craftbukkit.event.CraftEventFactory.handleInventoryCloseEvent(CraftEventFactory.java:1464)
[05:04:45 WARN]: 	at net.minecraft.server.network.ServerGamePacketListenerImpl.handleContainerClose(ServerGamePacketListenerImpl.java:2924)
[05:04:45 WARN]: 	at net.minecraft.server.network.ServerGamePacketListenerImpl.handleContainerClose(ServerGamePacketListenerImpl.java:2916)
[05:04:45 WARN]: 	at net.minecraft.network.protocol.game.ServerboundContainerClosePacket.handle(ServerboundContainerClosePacket.java:33)
[05:04:45 WARN]: 	at net.minecraft.network.protocol.game.ServerboundContainerClosePacket.handle(ServerboundContainerClosePacket.java:8)
[05:04:45 WARN]: 	at net.minecraft.network.PacketProcessor$ListenerAndPacket.handle(PacketProcessor.java:99)
[05:04:45 WARN]: 	at net.minecraft.network.PacketProcessor.executeSinglePacket(PacketProcessor.java:33)
[05:04:45 WARN]: 	at net.minecraft.server.MinecraftServer.pollTask(MinecraftServer.java:1511)
[05:04:45 WARN]: 	at net.minecraft.server.MinecraftServer.recordTaskExecutionTimeWhileWaiting(MinecraftServer.java:1229)
[05:04:45 WARN]: 	at net.minecraft.server.MinecraftServer.runServer(MinecraftServer.java:1352)
[05:04:45 WARN]: 	at net.minecraft.server.MinecraftServer.lambda$spin$2(MinecraftServer.java:384)
[05:04:45 WARN]: 	at java.base/java.lang.Thread.run(Thread.java:1474)
[05:04:45 WARN]: java.lang.NullPointerException
[05:04:45 WARN]: 	at java.base/java.util.Objects.requireNonNull(Objects.java:220)
[05:04:45 WARN]: 	at CommandPanels.jar//me.rockyhawk.commandpanels.generate.GenItemUtils.generatePanelFile(GenItemUtils.java:121)
[05:04:45 WARN]: 	at CommandPanels.jar//me.rockyhawk.commandpanels.generate.GenUtils.generatePanel(GenUtils.java:111)
[05:04:45 WARN]: 	at CommandPanels.jar//me.rockyhawk.commandpanels.generate.GenUtils.onInventoryClose(GenUtils.java:46)
[05:04:45 WARN]: 	at co.aikar.timings.TimedEventExecutor.execute(TimedEventExecutor.java:80)
[05:04:45 WARN]: 	at org.bukkit.plugin.RegisteredListener.callEvent(RegisteredListener.java:71)
[05:04:45 WARN]: 	at io.papermc.paper.plugin.manager.PaperEventManager.callEvent(PaperEventManager.java:54)
[05:04:45 WARN]: 	at io.papermc.paper.plugin.manager.PaperPluginManagerImpl.callEvent(PaperPluginManagerImpl.java:131)
[05:04:45 WARN]: 	at org.bukkit.plugin.SimplePluginManager.callEvent(SimplePluginManager.java:628)
[05:04:45 WARN]: 	at org.bukkit.craftbukkit.event.CraftEventFactory.handleInventoryCloseEvent(CraftEventFactory.java:1464)
[05:04:45 WARN]: 	at net.minecraft.server.network.ServerGamePacketListenerImpl.handleContainerClose(ServerGamePacketListenerImpl.java:2924)
[05:04:45 WARN]: 	at net.minecraft.server.network.ServerGamePacketListenerImpl.handleContainerClose(ServerGamePacketListenerImpl.java:2916)
[05:04:45 WARN]: 	at net.minecraft.network.protocol.game.ServerboundContainerClosePacket.handle(ServerboundContainerClosePacket.java:33)
[05:04:45 WARN]: 	at net.minecraft.network.protocol.game.ServerboundContainerClosePacket.handle(ServerboundContainerClosePacket.java:8)
[05:04:45 WARN]: 	at net.minecraft.network.PacketProcessor$ListenerAndPacket.handle(PacketProcessor.java:99)
[05:04:45 WARN]: 	at net.minecraft.network.PacketProcessor.executeSinglePacket(PacketProcessor.java:33)
[05:04:45 WARN]: 	at net.minecraft.server.MinecraftServer.pollTask(MinecraftServer.java:1511)
[05:04:45 WARN]: 	at net.minecraft.server.MinecraftServer.recordTaskExecutionTimeWhileWaiting(MinecraftServer.java:1229)
[05:04:45 WARN]: 	at net.minecraft.server.MinecraftServer.runServer(MinecraftServer.java:1352)
[05:04:45 WARN]: 	at net.minecraft.server.MinecraftServer.lambda$spin$2(MinecraftServer.java:384)
[05:04:45 WARN]: 	at java.base/java.lang.Thread.run(Thread.java:1474)
[05:06:08 INFO]: apolofs issued server command: /cpr
[05:06:55 INFO]: apolofs issued server command: /cpr
[05:07:05 INFO]: apolofs issued server command: /cpe minas.yml
[05:07:40 INFO]: apolofs issued server command: /cpl
[05:08:01 INFO]: apolofs issued server command: /cp minas
[05:10:06 INFO]: apolofs issued server command: /cp minas
[05:11:32 INFO]: XVaults Data Auto-Saved.
[05:11:32 INFO]: [BattlePass] [STDOUT] Leaderboards reloaded in 7 ms
[05:11:32 WARN]: Nag author(s): '[]' of 'BattlePass v5.0.3' about their usage of System.out/err.print. Please use your plugin's logger instead (JavaPlugin#getLogger).
[05:13:30 INFO]: apolofs issued server command: /cp minas
[05:15:48 INFO]: apolofs issued server command: /cpr
[05:15:49 INFO]: apolofs issued server command: /cp minas
[05:17:25 INFO]: apolofs issued server command: /cpr
[05:17:27 INFO]: apolofs issued server command: /cp minas
[05:21:32 INFO]: [BattlePass] [STDOUT] Leaderboards reloaded in 30 ms
[05:21:32 WARN]: Nag author(s): '[]' of 'BattlePass v5.0.3' about their usage of System.out/err.print. Please use your plugin's logger instead (JavaPlugin#getLogger).
[05:24:23 INFO]: apolofs issued server command: /cpr
[05:24:25 INFO]: apolofs issued server command: /cp minas
[05:26:32 INFO]: XVaults Data Auto-Saved.
[05:31:32 INFO]: [BattlePass] [STDOUT] Leaderboards reloaded in 7 ms
[05:31:32 WARN]: Nag author(s): '[]' of 'BattlePass v5.0.3' about their usage of System.out/err.print. Please use your plugin's logger instead (JavaPlugin#getLogger).
[05:33:13 INFO]: apolofs issued server command: /cpr
[05:33:15 INFO]: apolofs issued server command: /cp minas
[05:33:15 INFO]: [38;2;255;170;0m[[38;2;85;255;255mCommandPanels[38;2;255;170;0m] [38;2;255;85;85mError found in config. head material: Could not load skull[0m
[05:33:16 INFO]: [38;2;255;170;0m[[38;2;85;255;255mCommandPanels[38;2;255;170;0m] [38;2;255;85;85mError found in config. head material: Could not load skull[0m
[05:33:17 INFO]: [38;2;255;170;0m[[38;2;85;255;255mCommandPanels[38;2;255;170;0m] [38;2;255;85;85mError found in config. head material: Could not load skull[0m
[05:33:18 INFO]: [38;2;255;170;0m[[38;2;85;255;255mCommandPanels[38;2;255;170;0m] [38;2;255;85;85mError found in config. head material: Could not load skull[0m
[05:33:19 INFO]: [38;2;255;170;0m[[38;2;85;255;255mCommandPanels[38;2;255;170;0m] [38;2;255;85;85mError found in config. head material: Could not load skull[0m
[05:33:20 INFO]: [38;2;255;170;0m[[38;2;85;255;255mCommandPanels[38;2;255;170;0m] [38;2;255;85;85mError found in config. head material: Could not load skull[0m
[05:33:21 INFO]: [38;2;255;170;0m[[38;2;85;255;255mCommandPanels[38;2;255;170;0m] [38;2;255;85;85mError found in config. head material: Could not load skull[0m
[05:33:22 INFO]: [38;2;255;170;0m[[38;2;85;255;255mCommandPanels[38;2;255;170;0m] [38;2;255;85;85mError found in config. head material: Could not load skull[0m
[05:33:23 INFO]: [38;2;255;170;0m[[38;2;85;255;255mCommandPanels[38;2;255;170;0m] [38;2;255;85;85mError found in config. head material: Could not load skull[0m
[05:33:24 INFO]: [38;2;255;170;0m[[38;2;85;255;255mCommandPanels[38;2;255;170;0m] [38;2;255;85;85mError found in config. head material: Could not load skull[0m
[05:33:25 INFO]: [38;2;255;170;0m[[38;2;85;255;255mCommandPanels[38;2;255;170;0m] [38;2;255;85;85mError found in config. head material: Could not load skull[0m
[05:33:26 INFO]: [38;2;255;170;0m[[38;2;85;255;255mCommandPanels[38;2;255;170;0m] [38;2;255;85;85mError found in config. head material: Could not load skull[0m
[05:33:29 INFO]: apolofs issued server command: /cpr
[05:33:30 INFO]: apolofs issued server command: /cp minas
[05:34:02 INFO]: apolofs issued server command: /ranks
[05:34:51 INFO]: apolofs was kicked due to keepalive timeout!
[05:34:51 INFO]: apolofs lost connection: Timed out
[05:34:51 INFO]: [38;2;255;0;0mapolofs has left the server![0m
[05:36:09 INFO]: UUID of player apolofs is 9e9c9df8-57aa-3ef3-8bb9-b85629a1c59c
[05:36:18 INFO]: [38;2;0;255;0mWelcome apolofs to the server![0m
[05:36:18 INFO]: apolofs[/192.168.194.149:51085] logged in with entity id 83 at ([spawn2]-11.072366229319455, 64.0, 100.56199341097648)
[05:36:18 INFO]: [RealScoreboard] Using 1.17+ ping method.
[05:36:18 INFO]: [nLogin] The user apolofs has successfully logged in.
[05:36:23 INFO]: apolofs issued server command: /cpr
[05:36:25 INFO]: apolofs issued server command: /cp minas
[05:36:36 INFO]: apolofs issued server command: /ranks
[05:40:19 INFO]: apolofs issued server command: /cpr
[05:40:20 INFO]: apolofs issued server command: /cp minas
[05:40:42 INFO]: apolofs issued server command: /cpr
[05:40:43 INFO]: apolofs issued server command: /cp minas
[05:41:33 INFO]: XVaults Data Auto-Saved.
[05:41:33 INFO]: [BattlePass] [STDOUT] Leaderboards reloaded in 9 ms
[05:41:33 WARN]: Nag author(s): '[]' of 'BattlePass v5.0.3' about their usage of System.out/err.print. Please use your plugin's logger instead (JavaPlugin#getLogger).
[05:42:08 INFO]: apolofs issued server command: /cpr
[05:42:09 INFO]: apolofs issued server command: /cp minas
[05:45:04 INFO]: apolofs issued server command: /cpr
[05:45:05 INFO]: apolofs issued server command: /cp minas
[05:45:34 INFO]: apolofs issued server command: /cpr
[05:45:35 INFO]: apolofs issued server command: /cp minas
[05:46:53 INFO]: apolofs issued server command: /cpr
[05:46:54 INFO]: apolofs issued server command: /cp minas
[05:46:59 INFO]: apolofs lost connection: Disconnected
[05:46:59 INFO]: [38;2;255;0;0mapolofs has left the server![0m
[05:49:55 INFO]: UUID of player apolofs is 9e9c9df8-57aa-3ef3-8bb9-b85629a1c59c
[05:50:01 INFO]: [38;2;0;255;0mWelcome apolofs to the server![0m
[05:50:01 INFO]: apolofs[/192.168.194.149:51184] logged in with entity id 98 at ([spawn2]-10.699999988079071, 64.0, 99.88829368861438)
[05:50:01 INFO]: [nLogin] The user apolofs has successfully logged in.
[05:50:06 INFO]: apolofs issued server command: /cpr
[05:50:08 INFO]: apolofs issued server command: /cp minas
[05:51:33 INFO]: [BattlePass] [STDOUT] Leaderboards reloaded in 9 ms
[05:51:33 WARN]: Nag author(s): '[]' of 'BattlePass v5.0.3' about their usage of System.out/err.print. Please use your plugin's logger instead (JavaPlugin#getLogger).
[05:56:33 INFO]: XVaults Data Auto-Saved.
[05:57:23 INFO]: apolofs issued server command: /cpr
[05:57:23 ERROR]: Cannot load plugins/CommandPanels/panels/minas.yml
org.bukkit.configuration.InvalidConfigurationException: while parsing a block collection
 in 'reader', line 135, column 11:
              - '§7| ᴀᴘʀᴏᴠᴇᴄʜᴀ ʏ ᴄᴏɴѕɪɢᴜᴇ ʀᴇᴄᴜ ... 
              ^
expected <block end>, but found '<scalar>'
 in 'reader', line 139, column 14:
              - '§7» ᴘᴠᴘ:: §aᴅᴇsᴀᴄᴛɪᴠᴀᴅᴏ'
                 ^

	at org.bukkit.configuration.file.YamlConfiguration.loadFromString(YamlConfiguration.java:112) ~[paper-api-1.21.10-R0.1-SNAPSHOT.jar:?]
	at org.bukkit.configuration.file.FileConfiguration.load(FileConfiguration.java:160) ~[paper-api-1.21.10-R0.1-SNAPSHOT.jar:?]
	at org.bukkit.configuration.file.FileConfiguration.load(FileConfiguration.java:128) ~[paper-api-1.21.10-R0.1-SNAPSHOT.jar:?]
	at org.bukkit.configuration.file.YamlConfiguration.loadConfiguration(YamlConfiguration.java:310) ~[paper-api-1.21.10-R0.1-SNAPSHOT.jar:?]
	at CommandPanels.jar/me.rockyhawk.commandpanels.commands.ReloadCommand.fileNamesFromDirectory(ReloadCommand.java:99) ~[CommandPanels.jar:?]
	at CommandPanels.jar/me.rockyhawk.commandpanels.commands.ReloadCommand.reloadPanelFiles(ReloadCommand.java:77) ~[CommandPanels.jar:?]
	at CommandPanels.jar/me.rockyhawk.commandpanels.commands.ReloadCommand.lambda$onCommand$1(ReloadCommand.java:35) ~[CommandPanels.jar:?]
	at CommandPanels.jar/me.rockyhawk.commandpanels.manager.refresh.SchedulerAdapter.lambda$runTaskAsynchronously$6(SchedulerAdapter.java:114) ~[CommandPanels.jar:?]
	at io.papermc.paper.threadedregions.scheduler.FoliaAsyncScheduler$AsyncScheduledTask.run(FoliaAsyncScheduler.java:216) ~[paper-1.21.10.jar:?]
	at java.base/java.util.concurrent.ThreadPoolExecutor.runWorker(ThreadPoolExecutor.java:1090) ~[?:?]
	at java.base/java.util.concurrent.ThreadPoolExecutor$Worker.run(ThreadPoolExecutor.java:614) ~[?:?]
	at java.base/java.lang.Thread.run(Thread.java:1474) ~[?:?]
Caused by: org.yaml.snakeyaml.parser.ParserException: while parsing a block collection
 in 'reader', line 135, column 11:
              - '§7| ᴀᴘʀᴏᴠᴇᴄʜᴀ ʏ ᴄᴏɴѕɪɢᴜᴇ ʀᴇᴄᴜ ... 
              ^
expected <block end>, but found '<scalar>'
 in 'reader', line 139, column 14:
              - '§7» ᴘᴠᴘ:: §aᴅᴇsᴀᴄᴛɪᴠᴀᴅᴏ'
                 ^

	at org.yaml.snakeyaml.parser.ParserImpl$ParseBlockSequenceEntryKey.produce(ParserImpl.java:548) ~[snakeyaml-2.2.jar:?]
	at org.yaml.snakeyaml.parser.ParserImpl.peekEvent(ParserImpl.java:161) ~[snakeyaml-2.2.jar:?]
	at org.yaml.snakeyaml.comments.CommentEventsCollector$1.peek(CommentEventsCollector.java:57) ~[snakeyaml-2.2.jar:?]
	at org.yaml.snakeyaml.comments.CommentEventsCollector$1.peek(CommentEventsCollector.java:43) ~[snakeyaml-2.2.jar:?]
	at org.yaml.snakeyaml.comments.CommentEventsCollector.collectEvents(CommentEventsCollector.java:136) ~[snakeyaml-2.2.jar:?]
	at org.yaml.snakeyaml.comments.CommentEventsCollector.collectEvents(CommentEventsCollector.java:116) ~[snakeyaml-2.2.jar:?]
	at org.yaml.snakeyaml.composer.Composer.composeScalarNode(Composer.java:241) ~[snakeyaml-2.2.jar:?]
	at org.yaml.snakeyaml.composer.Composer.composeNode(Composer.java:205) ~[snakeyaml-2.2.jar:?]
	at org.yaml.snakeyaml.composer.Composer.composeSequenceNode(Composer.java:277) ~[snakeyaml-2.2.jar:?]
	at org.yaml.snakeyaml.composer.Composer.composeNode(Composer.java:207) ~[snakeyaml-2.2.jar:?]
	at org.yaml.snakeyaml.composer.Composer.composeValueNode(Composer.java:369) ~[snakeyaml-2.2.jar:?]
	at org.yaml.snakeyaml.composer.Composer.composeMappingChildren(Composer.java:348) ~[snakeyaml-2.2.jar:?]
	at org.yaml.snakeyaml.composer.Composer.composeMappingNode(Composer.java:323) ~[snakeyaml-2.2.jar:?]
	at org.yaml.snakeyaml.composer.Composer.composeNode(Composer.java:209) ~[snakeyaml-2.2.jar:?]
	at org.yaml.snakeyaml.composer.Composer.composeValueNode(Composer.java:369) ~[snakeyaml-2.2.jar:?]
	at org.yaml.snakeyaml.composer.Composer.composeMappingChildren(Composer.java:348) ~[snakeyaml-2.2.jar:?]
	at org.yaml.snakeyaml.composer.Composer.composeMappingNode(Composer.java:323) ~[snakeyaml-2.2.jar:?]
	at org.yaml.snakeyaml.composer.Composer.composeNode(Composer.java:209) ~[snakeyaml-2.2.jar:?]
	at org.yaml.snakeyaml.composer.Composer.composeValueNode(Composer.java:369) ~[snakeyaml-2.2.jar:?]
	at org.yaml.snakeyaml.composer.Composer.composeMappingChildren(Composer.java:348) ~[snakeyaml-2.2.jar:?]
	at org.yaml.snakeyaml.composer.Composer.composeMappingNode(Composer.java:323) ~[snakeyaml-2.2.jar:?]
	at org.yaml.snakeyaml.composer.Composer.composeNode(Composer.java:209) ~[snakeyaml-2.2.jar:?]
	at org.yaml.snakeyaml.composer.Composer.composeValueNode(Composer.java:369) ~[snakeyaml-2.2.jar:?]
	at org.yaml.snakeyaml.composer.Composer.composeMappingChildren(Composer.java:348) ~[snakeyaml-2.2.jar:?]
	at org.yaml.snakeyaml.composer.Composer.composeMappingNode(Composer.java:323) ~[snakeyaml-2.2.jar:?]
	at org.yaml.snakeyaml.composer.Composer.composeNode(Composer.java:209) ~[snakeyaml-2.2.jar:?]
	at org.yaml.snakeyaml.composer.Composer.composeValueNode(Composer.java:369) ~[snakeyaml-2.2.jar:?]
	at org.yaml.snakeyaml.composer.Composer.composeMappingChildren(Composer.java:348) ~[snakeyaml-2.2.jar:?]
	at org.yaml.snakeyaml.composer.Composer.composeMappingNode(Composer.java:323) ~[snakeyaml-2.2.jar:?]
	at org.yaml.snakeyaml.composer.Composer.composeNode(Composer.java:209) ~[snakeyaml-2.2.jar:?]
	at org.yaml.snakeyaml.composer.Composer.getNode(Composer.java:131) ~[snakeyaml-2.2.jar:?]
	at org.yaml.snakeyaml.composer.Composer.getSingleNode(Composer.java:157) ~[snakeyaml-2.2.jar:?]
	at org.yaml.snakeyaml.Yaml.compose(Yaml.java:575) ~[snakeyaml-2.2.jar:?]
	at org.bukkit.configuration.file.YamlConfiguration.loadFromString(YamlConfiguration.java:105) ~[paper-api-1.21.10-R0.1-SNAPSHOT.jar:?]
	... 11 more
[05:57:23 ERROR]: Cannot load plugins/CommandPanels/panels/minas.yml
org.bukkit.configuration.InvalidConfigurationException: while parsing a block collection
 in 'reader', line 135, column 11:
              - '§7| ᴀᴘʀᴏᴠᴇᴄʜᴀ ʏ ᴄᴏɴѕɪɢᴜᴇ ʀᴇᴄᴜ ... 
              ^
expected <block end>, but found '<scalar>'
 in 'reader', line 139, column 14:
              - '§7» ᴘᴠᴘ:: §aᴅᴇsᴀᴄᴛɪᴠᴀᴅᴏ'
                 ^

	at org.bukkit.configuration.file.YamlConfiguration.loadFromString(YamlConfiguration.java:112) ~[paper-api-1.21.10-R0.1-SNAPSHOT.jar:?]
	at org.bukkit.configuration.file.FileConfiguration.load(FileConfiguration.java:160) ~[paper-api-1.21.10-R0.1-SNAPSHOT.jar:?]
	at org.bukkit.configuration.file.FileConfiguration.load(FileConfiguration.java:128) ~[paper-api-1.21.10-R0.1-SNAPSHOT.jar:?]
	at org.bukkit.configuration.file.YamlConfiguration.loadConfiguration(YamlConfiguration.java:310) ~[paper-api-1.21.10-R0.1-SNAPSHOT.jar:?]
	at CommandPanels.jar/me.rockyhawk.commandpanels.commands.ReloadCommand.fileNamesFromDirectory(ReloadCommand.java:102) ~[CommandPanels.jar:?]
	at CommandPanels.jar/me.rockyhawk.commandpanels.commands.ReloadCommand.reloadPanelFiles(ReloadCommand.java:77) ~[CommandPanels.jar:?]
	at CommandPanels.jar/me.rockyhawk.commandpanels.commands.ReloadCommand.lambda$onCommand$1(ReloadCommand.java:35) ~[CommandPanels.jar:?]
	at CommandPanels.jar/me.rockyhawk.commandpanels.manager.refresh.SchedulerAdapter.lambda$runTaskAsynchronously$6(SchedulerAdapter.java:114) ~[CommandPanels.jar:?]
	at io.papermc.paper.threadedregions.scheduler.FoliaAsyncScheduler$AsyncScheduledTask.run(FoliaAsyncScheduler.java:216) ~[paper-1.21.10.jar:?]
	at java.base/java.util.concurrent.ThreadPoolExecutor.runWorker(ThreadPoolExecutor.java:1090) ~[?:?]
	at java.base/java.util.concurrent.ThreadPoolExecutor$Worker.run(ThreadPoolExecutor.java:614) ~[?:?]
	at java.base/java.lang.Thread.run(Thread.java:1474) ~[?:?]
Caused by: org.yaml.snakeyaml.parser.ParserException: while parsing a block collection
 in 'reader', line 135, column 11:
              - '§7| ᴀᴘʀᴏᴠᴇᴄʜᴀ ʏ ᴄᴏɴѕɪɢᴜᴇ ʀᴇᴄᴜ ... 
              ^
expected <block end>, but found '<scalar>'
 in 'reader', line 139, column 14:
              - '§7» ᴘᴠᴘ:: §aᴅᴇsᴀᴄᴛɪᴠᴀᴅᴏ'
                 ^

	at org.yaml.snakeyaml.parser.ParserImpl$ParseBlockSequenceEntryKey.produce(ParserImpl.java:548) ~[snakeyaml-2.2.jar:?]
	at org.yaml.snakeyaml.parser.ParserImpl.peekEvent(ParserImpl.java:161) ~[snakeyaml-2.2.jar:?]
	at org.yaml.snakeyaml.comments.CommentEventsCollector$1.peek(CommentEventsCollector.java:57) ~[snakeyaml-2.2.jar:?]
	at org.yaml.snakeyaml.comments.CommentEventsCollector$1.peek(CommentEventsCollector.java:43) ~[snakeyaml-2.2.jar:?]
	at org.yaml.snakeyaml.comments.CommentEventsCollector.collectEvents(CommentEventsCollector.java:136) ~[snakeyaml-2.2.jar:?]
	at org.yaml.snakeyaml.comments.CommentEventsCollector.collectEvents(CommentEventsCollector.java:116) ~[snakeyaml-2.2.jar:?]
	at org.yaml.snakeyaml.composer.Composer.composeScalarNode(Composer.java:241) ~[snakeyaml-2.2.jar:?]
	at org.yaml.snakeyaml.composer.Composer.composeNode(Composer.java:205) ~[snakeyaml-2.2.jar:?]
	at org.yaml.snakeyaml.composer.Composer.composeSequenceNode(Composer.java:277) ~[snakeyaml-2.2.jar:?]
	at org.yaml.snakeyaml.composer.Composer.composeNode(Composer.java:207) ~[snakeyaml-2.2.jar:?]
	at org.yaml.snakeyaml.composer.Composer.composeValueNode(Composer.java:369) ~[snakeyaml-2.2.jar:?]
	at org.yaml.snakeyaml.composer.Composer.composeMappingChildren(Composer.java:348) ~[snakeyaml-2.2.jar:?]
	at org.yaml.snakeyaml.composer.Composer.composeMappingNode(Composer.java:323) ~[snakeyaml-2.2.jar:?]
	at org.yaml.snakeyaml.composer.Composer.composeNode(Composer.java:209) ~[snakeyaml-2.2.jar:?]
	at org.yaml.snakeyaml.composer.Composer.composeValueNode(Composer.java:369) ~[snakeyaml-2.2.jar:?]
	at org.yaml.snakeyaml.composer.Composer.composeMappingChildren(Composer.java:348) ~[snakeyaml-2.2.jar:?]
	at org.yaml.snakeyaml.composer.Composer.composeMappingNode(Composer.java:323) ~[snakeyaml-2.2.jar:?]
	at org.yaml.snakeyaml.composer.Composer.composeNode(Composer.java:209) ~[snakeyaml-2.2.jar:?]
	at org.yaml.snakeyaml.composer.Composer.composeValueNode(Composer.java:369) ~[snakeyaml-2.2.jar:?]
	at org.yaml.snakeyaml.composer.Composer.composeMappingChildren(Composer.java:348) ~[snakeyaml-2.2.jar:?]
	at org.yaml.snakeyaml.composer.Composer.composeMappingNode(Composer.java:323) ~[snakeyaml-2.2.jar:?]
	at org.yaml.snakeyaml.composer.Composer.composeNode(Composer.java:209) ~[snakeyaml-2.2.jar:?]
	at org.yaml.snakeyaml.composer.Composer.composeValueNode(Composer.java:369) ~[snakeyaml-2.2.jar:?]
	at org.yaml.snakeyaml.composer.Composer.composeMappingChildren(Composer.java:348) ~[snakeyaml-2.2.jar:?]
	at org.yaml.snakeyaml.composer.Composer.composeMappingNode(Composer.java:323) ~[snakeyaml-2.2.jar:?]
	at org.yaml.snakeyaml.composer.Composer.composeNode(Composer.java:209) ~[snakeyaml-2.2.jar:?]
	at org.yaml.snakeyaml.composer.Composer.composeValueNode(Composer.java:369) ~[snakeyaml-2.2.jar:?]
	at org.yaml.snakeyaml.composer.Composer.composeMappingChildren(Composer.java:348) ~[snakeyaml-2.2.jar:?]
	at org.yaml.snakeyaml.composer.Composer.composeMappingNode(Composer.java:323) ~[snakeyaml-2.2.jar:?]
	at org.yaml.snakeyaml.composer.Composer.composeNode(Composer.java:209) ~[snakeyaml-2.2.jar:?]
	at org.yaml.snakeyaml.composer.Composer.getNode(Composer.java:131) ~[snakeyaml-2.2.jar:?]
	at org.yaml.snakeyaml.composer.Composer.getSingleNode(Composer.java:157) ~[snakeyaml-2.2.jar:?]
	at org.yaml.snakeyaml.Yaml.compose(Yaml.java:575) ~[snakeyaml-2.2.jar:?]
	at org.bukkit.configuration.file.YamlConfiguration.loadFromString(YamlConfiguration.java:105) ~[paper-api-1.21.10-R0.1-SNAPSHOT.jar:?]
	... 11 more
[05:57:23 INFO]: [38;2;255;85;85mError in file: minas.yml[0m
[05:57:23 INFO]: [CommandPanels][38;2;255;85;85m Error in: minas.yml[0m
[05:57:24 INFO]: apolofs issued server command: /cp minas
[05:57:44 INFO]: apolofs issued server command: /cp minas
[05:58:19 INFO]: apolofs issued server command: /cpr
[05:58:21 INFO]: apolofs issued server command: /cp minas
[05:59:14 INFO]: apolofs issued server command: /cpr
[05:59:15 INFO]: apolofs issued server command: /cp minas
[06:00:37 INFO]: apolofs issued server command: /cpr
[06:00:38 INFO]: apolofs issued server command: /cp minas
[06:00:52 INFO]: apolofs issued server command: /cpr
[06:00:54 INFO]: apolofs issued server command: /cp minas
[06:01:33 INFO]: [BattlePass] [STDOUT] Leaderboards reloaded in 25 ms
[06:01:33 WARN]: Nag author(s): '[]' of 'BattlePass v5.0.3' about their usage of System.out/err.print. Please use your plugin's logger instead (JavaPlugin#getLogger).
[06:03:34 INFO]: apolofs issued server command: /cpr
[06:03:35 INFO]: apolofs issued server command: /cp minas
[06:04:47 INFO]: apolofs issued server command: /cpr
[06:04:47 INFO]: apolofs issued server command: /cp minas
[06:06:03 INFO]: apolofs lost connection: Disconnected
[06:06:04 INFO]: [38;2;255;0;0mapolofs has left the server![0m
[06:10:15 INFO]: UUID of player apolofs is 9e9c9df8-57aa-3ef3-8bb9-b85629a1c59c
[06:10:21 INFO]: [38;2;0;255;0mWelcome apolofs to the server![0m
[06:10:21 INFO]: apolofs[/192.168.194.149:51351] logged in with entity id 113 at ([spawn2]-10.699999988079071, 64.0, 99.88829368861438)
[06:10:21 INFO]: [nLogin] The user apolofs has successfully logged in.
[06:10:25 INFO]: apolofs issued server command: /cpr
[06:10:27 INFO]: apolofs issued server command: /cp minas
[06:11:33 INFO]: XVaults Data Auto-Saved.
[06:11:33 INFO]: [BattlePass] [STDOUT] Leaderboards reloaded in 9 ms
[06:11:33 WARN]: Nag author(s): '[]' of 'BattlePass v5.0.3' about their usage of System.out/err.print. Please use your plugin's logger instead (JavaPlugin#getLogger).
[06:12:48 INFO]: apolofs issued server command: /cpr
[06:12:49 INFO]: apolofs issued server command: /cp minas
[06:16:34 INFO]: apolofs issued server command: /cpr
[06:16:35 INFO]: apolofs issued server command: /cp minas
[06:17:30 INFO]: apolofs issued server command: /cpr
[06:17:31 INFO]: apolofs issued server command: /cp minas
[06:18:21 INFO]: apolofs issued server command: /cp minas
[06:19:19 INFO]: apolofs issued server command: /cpr
[06:19:19 INFO]: apolofs issued server command: /cp minas
[06:20:06 INFO]: apolofs issued server command: /cpr
[06:20:07 INFO]: apolofs issued server command: /cp minas
[06:20:57 INFO]: apolofs issued server command: /zmenu open zmenu:recompensas
[06:21:33 INFO]: [BattlePass] [STDOUT] Leaderboards reloaded in 7 ms
[06:21:33 WARN]: Nag author(s): '[]' of 'BattlePass v5.0.3' about their usage of System.out/err.print. Please use your plugin's logger instead (JavaPlugin#getLogger).
[06:22:33 INFO]: apolofs issued server command: /cpr
[06:22:34 INFO]: apolofs issued server command: /cp minas
[06:25:09 INFO]: apolofs issued server command: /cpr
[06:25:09 ERROR]: Cannot load plugins/CommandPanels/panels/minas.yml
org.bukkit.configuration.InvalidConfigurationException: while parsing a block collection
 in 'reader', line 115, column 11:
              - '§7| &fᴜɴᴀ ᴍɪɴᴀ ᴅᴇ ɴɪᴠᴇʟ ᴘɪxᴇʟᴀᴛᴏ'
              ^
expected <block end>, but found '?'
 in 'reader', line 124, column 11:
              Skulls:ID: 586
              ^

	at org.bukkit.configuration.file.YamlConfiguration.loadFromString(YamlConfiguration.java:112) ~[paper-api-1.21.10-R0.1-SNAPSHOT.jar:?]
	at org.bukkit.configuration.file.FileConfiguration.load(FileConfiguration.java:160) ~[paper-api-1.21.10-R0.1-SNAPSHOT.jar:?]
	at org.bukkit.configuration.file.FileConfiguration.load(FileConfiguration.java:128) ~[paper-api-1.21.10-R0.1-SNAPSHOT.jar:?]
	at org.bukkit.configuration.file.YamlConfiguration.loadConfiguration(YamlConfiguration.java:310) ~[paper-api-1.21.10-R0.1-SNAPSHOT.jar:?]
	at CommandPanels.jar/me.rockyhawk.commandpanels.commands.ReloadCommand.fileNamesFromDirectory(ReloadCommand.java:99) ~[CommandPanels.jar:?]
	at CommandPanels.jar/me.rockyhawk.commandpanels.commands.ReloadCommand.reloadPanelFiles(ReloadCommand.java:77) ~[CommandPanels.jar:?]
	at CommandPanels.jar/me.rockyhawk.commandpanels.commands.ReloadCommand.lambda$onCommand$1(ReloadCommand.java:35) ~[CommandPanels.jar:?]
	at CommandPanels.jar/me.rockyhawk.commandpanels.manager.refresh.SchedulerAdapter.lambda$runTaskAsynchronously$6(SchedulerAdapter.java:114) ~[CommandPanels.jar:?]
	at io.papermc.paper.threadedregions.scheduler.FoliaAsyncScheduler$AsyncScheduledTask.run(FoliaAsyncScheduler.java:216) ~[paper-1.21.10.jar:?]
	at java.base/java.util.concurrent.ThreadPoolExecutor.runWorker(ThreadPoolExecutor.java:1090) ~[?:?]
	at java.base/java.util.concurrent.ThreadPoolExecutor$Worker.run(ThreadPoolExecutor.java:614) ~[?:?]
	at java.base/java.lang.Thread.run(Thread.java:1474) ~[?:?]
Caused by: org.yaml.snakeyaml.parser.ParserException: while parsing a block collection
 in 'reader', line 115, column 11:
              - '§7| &fᴜɴᴀ ᴍɪɴᴀ ᴅᴇ ɴɪᴠᴇʟ ᴘɪxᴇʟᴀᴛᴏ'
              ^
expected <block end>, but found '?'
 in 'reader', line 124, column 11:
              Skulls:ID: 586
              ^

	at org.yaml.snakeyaml.parser.ParserImpl$ParseBlockSequenceEntryKey.produce(ParserImpl.java:548) ~[snakeyaml-2.2.jar:?]
	at org.yaml.snakeyaml.parser.ParserImpl.peekEvent(ParserImpl.java:161) ~[snakeyaml-2.2.jar:?]
	at org.yaml.snakeyaml.comments.CommentEventsCollector$1.peek(CommentEventsCollector.java:57) ~[snakeyaml-2.2.jar:?]
	at org.yaml.snakeyaml.comments.CommentEventsCollector$1.peek(CommentEventsCollector.java:43) ~[snakeyaml-2.2.jar:?]
	at org.yaml.snakeyaml.comments.CommentEventsCollector.collectEvents(CommentEventsCollector.java:136) ~[snakeyaml-2.2.jar:?]
	at org.yaml.snakeyaml.comments.CommentEventsCollector.collectEvents(CommentEventsCollector.java:116) ~[snakeyaml-2.2.jar:?]
	at org.yaml.snakeyaml.composer.Composer.composeScalarNode(Composer.java:241) ~[snakeyaml-2.2.jar:?]
	at org.yaml.snakeyaml.composer.Composer.composeNode(Composer.java:205) ~[snakeyaml-2.2.jar:?]
	at org.yaml.snakeyaml.composer.Composer.composeSequenceNode(Composer.java:277) ~[snakeyaml-2.2.jar:?]
	at org.yaml.snakeyaml.composer.Composer.composeNode(Composer.java:207) ~[snakeyaml-2.2.jar:?]
	at org.yaml.snakeyaml.composer.Composer.composeValueNode(Composer.java:369) ~[snakeyaml-2.2.jar:?]
	at org.yaml.snakeyaml.composer.Composer.composeMappingChildren(Composer.java:348) ~[snakeyaml-2.2.jar:?]
	at org.yaml.snakeyaml.composer.Composer.composeMappingNode(Composer.java:323) ~[snakeyaml-2.2.jar:?]
	at org.yaml.snakeyaml.composer.Composer.composeNode(Composer.java:209) ~[snakeyaml-2.2.jar:?]
	at org.yaml.snakeyaml.composer.Composer.composeValueNode(Composer.java:369) ~[snakeyaml-2.2.jar:?]
	at org.yaml.snakeyaml.composer.Composer.composeMappingChildren(Composer.java:348) ~[snakeyaml-2.2.jar:?]
	at org.yaml.snakeyaml.composer.Composer.composeMappingNode(Composer.java:323) ~[snakeyaml-2.2.jar:?]
	at org.yaml.snakeyaml.composer.Composer.composeNode(Composer.java:209) ~[snakeyaml-2.2.jar:?]
	at org.yaml.snakeyaml.composer.Composer.composeValueNode(Composer.java:369) ~[snakeyaml-2.2.jar:?]
	at org.yaml.snakeyaml.composer.Composer.composeMappingChildren(Composer.java:348) ~[snakeyaml-2.2.jar:?]
	at org.yaml.snakeyaml.composer.Composer.composeMappingNode(Composer.java:323) ~[snakeyaml-2.2.jar:?]
	at org.yaml.snakeyaml.composer.Composer.composeNode(Composer.java:209) ~[snakeyaml-2.2.jar:?]
	at org.yaml.snakeyaml.composer.Composer.composeValueNode(Composer.java:369) ~[snakeyaml-2.2.jar:?]
	at org.yaml.snakeyaml.composer.Composer.composeMappingChildren(Composer.java:348) ~[snakeyaml-2.2.jar:?]
	at org.yaml.snakeyaml.composer.Composer.composeMappingNode(Composer.java:323) ~[snakeyaml-2.2.jar:?]
	at org.yaml.snakeyaml.composer.Composer.composeNode(Composer.java:209) ~[snakeyaml-2.2.jar:?]
	at org.yaml.snakeyaml.composer.Composer.composeValueNode(Composer.java:369) ~[snakeyaml-2.2.jar:?]
	at org.yaml.snakeyaml.composer.Composer.composeMappingChildren(Composer.java:348) ~[snakeyaml-2.2.jar:?]
	at org.yaml.snakeyaml.composer.Composer.composeMappingNode(Composer.java:323) ~[snakeyaml-2.2.jar:?]
	at org.yaml.snakeyaml.composer.Composer.composeNode(Composer.java:209) ~[snakeyaml-2.2.jar:?]
	at org.yaml.snakeyaml.composer.Composer.getNode(Composer.java:131) ~[snakeyaml-2.2.jar:?]
	at org.yaml.snakeyaml.composer.Composer.getSingleNode(Composer.java:157) ~[snakeyaml-2.2.jar:?]
	at org.yaml.snakeyaml.Yaml.compose(Yaml.java:575) ~[snakeyaml-2.2.jar:?]
	at org.bukkit.configuration.file.YamlConfiguration.loadFromString(YamlConfiguration.java:105) ~[paper-api-1.21.10-R0.1-SNAPSHOT.jar:?]
	... 11 more
[06:25:09 ERROR]: Cannot load plugins/CommandPanels/panels/minas.yml
org.bukkit.configuration.InvalidConfigurationException: while parsing a block collection
 in 'reader', line 115, column 11:
              - '§7| &fᴜɴᴀ ᴍɪɴᴀ ᴅᴇ ɴɪᴠᴇʟ ᴘɪxᴇʟᴀᴛᴏ'
              ^
expected <block end>, but found '?'
 in 'reader', line 124, column 11:
              Skulls:ID: 586
              ^

	at org.bukkit.configuration.file.YamlConfiguration.loadFromString(YamlConfiguration.java:112) ~[paper-api-1.21.10-R0.1-SNAPSHOT.jar:?]
	at org.bukkit.configuration.file.FileConfiguration.load(FileConfiguration.java:160) ~[paper-api-1.21.10-R0.1-SNAPSHOT.jar:?]
	at org.bukkit.configuration.file.FileConfiguration.load(FileConfiguration.java:128) ~[paper-api-1.21.10-R0.1-SNAPSHOT.jar:?]
	at org.bukkit.configuration.file.YamlConfiguration.loadConfiguration(YamlConfiguration.java:310) ~[paper-api-1.21.10-R0.1-SNAPSHOT.jar:?]
	at CommandPanels.jar/me.rockyhawk.commandpanels.commands.ReloadCommand.fileNamesFromDirectory(ReloadCommand.java:102) ~[CommandPanels.jar:?]
	at CommandPanels.jar/me.rockyhawk.commandpanels.commands.ReloadCommand.reloadPanelFiles(ReloadCommand.java:77) ~[CommandPanels.jar:?]
	at CommandPanels.jar/me.rockyhawk.commandpanels.commands.ReloadCommand.lambda$onCommand$1(ReloadCommand.java:35) ~[CommandPanels.jar:?]
	at CommandPanels.jar/me.rockyhawk.commandpanels.manager.refresh.SchedulerAdapter.lambda$runTaskAsynchronously$6(SchedulerAdapter.java:114) ~[CommandPanels.jar:?]
	at io.papermc.paper.threadedregions.scheduler.FoliaAsyncScheduler$AsyncScheduledTask.run(FoliaAsyncScheduler.java:216) ~[paper-1.21.10.jar:?]
	at java.base/java.util.concurrent.ThreadPoolExecutor.runWorker(ThreadPoolExecutor.java:1090) ~[?:?]
	at java.base/java.util.concurrent.ThreadPoolExecutor$Worker.run(ThreadPoolExecutor.java:614) ~[?:?]
	at java.base/java.lang.Thread.run(Thread.java:1474) ~[?:?]
Caused by: org.yaml.snakeyaml.parser.ParserException: while parsing a block collection
 in 'reader', line 115, column 11:
              - '§7| &fᴜɴᴀ ᴍɪɴᴀ ᴅᴇ ɴɪᴠᴇʟ ᴘɪxᴇʟᴀᴛᴏ'
              ^
expected <block end>, but found '?'
 in 'reader', line 124, column 11:
              Skulls:ID: 586
              ^

	at org.yaml.snakeyaml.parser.ParserImpl$ParseBlockSequenceEntryKey.produce(ParserImpl.java:548) ~[snakeyaml-2.2.jar:?]
	at org.yaml.snakeyaml.parser.ParserImpl.peekEvent(ParserImpl.java:161) ~[snakeyaml-2.2.jar:?]
	at org.yaml.snakeyaml.comments.CommentEventsCollector$1.peek(CommentEventsCollector.java:57) ~[snakeyaml-2.2.jar:?]
	at org.yaml.snakeyaml.comments.CommentEventsCollector$1.peek(CommentEventsCollector.java:43) ~[snakeyaml-2.2.jar:?]
	at org.yaml.snakeyaml.comments.CommentEventsCollector.collectEvents(CommentEventsCollector.java:136) ~[snakeyaml-2.2.jar:?]
	at org.yaml.snakeyaml.comments.CommentEventsCollector.collectEvents(CommentEventsCollector.java:116) ~[snakeyaml-2.2.jar:?]
	at org.yaml.snakeyaml.composer.Composer.composeScalarNode(Composer.java:241) ~[snakeyaml-2.2.jar:?]
	at org.yaml.snakeyaml.composer.Composer.composeNode(Composer.java:205) ~[snakeyaml-2.2.jar:?]
	at org.yaml.snakeyaml.composer.Composer.composeSequenceNode(Composer.java:277) ~[snakeyaml-2.2.jar:?]
	at org.yaml.snakeyaml.composer.Composer.composeNode(Composer.java:207) ~[snakeyaml-2.2.jar:?]
	at org.yaml.snakeyaml.composer.Composer.composeValueNode(Composer.java:369) ~[snakeyaml-2.2.jar:?]
	at org.yaml.snakeyaml.composer.Composer.composeMappingChildren(Composer.java:348) ~[snakeyaml-2.2.jar:?]
	at org.yaml.snakeyaml.composer.Composer.composeMappingNode(Composer.java:323) ~[snakeyaml-2.2.jar:?]
	at org.yaml.snakeyaml.composer.Composer.composeNode(Composer.java:209) ~[snakeyaml-2.2.jar:?]
	at org.yaml.snakeyaml.composer.Composer.composeValueNode(Composer.java:369) ~[snakeyaml-2.2.jar:?]
	at org.yaml.snakeyaml.composer.Composer.composeMappingChildren(Composer.java:348) ~[snakeyaml-2.2.jar:?]
	at org.yaml.snakeyaml.composer.Composer.composeMappingNode(Composer.java:323) ~[snakeyaml-2.2.jar:?]
	at org.yaml.snakeyaml.composer.Composer.composeNode(Composer.java:209) ~[snakeyaml-2.2.jar:?]
	at org.yaml.snakeyaml.composer.Composer.composeValueNode(Composer.java:369) ~[snakeyaml-2.2.jar:?]
	at org.yaml.snakeyaml.composer.Composer.composeMappingChildren(Composer.java:348) ~[snakeyaml-2.2.jar:?]
	at org.yaml.snakeyaml.composer.Composer.composeMappingNode(Composer.java:323) ~[snakeyaml-2.2.jar:?]
	at org.yaml.snakeyaml.composer.Composer.composeNode(Composer.java:209) ~[snakeyaml-2.2.jar:?]
	at org.yaml.snakeyaml.composer.Composer.composeValueNode(Composer.java:369) ~[snakeyaml-2.2.jar:?]
	at org.yaml.snakeyaml.composer.Composer.composeMappingChildren(Composer.java:348) ~[snakeyaml-2.2.jar:?]
	at org.yaml.snakeyaml.composer.Composer.composeMappingNode(Composer.java:323) ~[snakeyaml-2.2.jar:?]
	at org.yaml.snakeyaml.composer.Composer.composeNode(Composer.java:209) ~[snakeyaml-2.2.jar:?]
	at org.yaml.snakeyaml.composer.Composer.composeValueNode(Composer.java:369) ~[snakeyaml-2.2.jar:?]
	at org.yaml.snakeyaml.composer.Composer.composeMappingChildren(Composer.java:348) ~[snakeyaml-2.2.jar:?]
	at org.yaml.snakeyaml.composer.Composer.composeMappingNode(Composer.java:323) ~[snakeyaml-2.2.jar:?]
	at org.yaml.snakeyaml.composer.Composer.composeNode(Composer.java:209) ~[snakeyaml-2.2.jar:?]
	at org.yaml.snakeyaml.composer.Composer.getNode(Composer.java:131) ~[snakeyaml-2.2.jar:?]
	at org.yaml.snakeyaml.composer.Composer.getSingleNode(Composer.java:157) ~[snakeyaml-2.2.jar:?]
	at org.yaml.snakeyaml.Yaml.compose(Yaml.java:575) ~[snakeyaml-2.2.jar:?]
	at org.bukkit.configuration.file.YamlConfiguration.loadFromString(YamlConfiguration.java:105) ~[paper-api-1.21.10-R0.1-SNAPSHOT.jar:?]
	... 11 more
[06:25:09 INFO]: [38;2;255;85;85mError in file: minas.yml[0m
[06:25:09 INFO]: [CommandPanels][38;2;255;85;85m Error in: minas.yml[0m
[06:25:10 INFO]: apolofs issued server command: /cp minas
[06:26:15 INFO]: apolofs issued server command: /cp minas
[06:26:16 INFO]: apolofs issued server command: /cpr
[06:26:17 INFO]: apolofs issued server command: /cp minas
[06:26:33 INFO]: XVaults Data Auto-Saved.
[06:26:58 INFO]: apolofs issued server command: /zmenu open zmenu:recompensas
[06:27:17 INFO]: apolofs issued server command: /zmenu open zmenu:recompensas
[06:27:21 INFO]: apolofs issued server command: /cp minas
[06:29:19 INFO]: apolofs issued server command: /cpr
[06:29:20 INFO]: apolofs issued server command: /cp minas
[06:30:03 INFO]: apolofs issued server command: /cpr
[06:30:04 INFO]: apolofs issued server command: /cp minas
[06:31:17 INFO]: apolofs issued server command: /cpr
[06:31:18 INFO]: apolofs issued server command: /cp minas
[06:31:33 INFO]: [BattlePass] [STDOUT] Leaderboards reloaded in 10 ms
[06:31:33 WARN]: Nag author(s): '[]' of 'BattlePass v5.0.3' about their usage of System.out/err.print. Please use your plugin's logger instead (JavaPlugin#getLogger).
[06:32:07 INFO]: apolofs issued server command: /cpr
[06:32:08 INFO]: apolofs issued server command: /cp minas
[06:33:00 INFO]: apolofs issued server command: /bp
[06:33:00 INFO]: apolofs issued server command: /bp
[06:33:08 INFO]: apolofs issued server command: /reward
[06:34:51 INFO]: apolofs issued server command: /cp minas
[06:35:51 INFO]: apolofs lost connection: Disconnected
[06:35:51 INFO]: [38;2;255;0;0mapolofs has left the server![0m
[06:41:33 INFO]: XVaults Data Auto-Saved.
[06:41:33 INFO]: [BattlePass] [STDOUT] Leaderboards reloaded in 11 ms
[06:41:33 WARN]: Nag author(s): '[]' of 'BattlePass v5.0.3' about their usage of System.out/err.print. Please use your plugin's logger instead (JavaPlugin#getLogger).
[06:51:33 INFO]: [BattlePass] [STDOUT] Leaderboards reloaded in 8 ms
[06:51:33 WARN]: Nag author(s): '[]' of 'BattlePass v5.0.3' about their usage of System.out/err.print. Please use your plugin's logger instead (JavaPlugin#getLogger).
[06:56:33 INFO]: XVaults Data Auto-Saved.
[07:01:33 INFO]: [BattlePass] [STDOUT] Leaderboards reloaded in 5 ms
[07:01:33 WARN]: Nag author(s): '[]' of 'BattlePass v5.0.3' about their usage of System.out/err.print. Please use your plugin's logger instead (JavaPlugin#getLogger).
